game_id,timestamp,config,winner,team1_score,team2_score,total_rounds,game_duration,team1_players,team2_players,datetime,date,hour
21cd6ff4-b15e-4416-b680-c54e36504e06,1754980189.9908736,aggressive_vs_balanced,team2,4,10,14,0.9218811988830566,"[['North', 'aggressive', 0.8], ['South', 'aggressive', 0.8]]","[['East', 'balanced', 0.5], ['West', 'balanced', 0.5]]",2025-08-12 06:29:49.990873575,2025-08-12,6
a706bde4-ba9c-4522-bd2e-afb395eaf689,1754980208.8323243,opportunistic_vs_aggressive,team2,6,10,16,4.296562910079956,"[['North', 'opportunistic', 0.7], ['South', 'opportunistic', 0.7]]","[['East', 'aggressive', 0.8], ['West', 'aggressive', 0.8]]",2025-08-12 06:30:08.832324266,2025-08-12,6
039b9216-71ba-462b-a3bd-93b391052c9d,1754980185.091789,aggressive_vs_conservative,team2,3,10,13,3.142909526824951,"[['North', 'aggressive', 0.8], ['South', 'aggressive', 0.8]]","[['East', 'conservative', 0.2], ['West', 'conservative', 0.2]]",2025-08-12 06:29:45.091789007,2025-08-12,6
a475e3bd-edd3-4e73-b4f3-dae700fc442d,1754980191.044748,aggressive_vs_balanced,team2,6,10,16,1.9757328033447266,"[['North', 'aggressive', 0.8], ['South', 'aggressive', 0.8]]","[['East', 'balanced', 0.5], ['West', 'balanced', 0.5]]",2025-08-12 06:29:51.044748068,2025-08-12,6
31b2fe56-403b-4b98-ac2a-68c469ee6a26,1754978152.2309697,opportunistic_vs_aggressive,team2,6,10,16,0.6551487445831299,"[['North', 'opportunistic', 0.7], ['South', 'opportunistic', 0.7]]","[['East', 'aggressive', 0.8], ['West', 'aggressive', 0.8]]",2025-08-12 05:55:52.230969667,2025-08-12,5
44a79545-bdfa-48fe-8ffc-eb37ddf65475,1754978158.3584638,mixed_vs_mixed,team1,10,7,17,3.5587823390960693,"[['North', 'aggressive', 0.8], ['South', 'conservative', 0.2]]","[['East', 'balanced', 0.5], ['West', 'opportunistic', 0.7]]",2025-08-12 05:55:58.358463764,2025-08-12,5
a8239927-9f6a-4653-ac2c-a06a4777f2a7,1754978147.5586812,conservative_vs_balanced,team2,8,10,18,1.026520013809204,"[['North', 'conservative', 0.2], ['South', 'conservative', 0.2]]","[['East', 'balanced', 0.5], ['West', 'balanced', 0.5]]",2025-08-12 05:55:47.558681250,2025-08-12,5
4d7f903b-a919-42f7-9f54-1a5bdc5ac330,1754980292.4712806,conservative_vs_balanced,team2,3,10,13,2.670307159423828,"[['North', 'conservative', 0.2], ['South', 'conservative', 0.2]]","[['East', 'balanced', 0.5], ['West', 'balanced', 0.5]]",2025-08-12 06:31:32.471280575,2025-08-12,6
3919def1-34e3-4ecf-aaa2-1e83863717c4,1754978158.3947196,mixed_vs_mixed,team2,9,10,19,3.5950400829315186,"[['North', 'aggressive', 0.8], ['South', 'conservative', 0.2]]","[['East', 'balanced', 0.5], ['West', 'opportunistic', 0.7]]",2025-08-12 05:55:58.394719601,2025-08-12,5
80d03875-1113-41b5-9ee5-77ea76d8bbed,1754980206.6804876,opportunistic_vs_aggressive,team2,8,10,18,2.144775629043579,"[['North', 'opportunistic', 0.7], ['South', 'opportunistic', 0.7]]","[['East', 'aggressive', 0.8], ['West', 'aggressive', 0.8]]",2025-08-12 06:30:06.680487633,2025-08-12,6
dcbf5e2a-99a7-46c9-9cf9-d49f3c2de424,1754978151.4822216,conservative_vs_balanced,team2,9,10,19,4.949908494949341,"[['North', 'conservative', 0.2], ['South', 'conservative', 0.2]]","[['East', 'balanced', 0.5], ['West', 'balanced', 0.5]]",2025-08-12 05:55:51.482221603,2025-08-12,5
5c9d0fa1-038b-462b-87cd-ee493b1e7fb4,1754980214.5538855,mixed_vs_mixed,team2,4,10,14,3.250567674636841,"[['North', 'aggressive', 0.8], ['South', 'conservative', 0.2]]","[['East', 'balanced', 0.5], ['West', 'opportunistic', 0.7]]",2025-08-12 06:30:14.553885460,2025-08-12,6
36f48371-bc01-4fcb-bf23-961c0c417a71,1754978152.2187383,opportunistic_vs_aggressive,team2,5,10,15,0.6429347991943359,"[['North', 'opportunistic', 0.7], ['South', 'opportunistic', 0.7]]","[['East', 'aggressive', 0.8], ['West', 'aggressive', 0.8]]",2025-08-12 05:55:52.218738317,2025-08-12,5
399967ec-8c3b-43b4-a04d-0b2b1ed99884,1754978156.640896,mixed_vs_mixed,team1,10,8,18,1.8412823677062988,"[['North', 'aggressive', 0.8], ['South', 'conservative', 0.2]]","[['East', 'balanced', 0.5], ['West', 'opportunistic', 0.7]]",2025-08-12 05:55:56.640896082,2025-08-12,5
de9e033b-865e-4581-8cd4-e0ecdb5624fb,1754980205.98721,opportunistic_vs_aggressive,team1,10,9,19,1.4515235424041748,"[['North', 'opportunistic', 0.7], ['South', 'opportunistic', 0.7]]","[['East', 'aggressive', 0.8], ['West', 'aggressive', 0.8]]",2025-08-12 06:30:05.987210035,2025-08-12,6
72ee9954-f2a7-44d5-98ca-a88af958240a,1754980300.4629884,mixed_vs_mixed,team1,10,6,16,3.2275991439819336,"[['North', 'aggressive', 0.8], ['South', 'conservative', 0.2]]","[['East', 'balanced', 0.5], ['West', 'opportunistic', 0.7]]",2025-08-12 06:31:40.462988377,2025-08-12,6
4bd7df4c-4b1e-4978-8439-5e62638023de,1754980215.8940685,mixed_vs_mixed,team2,8,10,18,4.590725898742676,"[['North', 'aggressive', 0.8], ['South', 'conservative', 0.2]]","[['East', 'balanced', 0.5], ['West', 'opportunistic', 0.7]]",2025-08-12 06:30:15.894068480,2025-08-12,6
e31267fb-3a92-46ca-8749-9466e74f0735,1754978143.776755,aggressive_vs_balanced,team2,2,10,12,1.092390537261963,"[['North', 'aggressive', 0.8], ['South', 'aggressive', 0.8]]","[['East', 'balanced', 0.5], ['West', 'balanced', 0.5]]",2025-08-12 05:55:43.776755095,2025-08-12,5
74c27cb8-4ee3-438b-b512-a471d1f70115,1754978156.5576658,mixed_vs_mixed,team2,6,10,16,1.7580561637878418,"[['North', 'aggressive', 0.8], ['South', 'conservative', 0.2]]","[['East', 'balanced', 0.5], ['West', 'opportunistic', 0.7]]",2025-08-12 05:55:56.557665825,2025-08-12,5
313d5ce9-9584-40d0-9b01-58f9ee8fdef2,1754980210.0034034,opportunistic_vs_aggressive,team1,10,5,15,5.467605829238892,"[['North', 'opportunistic', 0.7], ['South', 'opportunistic', 0.7]]","[['East', 'aggressive', 0.8], ['West', 'aggressive', 0.8]]",2025-08-12 06:30:10.003403425,2025-08-12,6
fce7fc45-b105-4ad9-836e-3880c187d059,1754978140.6708922,aggressive_vs_conservative,team1,10,9,19,2.372019052505493,"[['North', 'aggressive', 0.8], ['South', 'aggressive', 0.8]]","[['East', 'conservative', 0.2], ['West', 'conservative', 0.2]]",2025-08-12 05:55:40.670892239,2025-08-12,5
be68af28-5101-422d-94cd-56243b2f01cd,1754980199.382615,conservative_vs_balanced,team2,9,10,19,4.371063470840454,"[['North', 'conservative', 0.2], ['South', 'conservative', 0.2]]","[['East', 'balanced', 0.5], ['West', 'balanced', 0.5]]",2025-08-12 06:29:59.382615089,2025-08-12,6
55f95918-ab7d-47bd-a96f-9d7b5753144e,1754980183.2760258,aggressive_vs_conservative,team2,8,10,18,1.3271996974945068,"[['North', 'aggressive', 0.8], ['South', 'aggressive', 0.8]]","[['East', 'conservative', 0.2], ['West', 'conservative', 0.2]]",2025-08-12 06:29:43.276025772,2025-08-12,6
48e27840-ac8a-4024-8508-854b2a8f554c,1754978149.0144937,conservative_vs_balanced,team1,10,5,15,2.482266664505005,"[['North', 'conservative', 0.2], ['South', 'conservative', 0.2]]","[['East', 'balanced', 0.5], ['West', 'balanced', 0.5]]",2025-08-12 05:55:49.014493704,2025-08-12,5
2328e521-2f69-4ec4-9a8c-b52057adf838,1754978141.264134,aggressive_vs_conservative,team1,10,9,19,2.9652373790740967,"[['North', 'aggressive', 0.8], ['South', 'aggressive', 0.8]]","[['East', 'conservative', 0.2], ['West', 'conservative', 0.2]]",2025-08-12 05:55:41.264133930,2025-08-12,5
173032db-eff5-4e93-af64-f590d649de26,1754980296.1510098,opportunistic_vs_aggressive,team1,10,9,19,2.001720666885376,"[['North', 'opportunistic', 0.7], ['South', 'opportunistic', 0.7]]","[['East', 'aggressive', 0.8], ['West', 'aggressive', 0.8]]",2025-08-12 06:31:36.151009798,2025-08-12,6
caefb8b3-81c4-4abf-b183-42ccc39fe9c4,1754980183.117559,aggressive_vs_conservative,team2,4,10,14,1.1687400341033936,"[['North', 'aggressive', 0.8], ['South', 'aggressive', 0.8]]","[['East', 'conservative', 0.2], ['West', 'conservative', 0.2]]",2025-08-12 06:29:43.117558956,2025-08-12,6
40befa7c-3650-4963-bae3-1c49735077fb,1754980208.7581728,opportunistic_vs_aggressive,team2,3,10,13,4.222403049468994,"[['North', 'opportunistic', 0.7], ['South', 'opportunistic', 0.7]]","[['East', 'aggressive', 0.8], ['West', 'aggressive', 0.8]]",2025-08-12 06:30:08.758172750,2025-08-12,6
897cf10b-a169-430f-8052-03348b36e5bc,1754980211.2388332,opportunistic_vs_aggressive,team2,8,10,18,6.702996253967285,"[['North', 'opportunistic', 0.7], ['South', 'opportunistic', 0.7]]","[['East', 'aggressive', 0.8], ['West', 'aggressive', 0.8]]",2025-08-12 06:30:11.238833189,2025-08-12,6
2a586e21-f522-477c-9209-acab02ab95c5,1754980192.8204994,aggressive_vs_balanced,team1,10,6,16,3.7514259815216064,"[['North', 'aggressive', 0.8], ['South', 'aggressive', 0.8]]","[['East', 'balanced', 0.5], ['West', 'balanced', 0.5]]",2025-08-12 06:29:52.820499420,2025-08-12,6
035b0728-d3be-4264-a9a9-937973b5d0cf,1754978139.1362758,aggressive_vs_conservative,team2,4,10,14,0.8374443054199219,"[['North', 'aggressive', 0.8], ['South', 'aggressive', 0.8]]","[['East', 'conservative', 0.2], ['West', 'conservative', 0.2]]",2025-08-12 05:55:39.136275768,2025-08-12,5
b65e19f7-ff3c-4cfe-b70c-2d4c7593f73b,1754978145.1891563,aggressive_vs_balanced,team2,6,10,16,2.5047454833984375,"[['North', 'aggressive', 0.8], ['South', 'aggressive', 0.8]]","[['East', 'balanced', 0.5], ['West', 'balanced', 0.5]]",2025-08-12 05:55:45.189156294,2025-08-12,5
87434f47-3721-4eb8-993a-e2efd098b58e,1754980193.7092292,aggressive_vs_balanced,team2,7,10,17,4.6401283740997314,"[['North', 'aggressive', 0.8], ['South', 'aggressive', 0.8]]","[['East', 'balanced', 0.5], ['West', 'balanced', 0.5]]",2025-08-12 06:29:53.709229231,2025-08-12,6
d42b83c1-c9df-45ad-b8df-ecc69a20c09c,1754978149.052411,conservative_vs_balanced,team1,10,8,18,2.5201945304870605,"[['North', 'conservative', 0.2], ['South', 'conservative', 0.2]]","[['East', 'balanced', 0.5], ['West', 'balanced', 0.5]]",2025-08-12 05:55:49.052411079,2025-08-12,5
811c38c5-e893-4223-8d41-64371ccd1947,1754980183.2519577,aggressive_vs_conservative,team1,10,6,16,1.3031342029571533,"[['North', 'aggressive', 0.8], ['South', 'aggressive', 0.8]]","[['East', 'conservative', 0.2], ['West', 'conservative', 0.2]]",2025-08-12 06:29:43.251957655,2025-08-12,6
02956fed-5d7a-40ee-aaf0-49341574adf3,1754978144.0174134,aggressive_vs_balanced,team2,7,10,17,1.3330435752868652,"[['North', 'aggressive', 0.8], ['South', 'aggressive', 0.8]]","[['East', 'balanced', 0.5], ['West', 'balanced', 0.5]]",2025-08-12 05:55:44.017413378,2025-08-12,5
a4f8152b-37c6-4ab1-8353-7aa7cae396a0,1754980209.0924098,opportunistic_vs_aggressive,team1,10,8,18,4.5566370487213135,"[['North', 'opportunistic', 0.7], ['South', 'opportunistic', 0.7]]","[['East', 'aggressive', 0.8], ['West', 'aggressive', 0.8]]",2025-08-12 06:30:09.092409849,2025-08-12,6
7fc35ece-1e1d-4b6b-96f3-6394027a34b1,1754978150.8795505,conservative_vs_balanced,team1,10,5,15,4.347265005111694,"[['North', 'conservative', 0.2], ['South', 'conservative', 0.2]]","[['East', 'balanced', 0.5], ['West', 'balanced', 0.5]]",2025-08-12 05:55:50.879550457,2025-08-12,5
542cb720-88d5-40b0-a961-b6e0553fbf70,1754978153.0573447,opportunistic_vs_aggressive,team2,5,10,15,1.481489658355713,"[['North', 'opportunistic', 0.7], ['South', 'opportunistic', 0.7]]","[['East', 'aggressive', 0.8], ['West', 'aggressive', 0.8]]",2025-08-12 05:55:53.057344675,2025-08-12,5
f15ad841-327c-43c8-a718-5a35ecadceb3,1754980288.6265624,aggressive_vs_balanced,team2,5,10,15,1.974656343460083,"[['North', 'aggressive', 0.8], ['South', 'aggressive', 0.8]]","[['East', 'balanced', 0.5], ['West', 'balanced', 0.5]]",2025-08-12 06:31:28.626562357,2025-08-12,6
8e1f3567-a57b-406f-8868-8c22f7acc4f9,1754980191.6489277,aggressive_vs_balanced,team1,10,6,16,2.5798916816711426,"[['North', 'aggressive', 0.8], ['South', 'aggressive', 0.8]]","[['East', 'balanced', 0.5], ['West', 'balanced', 0.5]]",2025-08-12 06:29:51.648927689,2025-08-12,6
7730b8f9-19d0-49d1-9602-e343f4ff5146,1754980289.431777,aggressive_vs_balanced,team1,10,9,19,2.7798540592193604,"[['North', 'aggressive', 0.8], ['South', 'aggressive', 0.8]]","[['East', 'balanced', 0.5], ['West', 'balanced', 0.5]]",2025-08-12 06:31:29.431777000,2025-08-12,6
23e1c627-fa19-4508-ab14-52be2ae809e5,1754980212.5450027,mixed_vs_mixed,team1,10,8,18,1.241853952407837,"[['North', 'aggressive', 0.8], ['South', 'conservative', 0.2]]","[['East', 'balanced', 0.5], ['West', 'opportunistic', 0.7]]",2025-08-12 06:30:12.545002699,2025-08-12,6
cd355ed6-d0f0-434e-b1f9-03b05bbbc057,1754980287.9443252,aggressive_vs_balanced,team2,9,10,19,1.2924408912658691,"[['North', 'aggressive', 0.8], ['South', 'aggressive', 0.8]]","[['East', 'balanced', 0.5], ['West', 'balanced', 0.5]]",2025-08-12 06:31:27.944325209,2025-08-12,6
1d2cd8b2-150a-422d-9520-628f59eb294d,1754978148.3303926,conservative_vs_balanced,team2,9,10,19,1.798206090927124,"[['North', 'conservative', 0.2], ['South', 'conservative', 0.2]]","[['East', 'balanced', 0.5], ['West', 'balanced', 0.5]]",2025-08-12 05:55:48.330392599,2025-08-12,5
433fccc7-9001-481e-9c71-a717e98aacac,1754980286.3344631,aggressive_vs_conservative,team2,7,10,17,3.5725812911987305,"[['North', 'aggressive', 0.8], ['South', 'aggressive', 0.8]]","[['East', 'conservative', 0.2], ['West', 'conservative', 0.2]]",2025-08-12 06:31:26.334463120,2025-08-12,6
f094db84-2a8e-4b7a-a1e3-ae566a80411c,1754978149.0595608,conservative_vs_balanced,team2,7,10,17,2.527336835861206,"[['North', 'conservative', 0.2], ['South', 'conservative', 0.2]]","[['East', 'balanced', 0.5], ['West', 'balanced', 0.5]]",2025-08-12 05:55:49.059560776,2025-08-12,5
8c9307a5-5983-4442-b3c5-0a8be9b2bbc9,1754978151.4342217,conservative_vs_balanced,team2,8,10,18,4.901909828186035,"[['North', 'conservative', 0.2], ['South', 'conservative', 0.2]]","[['East', 'balanced', 0.5], ['West', 'balanced', 0.5]]",2025-08-12 05:55:51.434221745,2025-08-12,5
c7c5d5a5-4453-48a4-8132-cd0061cb40ae,1754980296.7516499,opportunistic_vs_aggressive,team1,10,6,16,2.602328062057495,"[['North', 'opportunistic', 0.7], ['South', 'opportunistic', 0.7]]","[['East', 'aggressive', 0.8], ['West', 'aggressive', 0.8]]",2025-08-12 06:31:36.751649857,2025-08-12,6
af8f0672-6a37-487e-9737-02ddac504fdf,1754978146.4805152,aggressive_vs_balanced,team1,10,6,16,3.796039581298828,"[['North', 'aggressive', 0.8], ['South', 'aggressive', 0.8]]","[['East', 'balanced', 0.5], ['West', 'balanced', 0.5]]",2025-08-12 05:55:46.480515242,2025-08-12,5
e250dc50-e345-42b9-9695-36d75fe640d7,1754980191.8409479,aggressive_vs_balanced,team2,7,10,17,2.7719078063964844,"[['North', 'aggressive', 0.8], ['South', 'aggressive', 0.8]]","[['East', 'balanced', 0.5], ['West', 'balanced', 0.5]]",2025-08-12 06:29:51.840947866,2025-08-12,6
0eaa6867-a267-4677-951b-c8109fb18dcb,1754980199.7718773,conservative_vs_balanced,team2,4,10,14,4.760305881500244,"[['North', 'conservative', 0.2], ['South', 'conservative', 0.2]]","[['East', 'balanced', 0.5], ['West', 'balanced', 0.5]]",2025-08-12 06:29:59.771877289,2025-08-12,6
49250735-2935-41cc-8d03-e16ca2d90679,1754980212.4738207,mixed_vs_mixed,team2,5,10,15,1.1706595420837402,"[['North', 'aggressive', 0.8], ['South', 'conservative', 0.2]]","[['East', 'balanced', 0.5], ['West', 'opportunistic', 0.7]]",2025-08-12 06:30:12.473820686,2025-08-12,6
c3a8b479-a642-4fb2-acd2-f4018ef4aac1,1754980295.144307,opportunistic_vs_aggressive,team1,10,6,16,0.995042085647583,"[['North', 'opportunistic', 0.7], ['South', 'opportunistic', 0.7]]","[['East', 'aggressive', 0.8], ['West', 'aggressive', 0.8]]",2025-08-12 06:31:35.144306898,2025-08-12,6
5d0174d7-f5e6-4db2-ad16-4a9f808d5663,1754980217.3666756,mixed_vs_mixed,team2,4,10,14,6.063287258148193,"[['North', 'aggressive', 0.8], ['South', 'conservative', 0.2]]","[['East', 'balanced', 0.5], ['West', 'opportunistic', 0.7]]",2025-08-12 06:30:17.366675615,2025-08-12,6
ad495009-b518-4c95-91bc-f9175618974a,1754980190.9690013,aggressive_vs_balanced,team1,10,7,17,1.8999860286712646,"[['North', 'aggressive', 0.8], ['South', 'aggressive', 0.8]]","[['East', 'balanced', 0.5], ['West', 'balanced', 0.5]]",2025-08-12 06:29:50.969001293,2025-08-12,6
a77f1f5e-fea8-4fee-9f35-54b562eded8b,1754980194.6326642,aggressive_vs_balanced,team1,10,8,18,5.56350564956665,"[['North', 'aggressive', 0.8], ['South', 'aggressive', 0.8]]","[['East', 'balanced', 0.5], ['West', 'balanced', 0.5]]",2025-08-12 06:29:54.632664204,2025-08-12,6
c817485a-b86a-43c4-acb4-7e708425f987,1754980299.6144993,mixed_vs_mixed,team2,6,10,16,2.379145622253418,"[['North', 'aggressive', 0.8], ['South', 'conservative', 0.2]]","[['East', 'balanced', 0.5], ['West', 'opportunistic', 0.7]]",2025-08-12 06:31:39.614499331,2025-08-12,6
e81fcb17-80c8-499d-ba7a-e20ae2133879,1754980209.3009868,opportunistic_vs_aggressive,team2,3,10,13,4.765203952789307,"[['North', 'opportunistic', 0.7], ['South', 'opportunistic', 0.7]]","[['East', 'aggressive', 0.8], ['West', 'aggressive', 0.8]]",2025-08-12 06:30:09.300986767,2025-08-12,6
3273e448-4214-41c4-9fea-f09722eeadca,1754980192.8945882,aggressive_vs_balanced,team1,10,6,16,3.8255088329315186,"[['North', 'aggressive', 0.8], ['South', 'aggressive', 0.8]]","[['East', 'balanced', 0.5], ['West', 'balanced', 0.5]]",2025-08-12 06:29:52.894588232,2025-08-12,6
99c38fcd-6aa0-4783-9531-59c2c454e36f,1754978144.5484686,aggressive_vs_balanced,team2,6,10,16,1.8640739917755127,"[['North', 'aggressive', 0.8], ['South', 'aggressive', 0.8]]","[['East', 'balanced', 0.5], ['West', 'balanced', 0.5]]",2025-08-12 05:55:44.548468590,2025-08-12,5
6ec387a9-a750-4e06-86a6-a975fc38edb9,1754980196.836013,conservative_vs_balanced,team1,10,8,18,1.8245048522949219,"[['North', 'conservative', 0.2], ['South', 'conservative', 0.2]]","[['East', 'balanced', 0.5], ['West', 'balanced', 0.5]]",2025-08-12 06:29:56.836013079,2025-08-12,6
844e4a85-b4f0-4e35-a312-16f4795afec9,1754980288.9346151,aggressive_vs_balanced,team2,9,10,19,2.2826988697052,"[['North', 'aggressive', 0.8], ['South', 'aggressive', 0.8]]","[['East', 'balanced', 0.5], ['West', 'balanced', 0.5]]",2025-08-12 06:31:28.934615135,2025-08-12,6
9382dd7e-deec-4c23-99c8-bd0f86cc3802,1754980184.6118128,aggressive_vs_conservative,team1,10,6,16,2.6629433631896973,"[['North', 'aggressive', 0.8], ['South', 'aggressive', 0.8]]","[['East', 'conservative', 0.2], ['West', 'conservative', 0.2]]",2025-08-12 06:29:44.611812830,2025-08-12,6
be280467-82f4-4bc7-bca7-6f1da6fb1177,1754978150.7781534,conservative_vs_balanced,team2,9,10,19,4.245877265930176,"[['North', 'conservative', 0.2], ['South', 'conservative', 0.2]]","[['East', 'balanced', 0.5], ['West', 'balanced', 0.5]]",2025-08-12 05:55:50.778153419,2025-08-12,5
45b1adc0-c045-4aab-a3a1-cc64ec89a241,1754980191.8348758,aggressive_vs_balanced,team2,4,10,14,2.765824794769287,"[['North', 'aggressive', 0.8], ['South', 'aggressive', 0.8]]","[['East', 'balanced', 0.5], ['West', 'balanced', 0.5]]",2025-08-12 06:29:51.834875822,2025-08-12,6
6ee84fc1-40f3-4412-8e8d-8cc2c6639551,1754980185.6199996,aggressive_vs_conservative,team1,10,5,15,3.671112537384033,"[['North', 'aggressive', 0.8], ['South', 'aggressive', 0.8]]","[['East', 'conservative', 0.2], ['West', 'conservative', 0.2]]",2025-08-12 06:29:45.619999647,2025-08-12,6
f9e7d8fc-99da-4d03-8f3d-5d51c87e4179,1754978147.591163,conservative_vs_balanced,team1,10,8,18,1.0590224266052246,"[['North', 'conservative', 0.2], ['South', 'conservative', 0.2]]","[['East', 'balanced', 0.5], ['West', 'balanced', 0.5]]",2025-08-12 05:55:47.591162920,2025-08-12,5
012f2285-038a-48e9-9baa-6369248bd663,1754980187.7556455,aggressive_vs_conservative,team1,10,9,19,5.806706190109253,"[['North', 'aggressive', 0.8], ['South', 'aggressive', 0.8]]","[['East', 'conservative', 0.2], ['West', 'conservative', 0.2]]",2025-08-12 06:29:47.755645514,2025-08-12,6
2f76db91-1c14-4f62-8f96-ea359253ea3d,1754980209.948799,opportunistic_vs_aggressive,team2,7,10,17,5.413006782531738,"[['North', 'opportunistic', 0.7], ['South', 'opportunistic', 0.7]]","[['East', 'aggressive', 0.8], ['West', 'aggressive', 0.8]]",2025-08-12 06:30:09.948798895,2025-08-12,6
5bd72fd1-75aa-4e72-9184-ccc7f15b1a4c,1754980287.9505663,aggressive_vs_balanced,team2,9,10,19,1.2986798286437988,"[['North', 'aggressive', 0.8], ['South', 'aggressive', 0.8]]","[['East', 'balanced', 0.5], ['West', 'balanced', 0.5]]",2025-08-12 06:31:27.950566292,2025-08-12,6
f45d705f-c87b-4399-bd8d-414ad73dba61,1754980198.5124524,conservative_vs_balanced,team1,10,9,19,3.500910997390747,"[['North', 'conservative', 0.2], ['South', 'conservative', 0.2]]","[['East', 'balanced', 0.5], ['West', 'balanced', 0.5]]",2025-08-12 06:29:58.512452364,2025-08-12,6
c0fce5c7-4ba4-4163-9857-a0d93893ee6e,1754980298.3358018,mixed_vs_mixed,team2,4,10,14,1.1004819869995117,"[['North', 'aggressive', 0.8], ['South', 'conservative', 0.2]]","[['East', 'balanced', 0.5], ['West', 'opportunistic', 0.7]]",2025-08-12 06:31:38.335801840,2025-08-12,6
e8adcba0-1bbd-4354-a4a4-5cff27a1ff63,1754980213.2155702,mixed_vs_mixed,team2,4,10,14,1.9124014377593994,"[['North', 'aggressive', 0.8], ['South', 'conservative', 0.2]]","[['East', 'balanced', 0.5], ['West', 'opportunistic', 0.7]]",2025-08-12 06:30:13.215570211,2025-08-12,6
a177caa9-558c-4ee7-ad74-3218e663ca32,1754978142.5386677,aggressive_vs_conservative,team2,7,10,17,4.2397239208221436,"[['North', 'aggressive', 0.8], ['South', 'aggressive', 0.8]]","[['East', 'conservative', 0.2], ['West', 'conservative', 0.2]]",2025-08-12 05:55:42.538667679,2025-08-12,5
692a4069-ec5b-4b7a-be7c-427b011de13f,1754978139.1599553,aggressive_vs_conservative,team2,7,10,17,0.8611307144165039,"[['North', 'aggressive', 0.8], ['South', 'aggressive', 0.8]]","[['East', 'conservative', 0.2], ['West', 'conservative', 0.2]]",2025-08-12 05:55:39.159955263,2025-08-12,5
67a6153c-fc81-4098-93d7-e24dec96fe9a,1754980202.7860334,conservative_vs_balanced,team2,9,10,19,7.7744176387786865,"[['North', 'conservative', 0.2], ['South', 'conservative', 0.2]]","[['East', 'balanced', 0.5], ['West', 'balanced', 0.5]]",2025-08-12 06:30:02.786033392,2025-08-12,6
336f75bb-7a0f-4d41-9240-949de369b170,1754980194.601461,aggressive_vs_balanced,team1,10,8,18,5.532309532165527,"[['North', 'aggressive', 0.8], ['South', 'aggressive', 0.8]]","[['East', 'balanced', 0.5], ['West', 'balanced', 0.5]]",2025-08-12 06:29:54.601460934,2025-08-12,6
55bf8709-5f74-4df7-a061-33ef073a0abc,1754978144.4717958,aggressive_vs_balanced,team2,9,10,19,1.7874133586883545,"[['North', 'aggressive', 0.8], ['South', 'aggressive', 0.8]]","[['East', 'balanced', 0.5], ['West', 'balanced', 0.5]]",2025-08-12 05:55:44.471795797,2025-08-12,5
6f7f2d56-041e-47af-bb92-47cd59f10fc1,1754980293.5590057,conservative_vs_balanced,team1,10,6,16,3.7580161094665527,"[['North', 'conservative', 0.2], ['South', 'conservative', 0.2]]","[['East', 'balanced', 0.5], ['West', 'balanced', 0.5]]",2025-08-12 06:31:33.559005737,2025-08-12,6
385b7baf-c7dd-4886-9517-1f758c7d618b,1754978140.7572877,aggressive_vs_conservative,team1,10,7,17,2.4584057331085205,"[['North', 'aggressive', 0.8], ['South', 'aggressive', 0.8]]","[['East', 'conservative', 0.2], ['West', 'conservative', 0.2]]",2025-08-12 05:55:40.757287741,2025-08-12,5
e9e25ce9-a39c-488f-8e4e-1b0f540b3fc7,1754980185.6546266,aggressive_vs_conservative,team2,6,10,16,3.70573353767395,"[['North', 'aggressive', 0.8], ['South', 'aggressive', 0.8]]","[['East', 'conservative', 0.2], ['West', 'conservative', 0.2]]",2025-08-12 06:29:45.654626608,2025-08-12,6
3025701a-0cb8-4458-bcf7-56244b37ea22,1754978143.242607,aggressive_vs_balanced,team2,2,10,12,0.5582692623138428,"[['North', 'aggressive', 0.8], ['South', 'aggressive', 0.8]]","[['East', 'balanced', 0.5], ['West', 'balanced', 0.5]]",2025-08-12 05:55:43.242607117,2025-08-12,5
fb697358-206c-4b42-b8fd-55e6ea2ca821,1754980183.5211527,aggressive_vs_conservative,team2,9,10,19,1.5723183155059814,"[['North', 'aggressive', 0.8], ['South', 'aggressive', 0.8]]","[['East', 'conservative', 0.2], ['West', 'conservative', 0.2]]",2025-08-12 06:29:43.521152735,2025-08-12,6
56aecb38-7831-427a-9acc-9e2bff165475,1754978148.5003712,conservative_vs_balanced,team1,10,9,19,1.968174934387207,"[['North', 'conservative', 0.2], ['South', 'conservative', 0.2]]","[['East', 'balanced', 0.5], ['West', 'balanced', 0.5]]",2025-08-12 05:55:48.500371217,2025-08-12,5
dbd00497-0a92-4454-a62c-6f7b2c5d2bdd,1754980293.2293873,conservative_vs_balanced,team2,4,10,14,3.4284021854400635,"[['North', 'conservative', 0.2], ['South', 'conservative', 0.2]]","[['East', 'balanced', 0.5], ['West', 'balanced', 0.5]]",2025-08-12 06:31:33.229387283,2025-08-12,6
eaa2cd7b-c47d-4fc0-b8ad-11bc00470710,1754980296.001068,opportunistic_vs_aggressive,team2,7,10,17,1.851776123046875,"[['North', 'opportunistic', 0.7], ['South', 'opportunistic', 0.7]]","[['East', 'aggressive', 0.8], ['West', 'aggressive', 0.8]]",2025-08-12 06:31:36.001068115,2025-08-12,6
6e7ffa17-fcf0-4b97-afdd-85e0e95902ab,1754978140.4737494,aggressive_vs_conservative,team2,4,10,14,2.174870252609253,"[['North', 'aggressive', 0.8], ['South', 'aggressive', 0.8]]","[['East', 'conservative', 0.2], ['West', 'conservative', 0.2]]",2025-08-12 05:55:40.473749399,2025-08-12,5
09d2640b-d278-40eb-92b3-bc32884823c5,1754978145.672854,aggressive_vs_balanced,team1,10,6,16,2.9884212017059326,"[['North', 'aggressive', 0.8], ['South', 'aggressive', 0.8]]","[['East', 'balanced', 0.5], ['West', 'balanced', 0.5]]",2025-08-12 05:55:45.672853947,2025-08-12,5
384bee3f-1231-410e-854b-3743f1805cff,1754978152.2763634,opportunistic_vs_aggressive,team2,8,10,18,0.7005386352539062,"[['North', 'opportunistic', 0.7], ['South', 'opportunistic', 0.7]]","[['East', 'aggressive', 0.8], ['West', 'aggressive', 0.8]]",2025-08-12 05:55:52.276363373,2025-08-12,5
96316a96-f06b-4a04-9480-afdb6b88aef8,1754980299.6362565,mixed_vs_mixed,team2,7,10,17,2.400902032852173,"[['North', 'aggressive', 0.8], ['South', 'conservative', 0.2]]","[['East', 'balanced', 0.5], ['West', 'opportunistic', 0.7]]",2025-08-12 06:31:39.636256456,2025-08-12,6
8dceecba-b5f5-4224-89a5-f75bf5ca1adf,1754980215.1930068,mixed_vs_mixed,team1,10,4,14,3.8896777629852295,"[['North', 'aggressive', 0.8], ['South', 'conservative', 0.2]]","[['East', 'balanced', 0.5], ['West', 'opportunistic', 0.7]]",2025-08-12 06:30:15.193006754,2025-08-12,6
834c85ab-3498-4320-8e19-35a2aa4583ad,1754980190.165729,aggressive_vs_balanced,team1,10,5,15,1.0967345237731934,"[['North', 'aggressive', 0.8], ['South', 'aggressive', 0.8]]","[['East', 'balanced', 0.5], ['West', 'balanced', 0.5]]",2025-08-12 06:29:50.165729046,2025-08-12,6
1212e632-6ef2-4986-bb08-4d3335ef1f54,1754980209.621515,opportunistic_vs_aggressive,team1,10,3,13,5.085724353790283,"[['North', 'opportunistic', 0.7], ['South', 'opportunistic', 0.7]]","[['East', 'aggressive', 0.8], ['West', 'aggressive', 0.8]]",2025-08-12 06:30:09.621515036,2025-08-12,6
c9240a70-7db0-40d9-8b8a-aa53440aa14e,1754978157.4355307,mixed_vs_mixed,team2,9,10,19,2.6358907222747803,"[['North', 'aggressive', 0.8], ['South', 'conservative', 0.2]]","[['East', 'balanced', 0.5], ['West', 'opportunistic', 0.7]]",2025-08-12 05:55:57.435530663,2025-08-12,5
976a34c7-f3b6-4767-b140-6bf9c1966363,1754980289.463697,aggressive_vs_balanced,team1,10,8,18,2.811764717102051,"[['North', 'aggressive', 0.8], ['South', 'aggressive', 0.8]]","[['East', 'balanced', 0.5], ['West', 'balanced', 0.5]]",2025-08-12 06:31:29.463696957,2025-08-12,6
4dd5f808-28b0-4b6b-8371-fe092098eb59,1754980289.0092156,aggressive_vs_balanced,team1,10,9,19,2.3573014736175537,"[['North', 'aggressive', 0.8], ['South', 'aggressive', 0.8]]","[['East', 'balanced', 0.5], ['West', 'balanced', 0.5]]",2025-08-12 06:31:29.009215593,2025-08-12,6
fb3a9a77-96d8-48b8-a645-7383a28df9cf,1754978149.783774,conservative_vs_balanced,team2,7,10,17,3.251523733139038,"[['North', 'conservative', 0.2], ['South', 'conservative', 0.2]]","[['East', 'balanced', 0.5], ['West', 'balanced', 0.5]]",2025-08-12 05:55:49.783773899,2025-08-12,5
cbadeadc-0f55-43ae-835d-2f4886e4e45b,1754978140.1995692,aggressive_vs_conservative,team2,4,10,14,1.9007084369659424,"[['North', 'aggressive', 0.8], ['South', 'aggressive', 0.8]]","[['East', 'conservative', 0.2], ['West', 'conservative', 0.2]]",2025-08-12 05:55:40.199569225,2025-08-12,5
1fc5c85e-7eea-4886-91a0-d7e26c91b28d,1754980199.7922761,conservative_vs_balanced,team2,9,10,19,4.780721187591553,"[['North', 'conservative', 0.2], ['South', 'conservative', 0.2]]","[['East', 'balanced', 0.5], ['West', 'balanced', 0.5]]",2025-08-12 06:29:59.792276144,2025-08-12,6
eeb869e9-dc48-4aaf-b45a-e8ed26ed05cc,1754980196.3500779,conservative_vs_balanced,team2,2,10,12,1.3385677337646484,"[['North', 'conservative', 0.2], ['South', 'conservative', 0.2]]","[['East', 'balanced', 0.5], ['West', 'balanced', 0.5]]",2025-08-12 06:29:56.350077868,2025-08-12,6
add96852-e84d-487c-b816-3ea5102116da,1754978156.062364,mixed_vs_mixed,team2,7,10,17,1.2627670764923096,"[['North', 'aggressive', 0.8], ['South', 'conservative', 0.2]]","[['East', 'balanced', 0.5], ['West', 'opportunistic', 0.7]]",2025-08-12 05:55:56.062364101,2025-08-12,5
1e55e9c4-3dc7-4242-bf28-bff721679f43,1754980212.6972117,mixed_vs_mixed,team2,8,10,18,1.394059658050537,"[['North', 'aggressive', 0.8], ['South', 'conservative', 0.2]]","[['East', 'balanced', 0.5], ['West', 'opportunistic', 0.7]]",2025-08-12 06:30:12.697211742,2025-08-12,6
74531eea-203a-416d-a722-74fceedbba78,1754980202.7028224,conservative_vs_balanced,team2,8,10,18,7.691210508346558,"[['North', 'conservative', 0.2], ['South', 'conservative', 0.2]]","[['East', 'balanced', 0.5], ['West', 'balanced', 0.5]]",2025-08-12 06:30:02.702822447,2025-08-12,6
ef20716a-b5ae-4970-a3ed-b3cc5f7003e0,1754980214.5846984,mixed_vs_mixed,team1,10,9,19,3.2813947200775146,"[['North', 'aggressive', 0.8], ['South', 'conservative', 0.2]]","[['East', 'balanced', 0.5], ['West', 'opportunistic', 0.7]]",2025-08-12 06:30:14.584698439,2025-08-12,6
fca0cc36-26a5-442d-aa6c-2ccd5994af5e,1754980298.5803435,mixed_vs_mixed,team1,10,7,17,1.3450171947479248,"[['North', 'aggressive', 0.8], ['South', 'conservative', 0.2]]","[['East', 'balanced', 0.5], ['West', 'opportunistic', 0.7]]",2025-08-12 06:31:38.580343485,2025-08-12,6
d837eaf5-aa1e-4e67-97e1-d7c3d3363235,1754980185.2963817,aggressive_vs_conservative,team2,1,10,11,3.347490072250366,"[['North', 'aggressive', 0.8], ['South', 'aggressive', 0.8]]","[['East', 'conservative', 0.2], ['West', 'conservative', 0.2]]",2025-08-12 06:29:45.296381712,2025-08-12,6
fc4c8e5f-6a70-49f9-b35a-c2fcc6927753,1754980191.939922,aggressive_vs_balanced,team1,10,7,17,2.870872974395752,"[['North', 'aggressive', 0.8], ['South', 'aggressive', 0.8]]","[['East', 'balanced', 0.5], ['West', 'balanced', 0.5]]",2025-08-12 06:29:51.939922094,2025-08-12,6
ca446c0e-bb65-4315-8e5a-5a8d5bde0d10,1754980215.8816931,mixed_vs_mixed,team2,9,10,19,4.578354835510254,"[['North', 'aggressive', 0.8], ['South', 'conservative', 0.2]]","[['East', 'balanced', 0.5], ['West', 'opportunistic', 0.7]]",2025-08-12 06:30:15.881693125,2025-08-12,6
255aac44-015a-4e31-819d-780ebba3dff0,1754980193.5826943,aggressive_vs_balanced,team2,9,10,19,4.513607025146484,"[['North', 'aggressive', 0.8], ['South', 'aggressive', 0.8]]","[['East', 'balanced', 0.5], ['West', 'balanced', 0.5]]",2025-08-12 06:29:53.582694292,2025-08-12,6
232f3722-b872-4fcc-b219-0c27b03fc0a0,1754978153.0997021,opportunistic_vs_aggressive,team2,5,10,15,1.5238418579101562,"[['North', 'opportunistic', 0.7], ['South', 'opportunistic', 0.7]]","[['East', 'aggressive', 0.8], ['West', 'aggressive', 0.8]]",2025-08-12 05:55:53.099702120,2025-08-12,5
358d6d28-9aea-4707-8869-8d6ef00963a1,1754980292.3081803,conservative_vs_balanced,team2,3,10,13,2.507221221923828,"[['North', 'conservative', 0.2], ['South', 'conservative', 0.2]]","[['East', 'balanced', 0.5], ['West', 'balanced', 0.5]]",2025-08-12 06:31:32.308180332,2025-08-12,6
04a353cb-6441-46e5-838f-a7e6dcc1c917,1754980215.0045996,mixed_vs_mixed,team1,10,3,13,3.7012743949890137,"[['North', 'aggressive', 0.8], ['South', 'conservative', 0.2]]","[['East', 'balanced', 0.5], ['West', 'opportunistic', 0.7]]",2025-08-12 06:30:15.004599571,2025-08-12,6
d9320db9-7ba0-4d48-abec-defeb73d0957,1754978153.6952093,opportunistic_vs_aggressive,team2,5,10,15,2.1193132400512695,"[['North', 'opportunistic', 0.7], ['South', 'opportunistic', 0.7]]","[['East', 'aggressive', 0.8], ['West', 'aggressive', 0.8]]",2025-08-12 05:55:53.695209265,2025-08-12,5
8f3f6b51-60e6-4e90-9bfa-46236aa6d882,1754978155.9246278,mixed_vs_mixed,team1,10,5,15,1.1250345706939697,"[['North', 'aggressive', 0.8], ['South', 'conservative', 0.2]]","[['East', 'balanced', 0.5], ['West', 'opportunistic', 0.7]]",2025-08-12 05:55:55.924627781,2025-08-12,5
0ec78cf9-02cf-4a78-965e-3a168cf878b3,1754978141.6872177,aggressive_vs_conservative,team2,4,10,14,3.388300657272339,"[['North', 'aggressive', 0.8], ['South', 'aggressive', 0.8]]","[['East', 'conservative', 0.2], ['West', 'conservative', 0.2]]",2025-08-12 05:55:41.687217712,2025-08-12,5
65afb9e3-cc65-4135-8941-b15b6b8e7dfc,1754978139.7542946,aggressive_vs_conservative,team1,10,6,16,1.4554522037506104,"[['North', 'aggressive', 0.8], ['South', 'aggressive', 0.8]]","[['East', 'conservative', 0.2], ['West', 'conservative', 0.2]]",2025-08-12 05:55:39.754294634,2025-08-12,5
5c86b4c5-36fb-48b1-b8a5-5170941f0b6e,1754978156.0827127,mixed_vs_mixed,team1,10,7,17,1.28312087059021,"[['North', 'aggressive', 0.8], ['South', 'conservative', 0.2]]","[['East', 'balanced', 0.5], ['West', 'opportunistic', 0.7]]",2025-08-12 05:55:56.082712650,2025-08-12,5
2d695506-b109-4fa8-9743-fff4b1613f62,1754980213.4875946,mixed_vs_mixed,team1,10,7,17,2.1844193935394287,"[['North', 'aggressive', 0.8], ['South', 'conservative', 0.2]]","[['East', 'balanced', 0.5], ['West', 'opportunistic', 0.7]]",2025-08-12 06:30:13.487594604,2025-08-12,6
84bf1a05-bd4d-434f-97cd-14c15494f5e5,1754978156.7142708,mixed_vs_mixed,team2,6,10,16,1.914651870727539,"[['North', 'aggressive', 0.8], ['South', 'conservative', 0.2]]","[['East', 'balanced', 0.5], ['West', 'opportunistic', 0.7]]",2025-08-12 05:55:56.714270830,2025-08-12,5
5812bcd0-3577-4cdf-842c-9dc75cbab30e,1754980286.6026127,aggressive_vs_conservative,team1,10,6,16,3.8407211303710938,"[['North', 'aggressive', 0.8], ['South', 'aggressive', 0.8]]","[['East', 'conservative', 0.2], ['West', 'conservative', 0.2]]",2025-08-12 06:31:26.602612734,2025-08-12,6
f2ebe9ae-5a0f-46c6-a6ca-6e3f62b117fb,1754980293.6177092,conservative_vs_balanced,team2,9,10,19,3.81673264503479,"[['North', 'conservative', 0.2], ['South', 'conservative', 0.2]]","[['East', 'balanced', 0.5], ['West', 'balanced', 0.5]]",2025-08-12 06:31:33.617709160,2025-08-12,6
33dfaf91-829c-4223-b0ef-03d039cf532e,1754978155.8968189,mixed_vs_mixed,team2,3,10,13,1.0972301959991455,"[['North', 'aggressive', 0.8], ['South', 'conservative', 0.2]]","[['East', 'balanced', 0.5], ['West', 'opportunistic', 0.7]]",2025-08-12 05:55:55.896818876,2025-08-12,5
0203f1c9-ba73-4caf-a1b6-1584e32b17ae,1754980215.2037978,mixed_vs_mixed,team1,10,9,19,3.9004790782928467,"[['North', 'aggressive', 0.8], ['South', 'conservative', 0.2]]","[['East', 'balanced', 0.5], ['West', 'opportunistic', 0.7]]",2025-08-12 06:30:15.203797817,2025-08-12,6
e3881b35-6096-4551-bb62-fcb7a23fcb73,1754980205.8734303,opportunistic_vs_aggressive,team2,8,10,18,1.3377268314361572,"[['North', 'opportunistic', 0.7], ['South', 'opportunistic', 0.7]]","[['East', 'aggressive', 0.8], ['West', 'aggressive', 0.8]]",2025-08-12 06:30:05.873430252,2025-08-12,6
0ba77b04-b426-4c30-8245-002542c09187,1754980184.1834893,aggressive_vs_conservative,team2,7,10,17,2.2346413135528564,"[['North', 'aggressive', 0.8], ['South', 'aggressive', 0.8]]","[['East', 'conservative', 0.2], ['West', 'conservative', 0.2]]",2025-08-12 06:29:44.183489323,2025-08-12,6
cdbcdfb3-214c-443b-9d3b-56aace79cd49,1754978157.8257873,mixed_vs_mixed,team2,9,10,19,3.026137590408325,"[['North', 'aggressive', 0.8], ['South', 'conservative', 0.2]]","[['East', 'balanced', 0.5], ['West', 'opportunistic', 0.7]]",2025-08-12 05:55:57.825787306,2025-08-12,5
0f4d8152-d6f8-4ea0-9d22-4a4e22f19896,1754980289.5675921,aggressive_vs_balanced,team1,10,8,18,2.915654420852661,"[['North', 'aggressive', 0.8], ['South', 'aggressive', 0.8]]","[['East', 'balanced', 0.5], ['West', 'balanced', 0.5]]",2025-08-12 06:31:29.567592144,2025-08-12,6
7c38f43b-5bac-45f1-8826-33649269e9a0,1754980300.268417,mixed_vs_mixed,team1,10,1,11,3.0330328941345215,"[['North', 'aggressive', 0.8], ['South', 'conservative', 0.2]]","[['East', 'balanced', 0.5], ['West', 'opportunistic', 0.7]]",2025-08-12 06:31:40.268416882,2025-08-12,6
9afa99d1-9c4c-449c-8157-cca9d6007cdc,1754980299.3172274,mixed_vs_mixed,team1,10,7,17,2.0818839073181152,"[['North', 'aggressive', 0.8], ['South', 'conservative', 0.2]]","[['East', 'balanced', 0.5], ['West', 'opportunistic', 0.7]]",2025-08-12 06:31:39.317227364,2025-08-12,6
67779979-0416-4791-b632-af57fb35a2bb,1754978156.9380803,mixed_vs_mixed,team2,5,10,15,2.1384570598602295,"[['North', 'aggressive', 0.8], ['South', 'conservative', 0.2]]","[['East', 'balanced', 0.5], ['West', 'opportunistic', 0.7]]",2025-08-12 05:55:56.938080311,2025-08-12,5
a367332a-d700-41d8-be94-6d0d7cadf997,1754980292.5218835,conservative_vs_balanced,team2,5,10,15,2.7209205627441406,"[['North', 'conservative', 0.2], ['South', 'conservative', 0.2]]","[['East', 'balanced', 0.5], ['West', 'balanced', 0.5]]",2025-08-12 06:31:32.521883487,2025-08-12,6
c1a190e7-0cb6-4b3d-9ab0-86808d7d5068,1754980286.321807,aggressive_vs_conservative,team2,7,10,17,3.5599212646484375,"[['North', 'aggressive', 0.8], ['South', 'aggressive', 0.8]]","[['East', 'conservative', 0.2], ['West', 'conservative', 0.2]]",2025-08-12 06:31:26.321806908,2025-08-12,6
1dd475ed-fa90-4963-b729-b97e757786e1,1754978155.9301703,mixed_vs_mixed,team1,10,8,18,1.1305885314941406,"[['North', 'aggressive', 0.8], ['South', 'conservative', 0.2]]","[['East', 'balanced', 0.5], ['West', 'opportunistic', 0.7]]",2025-08-12 05:55:55.930170298,2025-08-12,5
26ba6169-08e5-4eee-9dbd-477dcb280332,1754978143.9656012,aggressive_vs_balanced,team1,10,4,14,1.2812304496765137,"[['North', 'aggressive', 0.8], ['South', 'aggressive', 0.8]]","[['East', 'balanced', 0.5], ['West', 'balanced', 0.5]]",2025-08-12 05:55:43.965601206,2025-08-12,5
20a5b17d-17b7-4a04-8b57-9851a23ced65,1754980198.012023,conservative_vs_balanced,team2,8,10,18,3.0004971027374268,"[['North', 'conservative', 0.2], ['South', 'conservative', 0.2]]","[['East', 'balanced', 0.5], ['West', 'balanced', 0.5]]",2025-08-12 06:29:58.012022972,2025-08-12,6
6b5bb2f4-a14e-4a71-9e1a-055b28358221,1754978145.235424,aggressive_vs_balanced,team2,8,10,18,2.551011085510254,"[['North', 'aggressive', 0.8], ['South', 'aggressive', 0.8]]","[['East', 'balanced', 0.5], ['West', 'balanced', 0.5]]",2025-08-12 05:55:45.235424042,2025-08-12,5
bf1d39ce-d4ff-48ba-bd9b-7a2beaa67169,1754980193.4231365,aggressive_vs_balanced,team2,8,10,18,4.35405158996582,"[['North', 'aggressive', 0.8], ['South', 'aggressive', 0.8]]","[['East', 'balanced', 0.5], ['West', 'balanced', 0.5]]",2025-08-12 06:29:53.423136473,2025-08-12,6
8f66823b-95e6-4ad3-936c-3c33dc5cae1e,1754978144.013129,aggressive_vs_balanced,team1,10,6,16,1.3287601470947266,"[['North', 'aggressive', 0.8], ['South', 'aggressive', 0.8]]","[['East', 'balanced', 0.5], ['West', 'balanced', 0.5]]",2025-08-12 05:55:44.013128996,2025-08-12,5
d3fb8475-9cd7-4679-9509-911759696520,1754978152.7676857,opportunistic_vs_aggressive,team1,10,5,15,1.1918387413024902,"[['North', 'opportunistic', 0.7], ['South', 'opportunistic', 0.7]]","[['East', 'aggressive', 0.8], ['West', 'aggressive', 0.8]]",2025-08-12 05:55:52.767685652,2025-08-12,5
1bb7832e-1e1c-4178-8d9c-0b0636a84f58,1754978139.769277,aggressive_vs_conservative,team2,3,10,13,1.4704203605651855,"[['North', 'aggressive', 0.8], ['South', 'aggressive', 0.8]]","[['East', 'conservative', 0.2], ['West', 'conservative', 0.2]]",2025-08-12 05:55:39.769277096,2025-08-12,5
13022c6c-4631-4aec-a5e2-0aa5f82c598a,1754978153.7080173,opportunistic_vs_aggressive,team1,10,7,17,2.1321287155151367,"[['North', 'opportunistic', 0.7], ['South', 'opportunistic', 0.7]]","[['East', 'aggressive', 0.8], ['West', 'aggressive', 0.8]]",2025-08-12 05:55:53.708017349,2025-08-12,5
816a5bcd-4389-4504-938d-c0f9c368db03,1754978142.095456,aggressive_vs_conservative,team1,10,6,16,3.79652738571167,"[['North', 'aggressive', 0.8], ['South', 'aggressive', 0.8]]","[['East', 'conservative', 0.2], ['West', 'conservative', 0.2]]",2025-08-12 05:55:42.095455885,2025-08-12,5
fa51d163-ad0f-4ec7-ac83-248f585f874f,1754978158.4406059,mixed_vs_mixed,team2,7,10,17,3.640916109085083,"[['North', 'aggressive', 0.8], ['South', 'conservative', 0.2]]","[['East', 'balanced', 0.5], ['West', 'opportunistic', 0.7]]",2025-08-12 05:55:58.440605879,2025-08-12,5
6a9bc906-231d-4092-ad56-cdf43dfbb242,1754978143.8576462,aggressive_vs_balanced,team1,10,5,15,1.1732783317565918,"[['North', 'aggressive', 0.8], ['South', 'aggressive', 0.8]]","[['East', 'balanced', 0.5], ['West', 'balanced', 0.5]]",2025-08-12 05:55:43.857646227,2025-08-12,5
a573e5d0-c0bb-4f0c-b31a-b8a96d8b9954,1754978145.5756109,aggressive_vs_balanced,team1,10,4,14,2.891176462173462,"[['North', 'aggressive', 0.8], ['South', 'aggressive', 0.8]]","[['East', 'balanced', 0.5], ['West', 'balanced', 0.5]]",2025-08-12 05:55:45.575610876,2025-08-12,5
68da551a-4a7f-4f8a-9d80-66939601ffb3,1754980210.263658,opportunistic_vs_aggressive,team1,10,9,19,5.727855920791626,"[['North', 'opportunistic', 0.7], ['South', 'opportunistic', 0.7]]","[['East', 'aggressive', 0.8], ['West', 'aggressive', 0.8]]",2025-08-12 06:30:10.263658047,2025-08-12,6
74d1c2b6-6312-4b91-930a-8d76f4f29b73,1754980213.328332,mixed_vs_mixed,team1,10,8,18,2.0251684188842773,"[['North', 'aggressive', 0.8], ['South', 'conservative', 0.2]]","[['East', 'balanced', 0.5], ['West', 'opportunistic', 0.7]]",2025-08-12 06:30:13.328331947,2025-08-12,6
ccd0acfb-f478-4da5-a54a-a2fc3fb2bad9,1754980296.6525435,opportunistic_vs_aggressive,team1,10,7,17,2.503227949142456,"[['North', 'opportunistic', 0.7], ['South', 'opportunistic', 0.7]]","[['East', 'aggressive', 0.8], ['West', 'aggressive', 0.8]]",2025-08-12 06:31:36.652543545,2025-08-12,6
ab81d76a-f066-4fb1-84e4-c45f47f1d67b,1754978146.4957461,aggressive_vs_balanced,team1,10,6,16,3.8112661838531494,"[['North', 'aggressive', 0.8], ['South', 'aggressive', 0.8]]","[['East', 'balanced', 0.5], ['West', 'balanced', 0.5]]",2025-08-12 05:55:46.495746136,2025-08-12,5
e87d9b41-091e-4caf-a51c-32a0c232bd69,1754978156.879975,mixed_vs_mixed,team2,8,10,18,2.080352306365967,"[['North', 'aggressive', 0.8], ['South', 'conservative', 0.2]]","[['East', 'balanced', 0.5], ['West', 'opportunistic', 0.7]]",2025-08-12 05:55:56.879975080,2025-08-12,5
0348620d-ad28-4e86-a608-15bafe2846ed,1754980199.444544,conservative_vs_balanced,team1,10,5,15,4.432982921600342,"[['North', 'conservative', 0.2], ['South', 'conservative', 0.2]]","[['East', 'balanced', 0.5], ['West', 'balanced', 0.5]]",2025-08-12 06:29:59.444544077,2025-08-12,6
913e90b3-4f38-447c-a4cc-da7f27aea9fe,1754980299.3085368,mixed_vs_mixed,team2,5,10,15,2.073192596435547,"[['North', 'aggressive', 0.8], ['South', 'conservative', 0.2]]","[['East', 'balanced', 0.5], ['West', 'opportunistic', 0.7]]",2025-08-12 06:31:39.308536768,2025-08-12,6
c82edeae-80e2-4f10-a8aa-2e32898726f4,1754980201.191147,conservative_vs_balanced,team2,8,10,18,6.179558515548706,"[['North', 'conservative', 0.2], ['South', 'conservative', 0.2]]","[['East', 'balanced', 0.5], ['West', 'balanced', 0.5]]",2025-08-12 06:30:01.191147089,2025-08-12,6
f2684d02-a241-4d1a-875f-a671acb64e86,1754980293.2162201,conservative_vs_balanced,team1,10,5,15,3.4152421951293945,"[['North', 'conservative', 0.2], ['South', 'conservative', 0.2]]","[['East', 'balanced', 0.5], ['West', 'balanced', 0.5]]",2025-08-12 06:31:33.216220140,2025-08-12,6
538148ba-7ff6-4c73-83f9-8a4273e738f8,1754978147.5568137,conservative_vs_balanced,team1,10,9,19,1.0246713161468506,"[['North', 'conservative', 0.2], ['South', 'conservative', 0.2]]","[['East', 'balanced', 0.5], ['West', 'balanced', 0.5]]",2025-08-12 05:55:47.556813717,2025-08-12,5
9c03b741-f6f7-4988-bcd7-b5ca4cdc5b64,1754978156.3985572,mixed_vs_mixed,team1,10,8,18,1.5989558696746826,"[['North', 'aggressive', 0.8], ['South', 'conservative', 0.2]]","[['East', 'balanced', 0.5], ['West', 'opportunistic', 0.7]]",2025-08-12 05:55:56.398557186,2025-08-12,5
b7a106bc-f29f-4108-be56-84ed5f6a9cd7,1754980190.853181,aggressive_vs_balanced,team2,5,10,15,1.7841711044311523,"[['North', 'aggressive', 0.8], ['South', 'aggressive', 0.8]]","[['East', 'balanced', 0.5], ['West', 'balanced', 0.5]]",2025-08-12 06:29:50.853180885,2025-08-12,6
8282f385-5399-4477-b824-d34e459206b4,1754980284.1507475,aggressive_vs_conservative,team2,8,10,18,1.3889124393463135,"[['North', 'aggressive', 0.8], ['South', 'aggressive', 0.8]]","[['East', 'conservative', 0.2], ['West', 'conservative', 0.2]]",2025-08-12 06:31:24.150747538,2025-08-12,6
9494aae9-14dd-4f16-b6d9-e568f3b00680,1754980289.6766233,aggressive_vs_balanced,team1,10,8,18,3.0246801376342773,"[['North', 'aggressive', 0.8], ['South', 'aggressive', 0.8]]","[['East', 'balanced', 0.5], ['West', 'balanced', 0.5]]",2025-08-12 06:31:29.676623344,2025-08-12,6
106fd000-5e69-4f32-9580-a9d2f6f0ca50,1754980190.854753,aggressive_vs_balanced,team2,6,10,16,1.7857444286346436,"[['North', 'aggressive', 0.8], ['South', 'aggressive', 0.8]]","[['East', 'balanced', 0.5], ['West', 'balanced', 0.5]]",2025-08-12 06:29:50.854753017,2025-08-12,6
41067ad4-4188-4892-94ef-e01f09e5e0af,1754980291.4989502,conservative_vs_balanced,team2,9,10,19,1.6980087757110596,"[['North', 'conservative', 0.2], ['South', 'conservative', 0.2]]","[['East', 'balanced', 0.5], ['West', 'balanced', 0.5]]",2025-08-12 06:31:31.498950243,2025-08-12,6
df59899b-6686-4d00-893c-a3cc5b9511b6,1754980292.2474396,conservative_vs_balanced,team1,10,7,17,2.446486234664917,"[['North', 'conservative', 0.2], ['South', 'conservative', 0.2]]","[['East', 'balanced', 0.5], ['West', 'balanced', 0.5]]",2025-08-12 06:31:32.247439623,2025-08-12,6
b7ee5cf7-86c3-404d-9fca-fedbb4ddf77c,1754980197.9074726,conservative_vs_balanced,team1,10,7,17,2.895949125289917,"[['North', 'conservative', 0.2], ['South', 'conservative', 0.2]]","[['East', 'balanced', 0.5], ['West', 'balanced', 0.5]]",2025-08-12 06:29:57.907472610,2025-08-12,6
d3ff6ea0-885b-4656-bfc9-397faafd27fb,1754978158.0222158,mixed_vs_mixed,team2,6,10,16,3.2225489616394043,"[['North', 'aggressive', 0.8], ['South', 'conservative', 0.2]]","[['East', 'balanced', 0.5], ['West', 'opportunistic', 0.7]]",2025-08-12 05:55:58.022215843,2025-08-12,5
927c7d85-9a05-4f61-a432-a7802c88e6f2,1754978143.2532935,aggressive_vs_balanced,team1,10,3,13,0.5689458847045898,"[['North', 'aggressive', 0.8], ['South', 'aggressive', 0.8]]","[['East', 'balanced', 0.5], ['West', 'balanced', 0.5]]",2025-08-12 05:55:43.253293514,2025-08-12,5
e6c22493-1043-41dd-be2e-3b10f7fd5e61,1754978149.7728114,conservative_vs_balanced,team1,10,8,18,3.240567684173584,"[['North', 'conservative', 0.2], ['South', 'conservative', 0.2]]","[['East', 'balanced', 0.5], ['West', 'balanced', 0.5]]",2025-08-12 05:55:49.772811413,2025-08-12,5
60519505-49d5-4141-bce6-839b1ff85385,1754980184.764684,aggressive_vs_conservative,team2,9,10,19,2.8158175945281982,"[['North', 'aggressive', 0.8], ['South', 'aggressive', 0.8]]","[['East', 'conservative', 0.2], ['West', 'conservative', 0.2]]",2025-08-12 06:29:44.764683962,2025-08-12,6
64f20621-5fcd-48cb-bb79-64013404602f,1754980215.835007,mixed_vs_mixed,team2,9,10,19,4.531666278839111,"[['North', 'aggressive', 0.8], ['South', 'conservative', 0.2]]","[['East', 'balanced', 0.5], ['West', 'opportunistic', 0.7]]",2025-08-12 06:30:15.835006952,2025-08-12,6
d638d100-d144-43c0-a130-73c302396b0a,1754980202.6751256,conservative_vs_balanced,team1,10,6,16,7.663512229919434,"[['North', 'conservative', 0.2], ['South', 'conservative', 0.2]]","[['East', 'balanced', 0.5], ['West', 'balanced', 0.5]]",2025-08-12 06:30:02.675125599,2025-08-12,6
cbed8dda-85a8-4d41-9023-e31446290c75,1754978155.3818917,mixed_vs_mixed,team1,10,5,15,0.5823318958282471,"[['North', 'aggressive', 0.8], ['South', 'conservative', 0.2]]","[['East', 'balanced', 0.5], ['West', 'opportunistic', 0.7]]",2025-08-12 05:55:55.381891727,2025-08-12,5
e157bf52-f535-4b1e-aab3-d68a078a8b2b,1754978157.3562477,mixed_vs_mixed,team1,10,6,16,2.5566046237945557,"[['North', 'aggressive', 0.8], ['South', 'conservative', 0.2]]","[['East', 'balanced', 0.5], ['West', 'opportunistic', 0.7]]",2025-08-12 05:55:57.356247663,2025-08-12,5
08160d3a-e35e-432c-b571-9d00bc4926ba,1754980196.5588396,conservative_vs_balanced,team1,10,6,16,1.5473368167877197,"[['North', 'conservative', 0.2], ['South', 'conservative', 0.2]]","[['East', 'balanced', 0.5], ['West', 'balanced', 0.5]]",2025-08-12 06:29:56.558839560,2025-08-12,6
3dfb963c-d808-43a3-9674-814681f21f23,1754980217.2042778,mixed_vs_mixed,team2,8,10,18,5.900897741317749,"[['North', 'aggressive', 0.8], ['South', 'conservative', 0.2]]","[['East', 'balanced', 0.5], ['West', 'opportunistic', 0.7]]",2025-08-12 06:30:17.204277754,2025-08-12,6
24af0181-816f-4237-8a7a-56cfb6e0094f,1754978140.240055,aggressive_vs_conservative,team2,4,10,14,1.9411888122558594,"[['North', 'aggressive', 0.8], ['South', 'aggressive', 0.8]]","[['East', 'conservative', 0.2], ['West', 'conservative', 0.2]]",2025-08-12 05:55:40.240055084,2025-08-12,5
a4f95012-6e08-460a-90c0-3a553ad8bb5f,1754978144.758431,aggressive_vs_balanced,team1,10,7,17,2.0740292072296143,"[['North', 'aggressive', 0.8], ['South', 'aggressive', 0.8]]","[['East', 'balanced', 0.5], ['West', 'balanced', 0.5]]",2025-08-12 05:55:44.758430958,2025-08-12,5
aeaa4673-e585-41c9-b261-d4ba73f7af95,1754978154.4003866,opportunistic_vs_aggressive,team1,10,8,18,2.8244616985321045,"[['North', 'opportunistic', 0.7], ['South', 'opportunistic', 0.7]]","[['East', 'aggressive', 0.8], ['West', 'aggressive', 0.8]]",2025-08-12 05:55:54.400386572,2025-08-12,5
f0470975-77db-47fe-8d57-41907b0dda3c,1754980295.2570336,opportunistic_vs_aggressive,team1,10,8,18,1.1077637672424316,"[['North', 'opportunistic', 0.7], ['South', 'opportunistic', 0.7]]","[['East', 'aggressive', 0.8], ['West', 'aggressive', 0.8]]",2025-08-12 06:31:35.257033587,2025-08-12,6
0b9d6ef5-ae83-4183-ad16-226a156806d6,1754978140.4891062,aggressive_vs_conservative,team1,10,8,18,2.1902403831481934,"[['North', 'aggressive', 0.8], ['South', 'aggressive', 0.8]]","[['East', 'conservative', 0.2], ['West', 'conservative', 0.2]]",2025-08-12 05:55:40.489106178,2025-08-12,5
d83bba3a-5bff-49ed-8dad-cd669ff2d4f2,1754978144.7693071,aggressive_vs_balanced,team1,10,8,18,2.0849063396453857,"[['North', 'aggressive', 0.8], ['South', 'aggressive', 0.8]]","[['East', 'balanced', 0.5], ['West', 'balanced', 0.5]]",2025-08-12 05:55:44.769307137,2025-08-12,5
aca3852d-5a62-410e-aff4-e00b0e7c87d2,1754980300.388346,mixed_vs_mixed,team1,10,6,16,3.152963399887085,"[['North', 'aggressive', 0.8], ['South', 'conservative', 0.2]]","[['East', 'balanced', 0.5], ['West', 'opportunistic', 0.7]]",2025-08-12 06:31:40.388345957,2025-08-12,6
234269b9-9b1d-41e2-a955-36a04e3647f6,1754980291.2390091,conservative_vs_balanced,team2,7,10,17,1.438093662261963,"[['North', 'conservative', 0.2], ['South', 'conservative', 0.2]]","[['East', 'balanced', 0.5], ['West', 'balanced', 0.5]]",2025-08-12 06:31:31.239009142,2025-08-12,6
130c93a2-6c5e-4fc2-aa65-029f9c3263d0,1754980299.4459536,mixed_vs_mixed,team2,9,10,19,2.210613250732422,"[['North', 'aggressive', 0.8], ['South', 'conservative', 0.2]]","[['East', 'balanced', 0.5], ['West', 'opportunistic', 0.7]]",2025-08-12 06:31:39.445953608,2025-08-12,6
410df5c9-1453-4f52-be4b-d7817be18a00,1754978145.7096975,aggressive_vs_balanced,team1,10,8,18,3.025266408920288,"[['North', 'aggressive', 0.8], ['South', 'aggressive', 0.8]]","[['East', 'balanced', 0.5], ['West', 'balanced', 0.5]]",2025-08-12 05:55:45.709697485,2025-08-12,5
b10bdace-8daa-4047-82c9-4a0090a7bf73,1754978143.4208822,aggressive_vs_balanced,team2,8,10,18,0.7365467548370361,"[['North', 'aggressive', 0.8], ['South', 'aggressive', 0.8]]","[['East', 'balanced', 0.5], ['West', 'balanced', 0.5]]",2025-08-12 05:55:43.420882225,2025-08-12,5
b62a0577-049b-4c31-98ee-b22f56adc252,1754980300.634594,mixed_vs_mixed,team2,6,10,16,3.399202823638916,"[['North', 'aggressive', 0.8], ['South', 'conservative', 0.2]]","[['East', 'balanced', 0.5], ['West', 'opportunistic', 0.7]]",2025-08-12 06:31:40.634593964,2025-08-12,6
97fdd9ce-ae5e-4eca-81ae-56b9148d7407,1754978155.8245642,mixed_vs_mixed,team2,6,10,16,1.0249855518341064,"[['North', 'aggressive', 0.8], ['South', 'conservative', 0.2]]","[['East', 'balanced', 0.5], ['West', 'opportunistic', 0.7]]",2025-08-12 05:55:55.824564219,2025-08-12,5
49736f4b-e316-4f6c-9638-19e4adb99e4d,1754980296.8686793,opportunistic_vs_aggressive,team2,7,10,17,2.719351291656494,"[['North', 'opportunistic', 0.7], ['South', 'opportunistic', 0.7]]","[['East', 'aggressive', 0.8], ['West', 'aggressive', 0.8]]",2025-08-12 06:31:36.868679285,2025-08-12,6
c4053514-dadc-4257-a793-a02bfd9a4451,1754980287.7831542,aggressive_vs_balanced,team1,10,6,16,1.1312661170959473,"[['North', 'aggressive', 0.8], ['South', 'aggressive', 0.8]]","[['East', 'balanced', 0.5], ['West', 'balanced', 0.5]]",2025-08-12 06:31:27.783154249,2025-08-12,6
88bac168-9efb-4f5f-b6ef-02dda5fb485d,1754978146.312361,aggressive_vs_balanced,team1,10,4,14,3.6278936862945557,"[['North', 'aggressive', 0.8], ['South', 'aggressive', 0.8]]","[['East', 'balanced', 0.5], ['West', 'balanced', 0.5]]",2025-08-12 05:55:46.312361002,2025-08-12,5
b3690f3f-7ac5-4e1e-bf39-8f4099de5570,1754980193.6445425,aggressive_vs_balanced,team2,8,10,18,4.575443744659424,"[['North', 'aggressive', 0.8], ['South', 'aggressive', 0.8]]","[['East', 'balanced', 0.5], ['West', 'balanced', 0.5]]",2025-08-12 06:29:53.644542456,2025-08-12,6
ca81ddb8-fe55-445d-9834-a8f1aab4282d,1754980299.452765,mixed_vs_mixed,team2,3,10,13,2.217406749725342,"[['North', 'aggressive', 0.8], ['South', 'conservative', 0.2]]","[['East', 'balanced', 0.5], ['West', 'opportunistic', 0.7]]",2025-08-12 06:31:39.452764988,2025-08-12,6
652f0d36-4c97-482e-8607-0122f2e845f2,1754980190.3221297,aggressive_vs_balanced,team2,8,10,18,1.2531421184539795,"[['North', 'aggressive', 0.8], ['South', 'aggressive', 0.8]]","[['East', 'balanced', 0.5], ['West', 'balanced', 0.5]]",2025-08-12 06:29:50.322129726,2025-08-12,6
22773b41-34fb-4d06-971f-9bcfd47ecdf1,1754978153.2054367,opportunistic_vs_aggressive,team2,6,10,16,1.6295640468597412,"[['North', 'opportunistic', 0.7], ['South', 'opportunistic', 0.7]]","[['East', 'aggressive', 0.8], ['West', 'aggressive', 0.8]]",2025-08-12 05:55:53.205436707,2025-08-12,5
48212ad5-86e9-454c-ade7-6d33839d9774,1754978153.1199613,opportunistic_vs_aggressive,team2,7,10,17,1.5441012382507324,"[['North', 'opportunistic', 0.7], ['South', 'opportunistic', 0.7]]","[['East', 'aggressive', 0.8], ['West', 'aggressive', 0.8]]",2025-08-12 05:55:53.119961262,2025-08-12,5
f8d51e75-926b-4d93-a410-20da2e1e0783,1754978145.8515456,aggressive_vs_balanced,team2,7,10,17,3.1671016216278076,"[['North', 'aggressive', 0.8], ['South', 'aggressive', 0.8]]","[['East', 'balanced', 0.5], ['West', 'balanced', 0.5]]",2025-08-12 05:55:45.851545572,2025-08-12,5
03c18c6d-5886-4118-b32e-180a791b0525,1754980215.7461345,mixed_vs_mixed,team2,8,10,18,4.442798137664795,"[['North', 'aggressive', 0.8], ['South', 'conservative', 0.2]]","[['East', 'balanced', 0.5], ['West', 'opportunistic', 0.7]]",2025-08-12 06:30:15.746134520,2025-08-12,6
ec132c36-2c5f-474f-8f49-7cbaa47d118b,1754980190.2290928,aggressive_vs_balanced,team2,6,10,16,1.160088300704956,"[['North', 'aggressive', 0.8], ['South', 'aggressive', 0.8]]","[['East', 'balanced', 0.5], ['West', 'balanced', 0.5]]",2025-08-12 06:29:50.229092836,2025-08-12,6
b2620738-0888-4c3c-beca-3a16fd2337f6,1754978147.453056,conservative_vs_balanced,team2,7,10,17,0.9209022521972656,"[['North', 'conservative', 0.2], ['South', 'conservative', 0.2]]","[['East', 'balanced', 0.5], ['West', 'balanced', 0.5]]",2025-08-12 05:55:47.453056097,2025-08-12,5
7b1b93c4-2e5d-437c-9324-fed4cdfe55da,1754980184.3489447,aggressive_vs_conservative,team2,7,10,17,2.400094509124756,"[['North', 'aggressive', 0.8], ['South', 'aggressive', 0.8]]","[['East', 'conservative', 0.2], ['West', 'conservative', 0.2]]",2025-08-12 06:29:44.348944664,2025-08-12,6
d0374736-ba14-4632-9513-2528d9c32adc,1754978144.155501,aggressive_vs_balanced,team2,7,10,17,1.471123456954956,"[['North', 'aggressive', 0.8], ['South', 'aggressive', 0.8]]","[['East', 'balanced', 0.5], ['West', 'balanced', 0.5]]",2025-08-12 05:55:44.155500889,2025-08-12,5
418d2a73-49aa-4b01-9483-332edaa9d9c2,1754980210.716338,opportunistic_vs_aggressive,team1,10,8,18,6.180525779724121,"[['North', 'opportunistic', 0.7], ['South', 'opportunistic', 0.7]]","[['East', 'aggressive', 0.8], ['West', 'aggressive', 0.8]]",2025-08-12 06:30:10.716337919,2025-08-12,6
a6a017dd-268e-4041-877c-dbbb7ea9747a,1754980212.631797,mixed_vs_mixed,team1,10,9,19,1.3286380767822266,"[['North', 'aggressive', 0.8], ['South', 'conservative', 0.2]]","[['East', 'balanced', 0.5], ['West', 'opportunistic', 0.7]]",2025-08-12 06:30:12.631797075,2025-08-12,6
950dae3c-ead9-4ce8-b396-dbfedd661c63,1754980184.5606406,aggressive_vs_conservative,team2,6,10,16,2.611769437789917,"[['North', 'aggressive', 0.8], ['South', 'aggressive', 0.8]]","[['East', 'conservative', 0.2], ['West', 'conservative', 0.2]]",2025-08-12 06:29:44.560640574,2025-08-12,6
1f075fcb-bd5f-437a-bb8f-1683a34ce7d8,1754978155.493445,mixed_vs_mixed,team1,10,9,19,0.6938717365264893,"[['North', 'aggressive', 0.8], ['South', 'conservative', 0.2]]","[['East', 'balanced', 0.5], ['West', 'opportunistic', 0.7]]",2025-08-12 05:55:55.493444920,2025-08-12,5
2a4b1fd2-8c91-4333-a89e-171d7657cefa,1754980192.371525,aggressive_vs_balanced,team1,10,6,16,3.3024673461914062,"[['North', 'aggressive', 0.8], ['South', 'aggressive', 0.8]]","[['East', 'balanced', 0.5], ['West', 'balanced', 0.5]]",2025-08-12 06:29:52.371525049,2025-08-12,6
25be8712-3513-4b89-b32a-df5b86c10f77,1754978150.2125568,conservative_vs_balanced,team2,9,10,19,3.68030047416687,"[['North', 'conservative', 0.2], ['South', 'conservative', 0.2]]","[['East', 'balanced', 0.5], ['West', 'balanced', 0.5]]",2025-08-12 05:55:50.212556839,2025-08-12,5
3820cc72-b020-4896-b611-94284e05012f,1754978144.538587,aggressive_vs_balanced,team1,10,4,14,1.8541955947875977,"[['North', 'aggressive', 0.8], ['South', 'aggressive', 0.8]]","[['East', 'balanced', 0.5], ['West', 'balanced', 0.5]]",2025-08-12 05:55:44.538587093,2025-08-12,5
b0dc03d0-ea06-425b-9a76-5274dfe44492,1754978151.0962224,conservative_vs_balanced,team1,10,4,14,4.563923358917236,"[['North', 'conservative', 0.2], ['South', 'conservative', 0.2]]","[['East', 'balanced', 0.5], ['West', 'balanced', 0.5]]",2025-08-12 05:55:51.096222401,2025-08-12,5
b3d9d4e3-5bb4-4e3c-8ffe-1990450fbf01,1754978150.511555,conservative_vs_balanced,team2,6,10,16,3.979285478591919,"[['North', 'conservative', 0.2], ['South', 'conservative', 0.2]]","[['East', 'balanced', 0.5], ['West', 'balanced', 0.5]]",2025-08-12 05:55:50.511554956,2025-08-12,5
d11be074-cc59-47cd-8975-6942c7c10512,1754978157.812654,mixed_vs_mixed,team2,8,10,18,3.013000249862671,"[['North', 'aggressive', 0.8], ['South', 'conservative', 0.2]]","[['East', 'balanced', 0.5], ['West', 'opportunistic', 0.7]]",2025-08-12 05:55:57.812654018,2025-08-12,5
7107410c-2bec-4e23-a6b8-35af29d1e7a2,1754978157.375097,mixed_vs_mixed,team1,10,5,15,2.575453042984009,"[['North', 'aggressive', 0.8], ['South', 'conservative', 0.2]]","[['East', 'balanced', 0.5], ['West', 'opportunistic', 0.7]]",2025-08-12 05:55:57.375097036,2025-08-12,5
9961b558-1ce5-4b86-9a0f-2b46449e169a,1754980299.1164002,mixed_vs_mixed,team1,10,3,13,1.8810596466064453,"[['North', 'aggressive', 0.8], ['South', 'conservative', 0.2]]","[['East', 'balanced', 0.5], ['West', 'opportunistic', 0.7]]",2025-08-12 06:31:39.116400242,2025-08-12,6
c5142f5a-5495-4d2d-9bf5-1fcf909c7b24,1754978157.8014889,mixed_vs_mixed,team1,10,4,14,3.001832962036133,"[['North', 'aggressive', 0.8], ['South', 'conservative', 0.2]]","[['East', 'balanced', 0.5], ['West', 'opportunistic', 0.7]]",2025-08-12 05:55:57.801488876,2025-08-12,5
c1475213-ab1c-46a8-bd4d-49dce309c161,1754980208.4862974,opportunistic_vs_aggressive,team2,9,10,19,3.950542688369751,"[['North', 'opportunistic', 0.7], ['South', 'opportunistic', 0.7]]","[['East', 'aggressive', 0.8], ['West', 'aggressive', 0.8]]",2025-08-12 06:30:08.486297369,2025-08-12,6
dfed1f71-8feb-4ecf-949c-8eea01357da6,1754978153.7832704,opportunistic_vs_aggressive,team1,10,8,18,2.2073774337768555,"[['North', 'opportunistic', 0.7], ['South', 'opportunistic', 0.7]]","[['East', 'aggressive', 0.8], ['West', 'aggressive', 0.8]]",2025-08-12 05:55:53.783270359,2025-08-12,5
0d6f2410-04ef-4c47-a5d8-91e893c599d8,1754978139.6909087,aggressive_vs_conservative,team2,3,10,13,1.3920602798461914,"[['North', 'aggressive', 0.8], ['South', 'aggressive', 0.8]]","[['East', 'conservative', 0.2], ['West', 'conservative', 0.2]]",2025-08-12 05:55:39.690908670,2025-08-12,5
273d5fc4-ff1d-4e9b-9753-fb16c244dbea,1754978139.8457751,aggressive_vs_conservative,team1,10,4,14,1.5469212532043457,"[['North', 'aggressive', 0.8], ['South', 'aggressive', 0.8]]","[['East', 'conservative', 0.2], ['West', 'conservative', 0.2]]",2025-08-12 05:55:39.845775127,2025-08-12,5
f06981fd-084b-45aa-bb46-b260ce2b282a,1754978154.7219884,opportunistic_vs_aggressive,team2,9,10,19,3.1460466384887695,"[['North', 'opportunistic', 0.7], ['South', 'opportunistic', 0.7]]","[['East', 'aggressive', 0.8], ['West', 'aggressive', 0.8]]",2025-08-12 05:55:54.721988440,2025-08-12,5
4d1c2f01-1a02-4b60-a974-4959602ab4a3,1754978152.334069,opportunistic_vs_aggressive,team1,10,8,18,0.7582604885101318,"[['North', 'opportunistic', 0.7], ['South', 'opportunistic', 0.7]]","[['East', 'aggressive', 0.8], ['West', 'aggressive', 0.8]]",2025-08-12 05:55:52.334069014,2025-08-12,5
e64606af-a528-43be-9dbd-9b382cc98902,1754980199.7253845,conservative_vs_balanced,team1,10,5,15,4.713809013366699,"[['North', 'conservative', 0.2], ['South', 'conservative', 0.2]]","[['East', 'balanced', 0.5], ['West', 'balanced', 0.5]]",2025-08-12 06:29:59.725384474,2025-08-12,6
53b95b60-cc9a-4a85-a24d-a59aa7302ed6,1754978146.1792984,aggressive_vs_balanced,team1,10,8,18,3.4948441982269287,"[['North', 'aggressive', 0.8], ['South', 'aggressive', 0.8]]","[['East', 'balanced', 0.5], ['West', 'balanced', 0.5]]",2025-08-12 05:55:46.179298401,2025-08-12,5
57f013ef-f292-47ee-9a11-8f426d2bb2ba,1754978150.417648,conservative_vs_balanced,team1,10,4,14,3.885380268096924,"[['North', 'conservative', 0.2], ['South', 'conservative', 0.2]]","[['East', 'balanced', 0.5], ['West', 'balanced', 0.5]]",2025-08-12 05:55:50.417648077,2025-08-12,5
d10994a1-1d6d-4eb2-b7aa-11f8b34d694a,1754980215.3342848,mixed_vs_mixed,team2,8,10,18,4.030964374542236,"[['North', 'aggressive', 0.8], ['South', 'conservative', 0.2]]","[['East', 'balanced', 0.5], ['West', 'opportunistic', 0.7]]",2025-08-12 06:30:15.334284782,2025-08-12,6
f63185f6-45f4-42c5-b723-5f57953f894f,1754980194.7533555,aggressive_vs_balanced,team2,9,10,19,5.684195280075073,"[['North', 'aggressive', 0.8], ['South', 'aggressive', 0.8]]","[['East', 'balanced', 0.5], ['West', 'balanced', 0.5]]",2025-08-12 06:29:54.753355503,2025-08-12,6
566452d6-1924-498c-ace4-7eabe64b9217,1754980298.525653,mixed_vs_mixed,team2,6,10,16,1.290332555770874,"[['North', 'aggressive', 0.8], ['South', 'conservative', 0.2]]","[['East', 'balanced', 0.5], ['West', 'opportunistic', 0.7]]",2025-08-12 06:31:38.525652884,2025-08-12,6
4d11ed2f-b2b7-486b-9eff-609e871feb68,1754978157.29944,mixed_vs_mixed,team2,9,10,19,2.499805212020874,"[['North', 'aggressive', 0.8], ['South', 'conservative', 0.2]]","[['East', 'balanced', 0.5], ['West', 'opportunistic', 0.7]]",2025-08-12 05:55:57.299439907,2025-08-12,5
2581ba89-ffc8-4067-b9a8-30a8650553cf,1754980206.775368,opportunistic_vs_aggressive,team1,10,9,19,2.2396581172943115,"[['North', 'opportunistic', 0.7], ['South', 'opportunistic', 0.7]]","[['East', 'aggressive', 0.8], ['West', 'aggressive', 0.8]]",2025-08-12 06:30:06.775367975,2025-08-12,6
800cd4d8-42a3-41bb-81f6-29f5e18eeeb5,1754978141.4177375,aggressive_vs_conservative,team1,10,5,15,3.118830680847168,"[['North', 'aggressive', 0.8], ['South', 'aggressive', 0.8]]","[['East', 'conservative', 0.2], ['West', 'conservative', 0.2]]",2025-08-12 05:55:41.417737484,2025-08-12,5
8604db2a-d794-4269-a074-518218b6beaa,1754980293.7014034,conservative_vs_balanced,team2,4,10,14,3.9004032611846924,"[['North', 'conservative', 0.2], ['South', 'conservative', 0.2]]","[['East', 'balanced', 0.5], ['West', 'balanced', 0.5]]",2025-08-12 06:31:33.701403379,2025-08-12,6
000dcd6e-8ce0-4f19-a7f9-a74e684e7c04,1754978153.616391,opportunistic_vs_aggressive,team2,8,10,18,2.0405075550079346,"[['North', 'opportunistic', 0.7], ['South', 'opportunistic', 0.7]]","[['East', 'aggressive', 0.8], ['West', 'aggressive', 0.8]]",2025-08-12 05:55:53.616390944,2025-08-12,5
c4c0c316-7b4e-4603-a9c9-c968b3197467,1754980206.7287524,opportunistic_vs_aggressive,team1,10,8,18,2.193040370941162,"[['North', 'opportunistic', 0.7], ['South', 'opportunistic', 0.7]]","[['East', 'aggressive', 0.8], ['West', 'aggressive', 0.8]]",2025-08-12 06:30:06.728752375,2025-08-12,6
24efff05-b833-406c-b8c8-ab403eb3f27a,1754978156.534429,mixed_vs_mixed,team2,8,10,18,1.7348244190216064,"[['North', 'aggressive', 0.8], ['South', 'conservative', 0.2]]","[['East', 'balanced', 0.5], ['West', 'opportunistic', 0.7]]",2025-08-12 05:55:56.534429073,2025-08-12,5
c507b812-7737-4855-9b67-4edf17a12460,1754980214.2464373,mixed_vs_mixed,team2,6,10,16,2.943143129348755,"[['North', 'aggressive', 0.8], ['South', 'conservative', 0.2]]","[['East', 'balanced', 0.5], ['West', 'opportunistic', 0.7]]",2025-08-12 06:30:14.246437311,2025-08-12,6
1264f89d-1b0e-46a0-951d-75b5bca858cf,1754980207.8387551,opportunistic_vs_aggressive,team2,2,10,12,3.3030037879943848,"[['North', 'opportunistic', 0.7], ['South', 'opportunistic', 0.7]]","[['East', 'aggressive', 0.8], ['West', 'aggressive', 0.8]]",2025-08-12 06:30:07.838755131,2025-08-12,6
67db0770-7c9c-4e87-9bfa-fb773e3c2e43,1754980185.8154144,aggressive_vs_conservative,team1,10,4,14,3.8665153980255127,"[['North', 'aggressive', 0.8], ['South', 'aggressive', 0.8]]","[['East', 'conservative', 0.2], ['West', 'conservative', 0.2]]",2025-08-12 06:29:45.815414429,2025-08-12,6
8ef93258-6369-472d-abbf-8d63f048a7de,1754980296.567144,opportunistic_vs_aggressive,team2,4,10,14,2.4178311824798584,"[['North', 'opportunistic', 0.7], ['South', 'opportunistic', 0.7]]","[['East', 'aggressive', 0.8], ['West', 'aggressive', 0.8]]",2025-08-12 06:31:36.567143917,2025-08-12,6
95f8c8f1-441a-48e8-b6da-e50c7c6db280,1754978155.9703228,mixed_vs_mixed,team2,7,10,17,1.170729398727417,"[['North', 'aggressive', 0.8], ['South', 'conservative', 0.2]]","[['East', 'balanced', 0.5], ['West', 'opportunistic', 0.7]]",2025-08-12 05:55:55.970322847,2025-08-12,5
f8717ec9-0371-4b46-a074-27eadea03eaf,1754980295.256067,opportunistic_vs_aggressive,team2,7,10,17,1.1068105697631836,"[['North', 'opportunistic', 0.7], ['South', 'opportunistic', 0.7]]","[['East', 'aggressive', 0.8], ['West', 'aggressive', 0.8]]",2025-08-12 06:31:35.256067038,2025-08-12,6
971c623f-ae62-4fa4-a946-bd4f2075fec3,1754978154.4494581,opportunistic_vs_aggressive,team2,3,10,13,2.8735251426696777,"[['North', 'opportunistic', 0.7], ['South', 'opportunistic', 0.7]]","[['East', 'aggressive', 0.8], ['West', 'aggressive', 0.8]]",2025-08-12 05:55:54.449458122,2025-08-12,5
6706de4f-ac17-41e4-98ce-c44385a2980b,1754980300.4289339,mixed_vs_mixed,team1,10,7,17,3.1935582160949707,"[['North', 'aggressive', 0.8], ['South', 'conservative', 0.2]]","[['East', 'balanced', 0.5], ['West', 'opportunistic', 0.7]]",2025-08-12 06:31:40.428933859,2025-08-12,6
63b59de0-f155-4f65-a091-a5b9016df773,1754978157.7306888,mixed_vs_mixed,team2,1,10,11,2.9310302734375,"[['North', 'aggressive', 0.8], ['South', 'conservative', 0.2]]","[['East', 'balanced', 0.5], ['West', 'opportunistic', 0.7]]",2025-08-12 05:55:57.730688810,2025-08-12,5
0b38d27a-a9cf-4605-8fc4-bfbafde0beb8,1754978145.072136,aggressive_vs_balanced,team2,3,10,13,2.387716770172119,"[['North', 'aggressive', 0.8], ['South', 'aggressive', 0.8]]","[['East', 'balanced', 0.5], ['West', 'balanced', 0.5]]",2025-08-12 05:55:45.072135925,2025-08-12,5
bdd5b58e-e7b8-41e4-9107-517478a8d2fc,1754978141.2001882,aggressive_vs_conservative,team2,8,10,18,2.901291847229004,"[['North', 'aggressive', 0.8], ['South', 'aggressive', 0.8]]","[['East', 'conservative', 0.2], ['West', 'conservative', 0.2]]",2025-08-12 05:55:41.200188160,2025-08-12,5
521d4344-d49a-4b18-8e07-95fbbd7c3b55,1754980296.621067,opportunistic_vs_aggressive,team1,10,9,19,2.4717586040496826,"[['North', 'opportunistic', 0.7], ['South', 'opportunistic', 0.7]]","[['East', 'aggressive', 0.8], ['West', 'aggressive', 0.8]]",2025-08-12 06:31:36.621067047,2025-08-12,6
89917f48-b267-4b12-9a13-1c7883634832,1754980205.8589163,opportunistic_vs_aggressive,team1,10,9,19,1.3232345581054688,"[['North', 'opportunistic', 0.7], ['South', 'opportunistic', 0.7]]","[['East', 'aggressive', 0.8], ['West', 'aggressive', 0.8]]",2025-08-12 06:30:05.858916283,2025-08-12,6
c7f37b95-6fc4-4506-8ecf-c1f8442b2a17,1754980295.198487,opportunistic_vs_aggressive,team2,7,10,17,1.0492277145385742,"[['North', 'opportunistic', 0.7], ['South', 'opportunistic', 0.7]]","[['East', 'aggressive', 0.8], ['West', 'aggressive', 0.8]]",2025-08-12 06:31:35.198487043,2025-08-12,6
807608ce-e060-481e-9971-7a10084925bc,1754978157.0620267,mixed_vs_mixed,team2,8,10,18,2.2624011039733887,"[['North', 'aggressive', 0.8], ['South', 'conservative', 0.2]]","[['East', 'balanced', 0.5], ['West', 'opportunistic', 0.7]]",2025-08-12 05:55:57.062026739,2025-08-12,5
9eee6b1f-8123-47cc-aac7-8d609d15bc25,1754978148.2606494,conservative_vs_balanced,team2,5,10,15,1.7284502983093262,"[['North', 'conservative', 0.2], ['South', 'conservative', 0.2]]","[['East', 'balanced', 0.5], ['West', 'balanced', 0.5]]",2025-08-12 05:55:48.260649442,2025-08-12,5
dd2a85fb-8f7a-4419-ac15-c9e2effc58ae,1754980213.648336,mixed_vs_mixed,team2,7,10,17,2.3451497554779053,"[['North', 'aggressive', 0.8], ['South', 'conservative', 0.2]]","[['East', 'balanced', 0.5], ['West', 'opportunistic', 0.7]]",2025-08-12 06:30:13.648335934,2025-08-12,6
e10f965d-8fe6-4e9b-b53e-32f7bdfd99ee,1754980292.3742294,conservative_vs_balanced,team2,6,10,16,2.573279619216919,"[['North', 'conservative', 0.2], ['South', 'conservative', 0.2]]","[['East', 'balanced', 0.5], ['West', 'balanced', 0.5]]",2025-08-12 06:31:32.374229431,2025-08-12,6
eb72e1a2-450d-42bc-bec8-d5976c9279d0,1754980185.6272242,aggressive_vs_conservative,team1,10,5,15,3.6783387660980225,"[['North', 'aggressive', 0.8], ['South', 'aggressive', 0.8]]","[['East', 'conservative', 0.2], ['West', 'conservative', 0.2]]",2025-08-12 06:29:45.627224207,2025-08-12,6
4a314dd6-634a-42c5-bd4d-17cd62d33cd3,1754980298.7799377,mixed_vs_mixed,team1,10,9,19,1.5446083545684814,"[['North', 'aggressive', 0.8], ['South', 'conservative', 0.2]]","[['East', 'balanced', 0.5], ['West', 'opportunistic', 0.7]]",2025-08-12 06:31:38.779937744,2025-08-12,6
e9225e05-1d81-4eb4-b499-498a40214edc,1754980296.0807042,opportunistic_vs_aggressive,team2,7,10,17,1.9314043521881104,"[['North', 'opportunistic', 0.7], ['South', 'opportunistic', 0.7]]","[['East', 'aggressive', 0.8], ['West', 'aggressive', 0.8]]",2025-08-12 06:31:36.080704212,2025-08-12,6
1768969a-25e8-4ded-b841-604a3b0fe19b,1754978158.1647274,mixed_vs_mixed,team1,10,4,14,3.365050792694092,"[['North', 'aggressive', 0.8], ['South', 'conservative', 0.2]]","[['East', 'balanced', 0.5], ['West', 'opportunistic', 0.7]]",2025-08-12 05:55:58.164727449,2025-08-12,5
9a052caf-337b-4f5c-96ea-ceb9d43842d8,1754978153.184283,opportunistic_vs_aggressive,team2,8,10,18,1.6084208488464355,"[['North', 'opportunistic', 0.7], ['South', 'opportunistic', 0.7]]","[['East', 'aggressive', 0.8], ['West', 'aggressive', 0.8]]",2025-08-12 05:55:53.184283018,2025-08-12,5
7cd5e622-81e8-40c9-9b98-aa964c316a3a,1754978141.9654453,aggressive_vs_conservative,team1,10,8,18,3.6665260791778564,"[['North', 'aggressive', 0.8], ['South', 'aggressive', 0.8]]","[['East', 'conservative', 0.2], ['West', 'conservative', 0.2]]",2025-08-12 05:55:41.965445280,2025-08-12,5
dfcf7286-6830-40c8-84a1-c4f1cbf43268,1754980190.3057694,aggressive_vs_balanced,team2,7,10,17,1.2367889881134033,"[['North', 'aggressive', 0.8], ['South', 'aggressive', 0.8]]","[['East', 'balanced', 0.5], ['West', 'balanced', 0.5]]",2025-08-12 06:29:50.305769444,2025-08-12,6
97c552ef-3518-43a1-b0bc-ccfc5461c0ed,1754978153.336937,opportunistic_vs_aggressive,team1,10,9,19,1.761063575744629,"[['North', 'opportunistic', 0.7], ['South', 'opportunistic', 0.7]]","[['East', 'aggressive', 0.8], ['West', 'aggressive', 0.8]]",2025-08-12 05:55:53.336936951,2025-08-12,5
62f06d96-9c33-4c04-9a70-512b11d4916f,1754978139.9284365,aggressive_vs_conservative,team1,10,8,18,1.6295831203460693,"[['North', 'aggressive', 0.8], ['South', 'aggressive', 0.8]]","[['East', 'conservative', 0.2], ['West', 'conservative', 0.2]]",2025-08-12 05:55:39.928436518,2025-08-12,5
2462532a-f818-4518-8a68-37af21d510f2,1754978156.5119944,mixed_vs_mixed,team1,10,5,15,1.7123868465423584,"[['North', 'aggressive', 0.8], ['South', 'conservative', 0.2]]","[['East', 'balanced', 0.5], ['West', 'opportunistic', 0.7]]",2025-08-12 05:55:56.511994362,2025-08-12,5
3424c0f1-7eb5-46f2-a052-b7dc6eb502af,1754978145.1130226,aggressive_vs_balanced,team1,10,6,16,2.4286062717437744,"[['North', 'aggressive', 0.8], ['South', 'aggressive', 0.8]]","[['East', 'balanced', 0.5], ['West', 'balanced', 0.5]]",2025-08-12 05:55:45.113022566,2025-08-12,5
dc2732e6-9e52-4c4d-9d5f-04ef3f6e607f,1754980188.423642,aggressive_vs_conservative,team2,6,10,16,6.4746809005737305,"[['North', 'aggressive', 0.8], ['South', 'aggressive', 0.8]]","[['East', 'conservative', 0.2], ['West', 'conservative', 0.2]]",2025-08-12 06:29:48.423641920,2025-08-12,6
2f0f4f78-ed9e-4fbf-b7f7-c9f5851f4b61,1754978140.5794601,aggressive_vs_conservative,team1,10,6,16,2.2805819511413574,"[['North', 'aggressive', 0.8], ['South', 'aggressive', 0.8]]","[['East', 'conservative', 0.2], ['West', 'conservative', 0.2]]",2025-08-12 05:55:40.579460144,2025-08-12,5
32abca8c-9a3a-4ddc-9554-6d0db2c4119b,1754980210.743676,opportunistic_vs_aggressive,team1,10,3,13,6.2078537940979,"[['North', 'opportunistic', 0.7], ['South', 'opportunistic', 0.7]]","[['East', 'aggressive', 0.8], ['West', 'aggressive', 0.8]]",2025-08-12 06:30:10.743675947,2025-08-12,6
dcf74b91-bd11-446b-bbbc-81da3ec6720f,1754978155.7838078,mixed_vs_mixed,team2,3,10,13,0.9842228889465332,"[['North', 'aggressive', 0.8], ['South', 'conservative', 0.2]]","[['East', 'balanced', 0.5], ['West', 'opportunistic', 0.7]]",2025-08-12 05:55:55.783807755,2025-08-12,5
4c6fdb72-bb25-45b4-bf35-0bae0c69ea19,1754978150.04096,conservative_vs_balanced,team2,1,10,11,3.5087013244628906,"[['North', 'conservative', 0.2], ['South', 'conservative', 0.2]]","[['East', 'balanced', 0.5], ['West', 'balanced', 0.5]]",2025-08-12 05:55:50.040960073,2025-08-12,5
bdc01bdc-29b6-40dc-9eb9-74a4ea37c787,1754978141.1116095,aggressive_vs_conservative,team1,10,5,15,2.812716007232666,"[['North', 'aggressive', 0.8], ['South', 'aggressive', 0.8]]","[['East', 'conservative', 0.2], ['West', 'conservative', 0.2]]",2025-08-12 05:55:41.111609459,2025-08-12,5
3c7477f1-7c05-4292-9930-265e6cf83565,1754980284.2103763,aggressive_vs_conservative,team2,8,10,18,1.4485445022583008,"[['North', 'aggressive', 0.8], ['South', 'aggressive', 0.8]]","[['East', 'conservative', 0.2], ['West', 'conservative', 0.2]]",2025-08-12 06:31:24.210376263,2025-08-12,6
44491bb7-ff6b-4f95-b0e2-d3ae819655fb,1754980286.2129302,aggressive_vs_conservative,team2,7,10,17,3.45105242729187,"[['North', 'aggressive', 0.8], ['South', 'aggressive', 0.8]]","[['East', 'conservative', 0.2], ['West', 'conservative', 0.2]]",2025-08-12 06:31:26.212930202,2025-08-12,6
76e59952-7b10-478f-a118-e5f230226e6a,1754978151.3676825,conservative_vs_balanced,team2,6,10,16,4.83537483215332,"[['North', 'conservative', 0.2], ['South', 'conservative', 0.2]]","[['East', 'balanced', 0.5], ['West', 'balanced', 0.5]]",2025-08-12 05:55:51.367682457,2025-08-12,5
07718368-a2f9-4f8f-ad1d-fdc4ddcedb53,1754980287.8948958,aggressive_vs_balanced,team2,7,10,17,1.2430133819580078,"[['North', 'aggressive', 0.8], ['South', 'aggressive', 0.8]]","[['East', 'balanced', 0.5], ['West', 'balanced', 0.5]]",2025-08-12 06:31:27.894895792,2025-08-12,6
b1906f65-f5eb-4a45-948f-cc42efec1a90,1754978158.456418,mixed_vs_mixed,team2,7,10,17,3.6567275524139404,"[['North', 'aggressive', 0.8], ['South', 'conservative', 0.2]]","[['East', 'balanced', 0.5], ['West', 'opportunistic', 0.7]]",2025-08-12 05:55:58.456418037,2025-08-12,5
7219e642-801c-4e18-9a3a-69e17c5170a0,1754980298.6286669,mixed_vs_mixed,team2,8,10,18,1.3933448791503906,"[['North', 'aggressive', 0.8], ['South', 'conservative', 0.2]]","[['East', 'balanced', 0.5], ['West', 'opportunistic', 0.7]]",2025-08-12 06:31:38.628666878,2025-08-12,6
91b8d876-16e8-477f-b81d-d81763d14730,1754980201.8800204,conservative_vs_balanced,team2,9,10,19,6.868417739868164,"[['North', 'conservative', 0.2], ['South', 'conservative', 0.2]]","[['East', 'balanced', 0.5], ['West', 'balanced', 0.5]]",2025-08-12 06:30:01.880020380,2025-08-12,6
538623e1-27b5-4c6f-b562-a2448e642c7b,1754978155.4779918,mixed_vs_mixed,team1,10,9,19,0.6784322261810303,"[['North', 'aggressive', 0.8], ['South', 'conservative', 0.2]]","[['East', 'balanced', 0.5], ['West', 'opportunistic', 0.7]]",2025-08-12 05:55:55.477991819,2025-08-12,5
cbbeeaac-c0b5-4909-8132-b1e33f92e89d,1754978139.7302527,aggressive_vs_conservative,team1,10,7,17,1.4314146041870117,"[['North', 'aggressive', 0.8], ['South', 'aggressive', 0.8]]","[['East', 'conservative', 0.2], ['West', 'conservative', 0.2]]",2025-08-12 05:55:39.730252743,2025-08-12,5
65aa91e1-4d1b-441b-81c5-d7411eef7860,1754980284.177203,aggressive_vs_conservative,team1,10,6,16,1.4153759479522705,"[['North', 'aggressive', 0.8], ['South', 'aggressive', 0.8]]","[['East', 'conservative', 0.2], ['West', 'conservative', 0.2]]",2025-08-12 06:31:24.177202940,2025-08-12,6
346351b1-9dd6-4de2-b0ad-216062c37e88,1754978145.6123445,aggressive_vs_balanced,team1,10,8,18,2.92791485786438,"[['North', 'aggressive', 0.8], ['South', 'aggressive', 0.8]]","[['East', 'balanced', 0.5], ['West', 'balanced', 0.5]]",2025-08-12 05:55:45.612344503,2025-08-12,5
6e8e8150-d963-4e12-8ad9-4fd35a83bef8,1754980206.9363375,opportunistic_vs_aggressive,team2,5,10,15,2.400606870651245,"[['North', 'opportunistic', 0.7], ['South', 'opportunistic', 0.7]]","[['East', 'aggressive', 0.8], ['West', 'aggressive', 0.8]]",2025-08-12 06:30:06.936337471,2025-08-12,6
386af8da-1339-4b22-b5e1-d27c2fcea471,1754978151.4107275,conservative_vs_balanced,team1,10,7,17,4.87841796875,"[['North', 'conservative', 0.2], ['South', 'conservative', 0.2]]","[['East', 'balanced', 0.5], ['West', 'balanced', 0.5]]",2025-08-12 05:55:51.410727501,2025-08-12,5
ea6db872-0ad9-4833-849b-34dedf112fbd,1754978153.5807526,opportunistic_vs_aggressive,team1,10,4,14,2.0048680305480957,"[['North', 'opportunistic', 0.7], ['South', 'opportunistic', 0.7]]","[['East', 'aggressive', 0.8], ['West', 'aggressive', 0.8]]",2025-08-12 05:55:53.580752611,2025-08-12,5
7a15df3c-5c22-4334-9dd3-157371ce768f,1754978139.995195,aggressive_vs_conservative,team1,10,7,17,1.6963369846343994,"[['North', 'aggressive', 0.8], ['South', 'aggressive', 0.8]]","[['East', 'conservative', 0.2], ['West', 'conservative', 0.2]]",2025-08-12 05:55:39.995194912,2025-08-12,5
9334b456-4b7d-4b01-a464-ec98f03657b9,1754980293.7304957,conservative_vs_balanced,team2,4,10,14,3.929490089416504,"[['North', 'conservative', 0.2], ['South', 'conservative', 0.2]]","[['East', 'balanced', 0.5], ['West', 'balanced', 0.5]]",2025-08-12 06:31:33.730495691,2025-08-12,6
84da90b7-2fbe-4a66-b5a5-357f5f998ea7,1754980205.505953,opportunistic_vs_aggressive,team1,10,2,12,0.9702725410461426,"[['North', 'opportunistic', 0.7], ['South', 'opportunistic', 0.7]]","[['East', 'aggressive', 0.8], ['West', 'aggressive', 0.8]]",2025-08-12 06:30:05.505953074,2025-08-12,6
0e23ef0d-ec59-456f-a1e2-9b79554f2a2b,1754980293.5505543,conservative_vs_balanced,team2,6,10,16,3.7495667934417725,"[['North', 'conservative', 0.2], ['South', 'conservative', 0.2]]","[['East', 'balanced', 0.5], ['West', 'balanced', 0.5]]",2025-08-12 06:31:33.550554276,2025-08-12,6
0c098ddf-b5ce-4d1f-9a62-398d81a09288,1754978145.1128323,aggressive_vs_balanced,team2,9,10,19,2.428422451019287,"[['North', 'aggressive', 0.8], ['South', 'aggressive', 0.8]]","[['East', 'balanced', 0.5], ['West', 'balanced', 0.5]]",2025-08-12 05:55:45.112832308,2025-08-12,5
a048b703-9b3e-4ca5-9e86-1413c3d9f0d6,1754980292.5582147,conservative_vs_balanced,team2,6,10,16,2.7572531700134277,"[['North', 'conservative', 0.2], ['South', 'conservative', 0.2]]","[['East', 'balanced', 0.5], ['West', 'balanced', 0.5]]",2025-08-12 06:31:32.558214664,2025-08-12,6
a2ee99a3-012f-439e-bf40-c25d150eed8d,1754978147.3517365,conservative_vs_balanced,team2,6,10,16,0.819573163986206,"[['North', 'conservative', 0.2], ['South', 'conservative', 0.2]]","[['East', 'balanced', 0.5], ['West', 'balanced', 0.5]]",2025-08-12 05:55:47.351736546,2025-08-12,5
36125484-83a9-4980-a358-76302a619c20,1754980215.6319084,mixed_vs_mixed,team2,7,10,17,4.32857608795166,"[['North', 'aggressive', 0.8], ['South', 'conservative', 0.2]]","[['East', 'balanced', 0.5], ['West', 'opportunistic', 0.7]]",2025-08-12 06:30:15.631908417,2025-08-12,6
a3b7528f-ae60-4e78-aad0-d038b1d12d65,1754980187.5804741,aggressive_vs_conservative,team2,8,10,18,5.6315412521362305,"[['North', 'aggressive', 0.8], ['South', 'aggressive', 0.8]]","[['East', 'conservative', 0.2], ['West', 'conservative', 0.2]]",2025-08-12 06:29:47.580474138,2025-08-12,6
41eb58bb-2174-49f9-96fe-30a6f1f5d158,1754978147.5954313,conservative_vs_balanced,team1,10,9,19,1.063286542892456,"[['North', 'conservative', 0.2], ['South', 'conservative', 0.2]]","[['East', 'balanced', 0.5], ['West', 'balanced', 0.5]]",2025-08-12 05:55:47.595431328,2025-08-12,5
7e77828a-4001-4180-9445-5e369415b45f,1754978150.557673,conservative_vs_balanced,team2,7,10,17,4.025404214859009,"[['North', 'conservative', 0.2], ['South', 'conservative', 0.2]]","[['East', 'balanced', 0.5], ['West', 'balanced', 0.5]]",2025-08-12 05:55:50.557672977,2025-08-12,5
e2bfe7a5-4723-4048-aad4-244fc3c8ac70,1754980295.2848158,opportunistic_vs_aggressive,team2,7,10,17,1.1355440616607666,"[['North', 'opportunistic', 0.7], ['South', 'opportunistic', 0.7]]","[['East', 'aggressive', 0.8], ['West', 'aggressive', 0.8]]",2025-08-12 06:31:35.284815788,2025-08-12,6
ec3b9b17-604e-41cf-9d64-fa388c43f2c7,1754978151.0915637,conservative_vs_balanced,team1,10,3,13,4.559265613555908,"[['North', 'conservative', 0.2], ['South', 'conservative', 0.2]]","[['East', 'balanced', 0.5], ['West', 'balanced', 0.5]]",2025-08-12 05:55:51.091563702,2025-08-12,5
d5f99070-8a9e-464e-88d2-f8877fe6d00c,1754978140.9218473,aggressive_vs_conservative,team2,8,10,18,2.6229608058929443,"[['North', 'aggressive', 0.8], ['South', 'aggressive', 0.8]]","[['East', 'conservative', 0.2], ['West', 'conservative', 0.2]]",2025-08-12 05:55:40.921847343,2025-08-12,5
50ed91fb-7b75-4098-b0ae-bf07ef172c99,1754978147.5728846,conservative_vs_balanced,team2,8,10,18,1.0407180786132812,"[['North', 'conservative', 0.2], ['South', 'conservative', 0.2]]","[['East', 'balanced', 0.5], ['West', 'balanced', 0.5]]",2025-08-12 05:55:47.572884560,2025-08-12,5
a2d9001d-d917-4cfb-88c2-82dcc0c10bac,1754978152.1828887,opportunistic_vs_aggressive,team1,10,4,14,0.6070787906646729,"[['North', 'opportunistic', 0.7], ['South', 'opportunistic', 0.7]]","[['East', 'aggressive', 0.8], ['West', 'aggressive', 0.8]]",2025-08-12 05:55:52.182888746,2025-08-12,5
ea0ddda6-4f4c-4cfa-92c6-10876585c877,1754980216.9707253,mixed_vs_mixed,team2,9,10,19,5.667356252670288,"[['North', 'aggressive', 0.8], ['South', 'conservative', 0.2]]","[['East', 'balanced', 0.5], ['West', 'opportunistic', 0.7]]",2025-08-12 06:30:16.970725298,2025-08-12,6
f4e0f23d-c65d-4a17-9f1f-53a8182b7e0b,1754980213.6862226,mixed_vs_mixed,team1,10,8,18,2.383030652999878,"[['North', 'aggressive', 0.8], ['South', 'conservative', 0.2]]","[['East', 'balanced', 0.5], ['West', 'opportunistic', 0.7]]",2025-08-12 06:30:13.686222553,2025-08-12,6
ebe7587d-4059-43f0-8e77-313b28fc89cf,1754978158.2017436,mixed_vs_mixed,team2,5,10,15,3.4020705223083496,"[['North', 'aggressive', 0.8], ['South', 'conservative', 0.2]]","[['East', 'balanced', 0.5], ['West', 'opportunistic', 0.7]]",2025-08-12 05:55:58.201743603,2025-08-12,5
a568ce0b-70a4-4f55-b677-ff878a32d2e7,1754980214.6978993,mixed_vs_mixed,team2,6,10,16,3.3945839405059814,"[['North', 'aggressive', 0.8], ['South', 'conservative', 0.2]]","[['East', 'balanced', 0.5], ['West', 'opportunistic', 0.7]]",2025-08-12 06:30:14.697899342,2025-08-12,6
47c7fd18-04cf-4f5e-8450-fcb3ad347821,1754978152.612286,opportunistic_vs_aggressive,team2,8,10,18,1.0364573001861572,"[['North', 'opportunistic', 0.7], ['South', 'opportunistic', 0.7]]","[['East', 'aggressive', 0.8], ['West', 'aggressive', 0.8]]",2025-08-12 05:55:52.612286091,2025-08-12,5
0b398716-dd67-4b4e-941f-6e491421c1a9,1754980194.2713296,aggressive_vs_balanced,team2,6,10,16,5.202179908752441,"[['North', 'aggressive', 0.8], ['South', 'aggressive', 0.8]]","[['East', 'balanced', 0.5], ['West', 'balanced', 0.5]]",2025-08-12 06:29:54.271329641,2025-08-12,6
70704486-0fd1-48e2-b1c1-8baa2e2ada69,1754980217.372952,mixed_vs_mixed,team2,8,10,18,6.069565773010254,"[['North', 'aggressive', 0.8], ['South', 'conservative', 0.2]]","[['East', 'balanced', 0.5], ['West', 'opportunistic', 0.7]]",2025-08-12 06:30:17.372951984,2025-08-12,6
3188d7d9-9b4a-4d62-9883-f2475ad87414,1754978153.5901089,opportunistic_vs_aggressive,team2,6,10,16,2.0142414569854736,"[['North', 'opportunistic', 0.7], ['South', 'opportunistic', 0.7]]","[['East', 'aggressive', 0.8], ['West', 'aggressive', 0.8]]",2025-08-12 05:55:53.590108871,2025-08-12,5
4366ef32-9c90-460d-b043-f8ba5b81fb57,1754980192.9552896,aggressive_vs_balanced,team2,7,10,17,3.886209726333618,"[['North', 'aggressive', 0.8], ['South', 'aggressive', 0.8]]","[['East', 'balanced', 0.5], ['West', 'balanced', 0.5]]",2025-08-12 06:29:52.955289602,2025-08-12,6
c3427140-360c-470c-a680-fa1e089697d1,1754980203.33753,conservative_vs_balanced,team1,10,6,16,8.325892448425293,"[['North', 'conservative', 0.2], ['South', 'conservative', 0.2]]","[['East', 'balanced', 0.5], ['West', 'balanced', 0.5]]",2025-08-12 06:30:03.337529898,2025-08-12,6
391de257-0720-40f7-bf57-faf47e95b130,1754980184.1030886,aggressive_vs_conservative,team1,10,6,16,2.1542413234710693,"[['North', 'aggressive', 0.8], ['South', 'aggressive', 0.8]]","[['East', 'conservative', 0.2], ['West', 'conservative', 0.2]]",2025-08-12 06:29:44.103088617,2025-08-12,6
dd9b6ad0-ac75-422f-8b3a-ea429e9e9b19,1754978142.6638982,aggressive_vs_conservative,team2,7,10,17,4.36493992805481,"[['North', 'aggressive', 0.8], ['South', 'aggressive', 0.8]]","[['East', 'conservative', 0.2], ['West', 'conservative', 0.2]]",2025-08-12 05:55:42.663898230,2025-08-12,5
4662a619-44f0-4ac8-b40e-fe939e054d3e,1754980292.1955976,conservative_vs_balanced,team2,6,10,16,2.394655227661133,"[['North', 'conservative', 0.2], ['South', 'conservative', 0.2]]","[['East', 'balanced', 0.5], ['West', 'balanced', 0.5]]",2025-08-12 06:31:32.195597649,2025-08-12,6
670a23fc-2966-4509-8314-edc211bb65ca,1754980184.5326724,aggressive_vs_conservative,team2,8,10,18,2.583815336227417,"[['North', 'aggressive', 0.8], ['South', 'aggressive', 0.8]]","[['East', 'conservative', 0.2], ['West', 'conservative', 0.2]]",2025-08-12 06:29:44.532672405,2025-08-12,6
c32701fb-af31-436f-bf2a-cefbdc50b8e1,1754980199.360256,conservative_vs_balanced,team2,6,10,16,4.348700046539307,"[['North', 'conservative', 0.2], ['South', 'conservative', 0.2]]","[['East', 'balanced', 0.5], ['West', 'balanced', 0.5]]",2025-08-12 06:29:59.360255957,2025-08-12,6
67a1a74e-854c-4390-b6da-d01a2e24ee8d,1754980300.4537032,mixed_vs_mixed,team1,10,6,16,3.218325138092041,"[['North', 'aggressive', 0.8], ['South', 'conservative', 0.2]]","[['East', 'balanced', 0.5], ['West', 'opportunistic', 0.7]]",2025-08-12 06:31:40.453703165,2025-08-12,6
4de5804a-1f51-46b6-aefd-9bffa81a9767,1754978148.897374,conservative_vs_balanced,team1,10,1,11,2.365151882171631,"[['North', 'conservative', 0.2], ['South', 'conservative', 0.2]]","[['East', 'balanced', 0.5], ['West', 'balanced', 0.5]]",2025-08-12 05:55:48.897373915,2025-08-12,5
674eb957-3586-4a7d-b141-f748baf40363,1754980194.463568,aggressive_vs_balanced,team1,10,8,18,5.394417762756348,"[['North', 'aggressive', 0.8], ['South', 'aggressive', 0.8]]","[['East', 'balanced', 0.5], ['West', 'balanced', 0.5]]",2025-08-12 06:29:54.463567972,2025-08-12,6
88c0aaf9-8cb8-4564-b1fc-497a118176cc,1754980194.9292705,aggressive_vs_balanced,team1,10,8,18,5.860103130340576,"[['North', 'aggressive', 0.8], ['South', 'aggressive', 0.8]]","[['East', 'balanced', 0.5], ['West', 'balanced', 0.5]]",2025-08-12 06:29:54.929270506,2025-08-12,6
09b2b046-4af2-4174-891c-704ee24376d2,1754980191.7769694,aggressive_vs_balanced,team1,10,8,18,2.7079336643218994,"[['North', 'aggressive', 0.8], ['South', 'aggressive', 0.8]]","[['East', 'balanced', 0.5], ['West', 'balanced', 0.5]]",2025-08-12 06:29:51.776969433,2025-08-12,6
99f7cd9d-7a95-402d-a066-bb5267a422ee,1754978157.2349122,mixed_vs_mixed,team1,10,9,19,2.4352777004241943,"[['North', 'aggressive', 0.8], ['South', 'conservative', 0.2]]","[['East', 'balanced', 0.5], ['West', 'opportunistic', 0.7]]",2025-08-12 05:55:57.234912157,2025-08-12,5
24588947-8f92-4a95-b196-55d43ef7ab0e,1754980182.9856799,aggressive_vs_conservative,team1,10,2,12,1.0368502140045166,"[['North', 'aggressive', 0.8], ['South', 'aggressive', 0.8]]","[['East', 'conservative', 0.2], ['West', 'conservative', 0.2]]",2025-08-12 06:29:42.985679865,2025-08-12,6
cb5fd158-c61a-4ec6-ba52-ba9671f8e45f,1754980287.788148,aggressive_vs_balanced,team2,6,10,16,1.1362764835357666,"[['North', 'aggressive', 0.8], ['South', 'aggressive', 0.8]]","[['East', 'balanced', 0.5], ['West', 'balanced', 0.5]]",2025-08-12 06:31:27.788147926,2025-08-12,6
b05f6a45-856a-43e3-9685-2353745897cf,1754980211.1591866,opportunistic_vs_aggressive,team2,6,10,16,6.6233532428741455,"[['North', 'opportunistic', 0.7], ['South', 'opportunistic', 0.7]]","[['East', 'aggressive', 0.8], ['West', 'aggressive', 0.8]]",2025-08-12 06:30:11.159186602,2025-08-12,6
092baca3-49cd-401a-b33b-2666de3b6e78,1754978140.303643,aggressive_vs_conservative,team1,10,5,15,2.0047800540924072,"[['North', 'aggressive', 0.8], ['South', 'aggressive', 0.8]]","[['East', 'conservative', 0.2], ['West', 'conservative', 0.2]]",2025-08-12 05:55:40.303642988,2025-08-12,5
3f058b92-6038-494b-9f69-29ab184dcb79,1754978142.5943148,aggressive_vs_conservative,team1,10,3,13,4.295361280441284,"[['North', 'aggressive', 0.8], ['South', 'aggressive', 0.8]]","[['East', 'conservative', 0.2], ['West', 'conservative', 0.2]]",2025-08-12 05:55:42.594314814,2025-08-12,5
d62cac21-0d38-4b2f-a1c2-1de4f6f9ee37,1754980287.7119057,aggressive_vs_balanced,team2,4,10,14,1.060025930404663,"[['North', 'aggressive', 0.8], ['South', 'aggressive', 0.8]]","[['East', 'balanced', 0.5], ['West', 'balanced', 0.5]]",2025-08-12 06:31:27.711905718,2025-08-12,6
a383baa6-9756-4ca7-a56c-eee5500750b8,1754980205.6845982,opportunistic_vs_aggressive,team2,5,10,15,1.1489131450653076,"[['North', 'opportunistic', 0.7], ['South', 'opportunistic', 0.7]]","[['East', 'aggressive', 0.8], ['West', 'aggressive', 0.8]]",2025-08-12 06:30:05.684598207,2025-08-12,6
d67e054e-50bf-441d-98fc-fc4247bad227,1754980188.5886915,aggressive_vs_conservative,team2,8,10,18,6.639727354049683,"[['North', 'aggressive', 0.8], ['South', 'aggressive', 0.8]]","[['East', 'conservative', 0.2], ['West', 'conservative', 0.2]]",2025-08-12 06:29:48.588691473,2025-08-12,6
162e2908-a026-4fb8-9ba5-126629b200b1,1754980213.4401362,mixed_vs_mixed,team2,8,10,18,2.1369731426239014,"[['North', 'aggressive', 0.8], ['South', 'conservative', 0.2]]","[['East', 'balanced', 0.5], ['West', 'opportunistic', 0.7]]",2025-08-12 06:30:13.440136194,2025-08-12,6
1beffcb4-19ea-4b09-bde0-c506db984cea,1754980201.108467,conservative_vs_balanced,team2,5,10,15,6.096869945526123,"[['North', 'conservative', 0.2], ['South', 'conservative', 0.2]]","[['East', 'balanced', 0.5], ['West', 'balanced', 0.5]]",2025-08-12 06:30:01.108467102,2025-08-12,6
6664ea5e-53fc-46ee-accb-bcde501adb07,1754978150.0626032,conservative_vs_balanced,team1,10,4,14,3.5303456783294678,"[['North', 'conservative', 0.2], ['South', 'conservative', 0.2]]","[['East', 'balanced', 0.5], ['West', 'balanced', 0.5]]",2025-08-12 05:55:50.062603234,2025-08-12,5
ec2d3861-d3a6-4b40-8f36-c56f7d75344c,1754978154.1327934,opportunistic_vs_aggressive,team2,2,10,12,2.5568745136260986,"[['North', 'opportunistic', 0.7], ['South', 'opportunistic', 0.7]]","[['East', 'aggressive', 0.8], ['West', 'aggressive', 0.8]]",2025-08-12 05:55:54.132793426,2025-08-12,5
457dd99e-3e49-46fb-ac9f-d5eefe1e09b4,1754978141.2133849,aggressive_vs_conservative,team1,10,5,15,2.9144840240478516,"[['North', 'aggressive', 0.8], ['South', 'aggressive', 0.8]]","[['East', 'conservative', 0.2], ['West', 'conservative', 0.2]]",2025-08-12 05:55:41.213384867,2025-08-12,5
95573501-d42d-47a5-89d3-ccc5611f8c09,1754980187.5962229,aggressive_vs_conservative,team1,10,6,16,5.647285223007202,"[['North', 'aggressive', 0.8], ['South', 'aggressive', 0.8]]","[['East', 'conservative', 0.2], ['West', 'conservative', 0.2]]",2025-08-12 06:29:47.596222878,2025-08-12,6
74b4d617-f914-4c1c-a842-632db3e2fdd5,1754980300.690892,mixed_vs_mixed,team1,10,7,17,3.4554994106292725,"[['North', 'aggressive', 0.8], ['South', 'conservative', 0.2]]","[['East', 'balanced', 0.5], ['West', 'opportunistic', 0.7]]",2025-08-12 06:31:40.690891981,2025-08-12,6
0bcec45c-3b77-43ed-8ef7-32ae7aa87273,1754980285.2946959,aggressive_vs_conservative,team1,10,9,19,2.5328497886657715,"[['North', 'aggressive', 0.8], ['South', 'aggressive', 0.8]]","[['East', 'conservative', 0.2], ['West', 'conservative', 0.2]]",2025-08-12 06:31:25.294695854,2025-08-12,6
731ef7bc-d01a-4b7b-b0d2-c394b12e6231,1754980206.0216763,opportunistic_vs_aggressive,team2,9,10,19,1.4859857559204102,"[['North', 'opportunistic', 0.7], ['South', 'opportunistic', 0.7]]","[['East', 'aggressive', 0.8], ['West', 'aggressive', 0.8]]",2025-08-12 06:30:06.021676302,2025-08-12,6
7915776f-8bd7-4945-bd98-28f6e8387004,1754978152.6914055,opportunistic_vs_aggressive,team2,9,10,19,1.1155762672424316,"[['North', 'opportunistic', 0.7], ['South', 'opportunistic', 0.7]]","[['East', 'aggressive', 0.8], ['West', 'aggressive', 0.8]]",2025-08-12 05:55:52.691405535,2025-08-12,5
03708d86-2a06-4f08-b5f5-8d610d2b2751,1754978148.993815,conservative_vs_balanced,team1,10,6,16,2.4616031646728516,"[['North', 'conservative', 0.2], ['South', 'conservative', 0.2]]","[['East', 'balanced', 0.5], ['West', 'balanced', 0.5]]",2025-08-12 05:55:48.993814945,2025-08-12,5
cfa62f06-26d7-4598-b706-36ca5900b2ee,1754978139.148814,aggressive_vs_conservative,team1,10,4,14,0.8499977588653564,"[['North', 'aggressive', 0.8], ['South', 'aggressive', 0.8]]","[['East', 'conservative', 0.2], ['West', 'conservative', 0.2]]",2025-08-12 05:55:39.148813963,2025-08-12,5
8fed1d44-0b11-4bca-a428-419216689ef4,1754978145.731923,aggressive_vs_balanced,team1,10,6,16,3.047485828399658,"[['North', 'aggressive', 0.8], ['South', 'aggressive', 0.8]]","[['East', 'balanced', 0.5], ['West', 'balanced', 0.5]]",2025-08-12 05:55:45.731923103,2025-08-12,5
9a02079f-2403-44b4-861b-ef43cf374a20,1754980217.5202777,mixed_vs_mixed,team1,10,6,16,6.216879367828369,"[['North', 'aggressive', 0.8], ['South', 'conservative', 0.2]]","[['East', 'balanced', 0.5], ['West', 'opportunistic', 0.7]]",2025-08-12 06:30:17.520277738,2025-08-12,6
cb9f1556-18db-4ca8-be21-19d603eaea35,1754980288.647816,aggressive_vs_balanced,team2,7,10,17,1.9959118366241455,"[['North', 'aggressive', 0.8], ['South', 'aggressive', 0.8]]","[['East', 'balanced', 0.5], ['West', 'balanced', 0.5]]",2025-08-12 06:31:28.647815943,2025-08-12,6
2902fa91-e3fd-48fd-81b8-13091b7dcc8b,1754980295.1569865,opportunistic_vs_aggressive,team2,5,10,15,1.0077126026153564,"[['North', 'opportunistic', 0.7], ['South', 'opportunistic', 0.7]]","[['East', 'aggressive', 0.8], ['West', 'aggressive', 0.8]]",2025-08-12 06:31:35.156986475,2025-08-12,6
4d2423c2-61bd-4cb8-8402-f750a38342f8,1754980298.7554815,mixed_vs_mixed,team1,10,9,19,1.5201663970947266,"[['North', 'aggressive', 0.8], ['South', 'conservative', 0.2]]","[['East', 'balanced', 0.5], ['West', 'opportunistic', 0.7]]",2025-08-12 06:31:38.755481482,2025-08-12,6
6cd1ee1a-9ae4-4901-87d0-16cc9328ef5f,1754978155.3474472,mixed_vs_mixed,team2,4,10,14,0.5478839874267578,"[['North', 'aggressive', 0.8], ['South', 'conservative', 0.2]]","[['East', 'balanced', 0.5], ['West', 'opportunistic', 0.7]]",2025-08-12 05:55:55.347447157,2025-08-12,5
0d800f38-ce08-419d-85b0-8d899796e5aa,1754980188.6205888,aggressive_vs_conservative,team1,10,8,18,6.671626567840576,"[['North', 'aggressive', 0.8], ['South', 'aggressive', 0.8]]","[['East', 'conservative', 0.2], ['West', 'conservative', 0.2]]",2025-08-12 06:29:48.620588779,2025-08-12,6
59fccba8-1438-4ea1-af85-4ee3f2a2cdf7,1754980299.8017166,mixed_vs_mixed,team2,8,10,18,2.5663537979125977,"[['North', 'aggressive', 0.8], ['South', 'conservative', 0.2]]","[['East', 'balanced', 0.5], ['West', 'opportunistic', 0.7]]",2025-08-12 06:31:39.801716566,2025-08-12,6
964e0737-3563-4263-a6c4-1bafddc1d321,1754978152.6880357,opportunistic_vs_aggressive,team1,10,8,18,1.1122043132781982,"[['North', 'opportunistic', 0.7], ['South', 'opportunistic', 0.7]]","[['East', 'aggressive', 0.8], ['West', 'aggressive', 0.8]]",2025-08-12 05:55:52.688035727,2025-08-12,5
d0217098-effb-454b-a63e-97f715038023,1754978154.1667302,opportunistic_vs_aggressive,team1,10,6,16,2.590815544128418,"[['North', 'opportunistic', 0.7], ['South', 'opportunistic', 0.7]]","[['East', 'aggressive', 0.8], ['West', 'aggressive', 0.8]]",2025-08-12 05:55:54.166730165,2025-08-12,5
f2f9cfa4-5c99-42bd-9b0b-5fdfb78f9d34,1754978154.7534053,opportunistic_vs_aggressive,team2,6,10,16,3.1774559020996094,"[['North', 'opportunistic', 0.7], ['South', 'opportunistic', 0.7]]","[['East', 'aggressive', 0.8], ['West', 'aggressive', 0.8]]",2025-08-12 05:55:54.753405333,2025-08-12,5
900ee34a-d8f4-491f-9c65-8036bb42037f,1754980213.6999412,mixed_vs_mixed,team1,10,9,19,2.396751880645752,"[['North', 'aggressive', 0.8], ['South', 'conservative', 0.2]]","[['East', 'balanced', 0.5], ['West', 'opportunistic', 0.7]]",2025-08-12 06:30:13.699941158,2025-08-12,6
1d92019a-ffd8-45ca-87b6-554c442621a7,1754980288.9289603,aggressive_vs_balanced,team2,8,10,18,2.277048349380493,"[['North', 'aggressive', 0.8], ['South', 'aggressive', 0.8]]","[['East', 'balanced', 0.5], ['West', 'balanced', 0.5]]",2025-08-12 06:31:28.928960323,2025-08-12,6
9bef572d-b34a-4cf6-8e67-0aaa891c0120,1754980204.0361981,conservative_vs_balanced,team1,10,5,15,9.024547100067139,"[['North', 'conservative', 0.2], ['South', 'conservative', 0.2]]","[['East', 'balanced', 0.5], ['West', 'balanced', 0.5]]",2025-08-12 06:30:04.036198139,2025-08-12,6
4253393a-37b5-4bee-a3e8-fd5f577e22be,1754978144.8216891,aggressive_vs_balanced,team2,5,10,15,2.13728404045105,"[['North', 'aggressive', 0.8], ['South', 'aggressive', 0.8]]","[['East', 'balanced', 0.5], ['West', 'balanced', 0.5]]",2025-08-12 05:55:44.821689129,2025-08-12,5
dabf1ee7-55bb-46ae-8b32-ad483d4c0cab,1754980190.9595883,aggressive_vs_balanced,team2,5,10,15,1.8905773162841797,"[['North', 'aggressive', 0.8], ['South', 'aggressive', 0.8]]","[['East', 'balanced', 0.5], ['West', 'balanced', 0.5]]",2025-08-12 06:29:50.959588289,2025-08-12,6
172f3dd7-c448-4a68-a96a-218ae5643be4,1754980208.9486914,opportunistic_vs_aggressive,team2,6,10,16,4.412923812866211,"[['North', 'opportunistic', 0.7], ['South', 'opportunistic', 0.7]]","[['East', 'aggressive', 0.8], ['West', 'aggressive', 0.8]]",2025-08-12 06:30:08.948691368,2025-08-12,6
725a2178-bc7c-4715-963a-b33ae23402e1,1754980284.196774,aggressive_vs_conservative,team2,7,10,17,1.434959888458252,"[['North', 'aggressive', 0.8], ['South', 'aggressive', 0.8]]","[['East', 'conservative', 0.2], ['West', 'conservative', 0.2]]",2025-08-12 06:31:24.196774006,2025-08-12,6
46a8cf12-15d0-4084-9587-fc85a773018a,1754980186.5046449,aggressive_vs_conservative,team1,10,6,16,4.555740594863892,"[['North', 'aggressive', 0.8], ['South', 'aggressive', 0.8]]","[['East', 'conservative', 0.2], ['West', 'conservative', 0.2]]",2025-08-12 06:29:46.504644871,2025-08-12,6
062cd2d0-02c7-4427-be20-d58f56134410,1754980296.083361,opportunistic_vs_aggressive,team1,10,8,18,1.9340627193450928,"[['North', 'opportunistic', 0.7], ['South', 'opportunistic', 0.7]]","[['East', 'aggressive', 0.8], ['West', 'aggressive', 0.8]]",2025-08-12 06:31:36.083360910,2025-08-12,6
4ae8bd80-d944-47fd-a532-8d7f8f8c4864,1754980299.5858107,mixed_vs_mixed,team2,7,10,17,2.3504483699798584,"[['North', 'aggressive', 0.8], ['South', 'conservative', 0.2]]","[['East', 'balanced', 0.5], ['West', 'opportunistic', 0.7]]",2025-08-12 06:31:39.585810661,2025-08-12,6
4977e3a4-b0e2-4164-8af3-3bc6c9a5b886,1754980210.875093,opportunistic_vs_aggressive,team2,3,10,13,6.339263677597046,"[['North', 'opportunistic', 0.7], ['South', 'opportunistic', 0.7]]","[['East', 'aggressive', 0.8], ['West', 'aggressive', 0.8]]",2025-08-12 06:30:10.875092983,2025-08-12,6
55f49683-0c44-4e9d-95b2-7c535b950468,1754980208.3510408,opportunistic_vs_aggressive,team2,9,10,19,3.815286874771118,"[['North', 'opportunistic', 0.7], ['South', 'opportunistic', 0.7]]","[['East', 'aggressive', 0.8], ['West', 'aggressive', 0.8]]",2025-08-12 06:30:08.351040840,2025-08-12,6
628a00b0-3605-46ee-a73d-8bba5eb393e3,1754980216.3731327,mixed_vs_mixed,team2,8,10,18,5.069775104522705,"[['North', 'aggressive', 0.8], ['South', 'conservative', 0.2]]","[['East', 'balanced', 0.5], ['West', 'opportunistic', 0.7]]",2025-08-12 06:30:16.373132706,2025-08-12,6
f57ae32a-8599-4469-907f-d431f5165303,1754978139.8459017,aggressive_vs_conservative,team2,8,10,18,1.5470614433288574,"[['North', 'aggressive', 0.8], ['South', 'aggressive', 0.8]]","[['East', 'conservative', 0.2], ['West', 'conservative', 0.2]]",2025-08-12 05:55:39.845901728,2025-08-12,5
e8b1aee8-b20c-41d2-b6c0-e395d50f15fd,1754980206.7738466,opportunistic_vs_aggressive,team2,6,10,16,2.238123893737793,"[['North', 'opportunistic', 0.7], ['South', 'opportunistic', 0.7]]","[['East', 'aggressive', 0.8], ['West', 'aggressive', 0.8]]",2025-08-12 06:30:06.773846626,2025-08-12,6
cdc2ef65-c4ca-40e9-9dcc-d1824e97745d,1754980202.2593403,conservative_vs_balanced,team2,8,10,18,7.24773383140564,"[['North', 'conservative', 0.2], ['South', 'conservative', 0.2]]","[['East', 'balanced', 0.5], ['West', 'balanced', 0.5]]",2025-08-12 06:30:02.259340285,2025-08-12,6
21d4b524-0785-46a9-94a9-a03c12c32cd0,1754978147.4768765,conservative_vs_balanced,team1,10,6,16,0.9447281360626221,"[['North', 'conservative', 0.2], ['South', 'conservative', 0.2]]","[['East', 'balanced', 0.5], ['West', 'balanced', 0.5]]",2025-08-12 05:55:47.476876497,2025-08-12,5
2c72fdde-87ef-4132-b175-1612eceebd5b,1754980285.2302647,aggressive_vs_conservative,team2,7,10,17,2.4684159755706787,"[['North', 'aggressive', 0.8], ['South', 'aggressive', 0.8]]","[['East', 'conservative', 0.2], ['West', 'conservative', 0.2]]",2025-08-12 06:31:25.230264664,2025-08-12,6
464e727e-e351-47a0-89f7-649e7f5055cc,1754978141.5228627,aggressive_vs_conservative,team1,10,4,14,3.223951578140259,"[['North', 'aggressive', 0.8], ['South', 'aggressive', 0.8]]","[['East', 'conservative', 0.2], ['West', 'conservative', 0.2]]",2025-08-12 05:55:41.522862673,2025-08-12,5
0c40f9ac-a29f-4599-b960-2e9a732d25dd,1754978152.1633346,opportunistic_vs_aggressive,team1,10,3,13,0.5875122547149658,"[['North', 'opportunistic', 0.7], ['South', 'opportunistic', 0.7]]","[['East', 'aggressive', 0.8], ['West', 'aggressive', 0.8]]",2025-08-12 05:55:52.163334608,2025-08-12,5
5d77bc03-e874-4e6c-a13f-1ac83e1263cb,1754980192.692349,aggressive_vs_balanced,team1,10,7,17,3.6232810020446777,"[['North', 'aggressive', 0.8], ['South', 'aggressive', 0.8]]","[['East', 'balanced', 0.5], ['West', 'balanced', 0.5]]",2025-08-12 06:29:52.692348957,2025-08-12,6
e13afce2-41c1-4c62-b074-df347ed45ece,1754980199.4116235,conservative_vs_balanced,team2,7,10,17,4.400069952011108,"[['North', 'conservative', 0.2], ['South', 'conservative', 0.2]]","[['East', 'balanced', 0.5], ['West', 'balanced', 0.5]]",2025-08-12 06:29:59.411623478,2025-08-12,6
09a64e68-c913-4dbe-8e8b-205a9c4fbc28,1754980217.6202862,mixed_vs_mixed,team1,10,7,17,6.316891193389893,"[['North', 'aggressive', 0.8], ['South', 'conservative', 0.2]]","[['East', 'balanced', 0.5], ['West', 'opportunistic', 0.7]]",2025-08-12 06:30:17.620286226,2025-08-12,6
ce8d680a-294c-4c22-abe2-72ff59c7d687,1754980300.2698507,mixed_vs_mixed,team2,3,10,13,3.0344715118408203,"[['North', 'aggressive', 0.8], ['South', 'conservative', 0.2]]","[['East', 'balanced', 0.5], ['West', 'opportunistic', 0.7]]",2025-08-12 06:31:40.269850731,2025-08-12,6
9865275a-99ea-441d-a7c3-1d8887238614,1754980209.75526,opportunistic_vs_aggressive,team1,10,7,17,5.219471216201782,"[['North', 'opportunistic', 0.7], ['South', 'opportunistic', 0.7]]","[['East', 'aggressive', 0.8], ['West', 'aggressive', 0.8]]",2025-08-12 06:30:09.755259991,2025-08-12,6
3d071ba6-6042-4a10-86e9-d223a133b10f,1754980295.3678048,opportunistic_vs_aggressive,team1,10,9,19,1.2185523509979248,"[['North', 'opportunistic', 0.7], ['South', 'opportunistic', 0.7]]","[['East', 'aggressive', 0.8], ['West', 'aggressive', 0.8]]",2025-08-12 06:31:35.367804766,2025-08-12,6
7a6fbafd-58d1-47cd-936a-9cbba1450d1d,1754980186.5015306,aggressive_vs_conservative,team2,5,10,15,4.552619695663452,"[['North', 'aggressive', 0.8], ['South', 'aggressive', 0.8]]","[['East', 'conservative', 0.2], ['West', 'conservative', 0.2]]",2025-08-12 06:29:46.501530647,2025-08-12,6
abfa401c-f858-47ac-b160-452e49ddec5e,1754980213.737828,mixed_vs_mixed,team2,9,10,19,2.43464732170105,"[['North', 'aggressive', 0.8], ['South', 'conservative', 0.2]]","[['East', 'balanced', 0.5], ['West', 'opportunistic', 0.7]]",2025-08-12 06:30:13.737828016,2025-08-12,6
1f773b33-d290-4a1e-9b66-3e6383106e5b,1754980210.1173115,opportunistic_vs_aggressive,team2,6,10,16,5.5815112590789795,"[['North', 'opportunistic', 0.7], ['South', 'opportunistic', 0.7]]","[['East', 'aggressive', 0.8], ['West', 'aggressive', 0.8]]",2025-08-12 06:30:10.117311478,2025-08-12,6
6f46692a-1bbe-4655-8361-7a6b9bbd67c4,1754980295.391537,opportunistic_vs_aggressive,team1,10,9,19,1.2422747611999512,"[['North', 'opportunistic', 0.7], ['South', 'opportunistic', 0.7]]","[['East', 'aggressive', 0.8], ['West', 'aggressive', 0.8]]",2025-08-12 06:31:35.391536951,2025-08-12,6
41224b1a-5eb6-430c-bb3b-bf7eed5ef7a7,1754980291.2703056,conservative_vs_balanced,team1,10,9,19,1.4693872928619385,"[['North', 'conservative', 0.2], ['South', 'conservative', 0.2]]","[['East', 'balanced', 0.5], ['West', 'balanced', 0.5]]",2025-08-12 06:31:31.270305634,2025-08-12,6
ff08a365-3a2a-4110-8236-526afed106c2,1754980188.9196172,aggressive_vs_conservative,team1,10,9,19,6.970636606216431,"[['North', 'aggressive', 0.8], ['South', 'aggressive', 0.8]]","[['East', 'conservative', 0.2], ['West', 'conservative', 0.2]]",2025-08-12 06:29:48.919617176,2025-08-12,6
534e58dd-5550-43c9-a206-31a21372b762,1754980201.051281,conservative_vs_balanced,team1,10,8,18,6.039697885513306,"[['North', 'conservative', 0.2], ['South', 'conservative', 0.2]]","[['East', 'balanced', 0.5], ['West', 'balanced', 0.5]]",2025-08-12 06:30:01.051280975,2025-08-12,6
6271f24a-37dd-41e5-805b-01aef1001390,1754978156.1507087,mixed_vs_mixed,team1,10,9,19,1.351109266281128,"[['North', 'aggressive', 0.8], ['South', 'conservative', 0.2]]","[['East', 'balanced', 0.5], ['West', 'opportunistic', 0.7]]",2025-08-12 05:55:56.150708675,2025-08-12,5
d9727be0-8947-4e36-98ce-00a0ae93e452,1754980192.0357072,aggressive_vs_balanced,team1,10,7,17,2.9666624069213867,"[['North', 'aggressive', 0.8], ['South', 'aggressive', 0.8]]","[['East', 'balanced', 0.5], ['West', 'balanced', 0.5]]",2025-08-12 06:29:52.035707235,2025-08-12,6
9a72ae94-e5ee-4e47-927b-6a74856f9395,1754980212.5525427,mixed_vs_mixed,team2,6,10,16,1.2493867874145508,"[['North', 'aggressive', 0.8], ['South', 'conservative', 0.2]]","[['East', 'balanced', 0.5], ['West', 'opportunistic', 0.7]]",2025-08-12 06:30:12.552542686,2025-08-12,6
914c0373-8eb7-4d62-9d88-3bfb59ebc185,1754978147.5382576,conservative_vs_balanced,team1,10,8,18,1.006098985671997,"[['North', 'conservative', 0.2], ['South', 'conservative', 0.2]]","[['East', 'balanced', 0.5], ['West', 'balanced', 0.5]]",2025-08-12 05:55:47.538257599,2025-08-12,5
88c34203-7ace-428a-a0ad-5a7f4026a5e6,1754980187.5908785,aggressive_vs_conservative,team1,10,8,18,5.641942262649536,"[['North', 'aggressive', 0.8], ['South', 'aggressive', 0.8]]","[['East', 'conservative', 0.2], ['West', 'conservative', 0.2]]",2025-08-12 06:29:47.590878487,2025-08-12,6
afcdcbec-31fe-4aa3-a949-500a62aaa3fe,1754980215.27791,mixed_vs_mixed,team1,10,5,15,3.974586009979248,"[['North', 'aggressive', 0.8], ['South', 'conservative', 0.2]]","[['East', 'balanced', 0.5], ['West', 'opportunistic', 0.7]]",2025-08-12 06:30:15.277909994,2025-08-12,6
c66b5d35-688f-4956-ad62-2dd2559e102f,1754980216.6406488,mixed_vs_mixed,team1,10,6,16,5.337284326553345,"[['North', 'aggressive', 0.8], ['South', 'conservative', 0.2]]","[['East', 'balanced', 0.5], ['West', 'opportunistic', 0.7]]",2025-08-12 06:30:16.640648842,2025-08-12,6
9b91f98e-f4da-4bea-b04b-02a854b049a2,1754980185.6835482,aggressive_vs_conservative,team1,10,9,19,3.7346653938293457,"[['North', 'aggressive', 0.8], ['South', 'aggressive', 0.8]]","[['East', 'conservative', 0.2], ['West', 'conservative', 0.2]]",2025-08-12 06:29:45.683548212,2025-08-12,6
07de9635-297b-4c5a-8678-cbfffbd8cf8e,1754978142.6323454,aggressive_vs_conservative,team1,10,7,17,4.3333916664123535,"[['North', 'aggressive', 0.8], ['South', 'aggressive', 0.8]]","[['East', 'conservative', 0.2], ['West', 'conservative', 0.2]]",2025-08-12 05:55:42.632345438,2025-08-12,5
9f829f04-8c30-4b75-aef8-7e725efa2a9e,1754980211.1237936,opportunistic_vs_aggressive,team2,5,10,15,6.587957143783569,"[['North', 'opportunistic', 0.7], ['South', 'opportunistic', 0.7]]","[['East', 'aggressive', 0.8], ['West', 'aggressive', 0.8]]",2025-08-12 06:30:11.123793602,2025-08-12,6
ed9bc37a-b6bf-497c-84ea-ae2b6ead4f33,1754978139.168572,aggressive_vs_conservative,team1,10,5,15,0.8697564601898193,"[['North', 'aggressive', 0.8], ['South', 'aggressive', 0.8]]","[['East', 'conservative', 0.2], ['West', 'conservative', 0.2]]",2025-08-12 05:55:39.168571949,2025-08-12,5
e13f1754-defb-480f-8718-f5410c397631,1754980297.140383,opportunistic_vs_aggressive,team2,7,10,17,2.9910449981689453,"[['North', 'opportunistic', 0.7], ['South', 'opportunistic', 0.7]]","[['East', 'aggressive', 0.8], ['West', 'aggressive', 0.8]]",2025-08-12 06:31:37.140383005,2025-08-12,6
c606a588-2a6f-42e3-8dfb-b4432ba80ff5,1754978153.3335035,opportunistic_vs_aggressive,team2,7,10,17,1.757627010345459,"[['North', 'opportunistic', 0.7], ['South', 'opportunistic', 0.7]]","[['East', 'aggressive', 0.8], ['West', 'aggressive', 0.8]]",2025-08-12 05:55:53.333503485,2025-08-12,5
e5463e86-853f-4d5d-81e0-99d8388ef19a,1754978152.0846815,opportunistic_vs_aggressive,team1,10,2,12,0.5088655948638916,"[['North', 'opportunistic', 0.7], ['South', 'opportunistic', 0.7]]","[['East', 'aggressive', 0.8], ['West', 'aggressive', 0.8]]",2025-08-12 05:55:52.084681511,2025-08-12,5
38d28664-1cda-4208-9252-a9248705a652,1754978148.103794,conservative_vs_balanced,team1,10,3,13,1.5716006755828857,"[['North', 'conservative', 0.2], ['South', 'conservative', 0.2]]","[['East', 'balanced', 0.5], ['West', 'balanced', 0.5]]",2025-08-12 05:55:48.103794098,2025-08-12,5
8cc83077-28a9-4beb-9635-0f8d7b27be23,1754980194.261199,aggressive_vs_balanced,team2,6,10,16,5.192052364349365,"[['North', 'aggressive', 0.8], ['South', 'aggressive', 0.8]]","[['East', 'balanced', 0.5], ['West', 'balanced', 0.5]]",2025-08-12 06:29:54.261198997,2025-08-12,6
676e8fc1-20a6-4d81-903e-6be3ed3ae2f1,1754980203.7486048,conservative_vs_balanced,team2,8,10,18,8.736968994140625,"[['North', 'conservative', 0.2], ['South', 'conservative', 0.2]]","[['East', 'balanced', 0.5], ['West', 'balanced', 0.5]]",2025-08-12 06:30:03.748604774,2025-08-12,6
e251a230-30c2-4a98-ab66-040b968bde27,1754978155.3295913,mixed_vs_mixed,team2,3,10,13,0.5300207138061523,"[['North', 'aggressive', 0.8], ['South', 'conservative', 0.2]]","[['East', 'balanced', 0.5], ['West', 'opportunistic', 0.7]]",2025-08-12 05:55:55.329591274,2025-08-12,5
02585736-5cc6-41f2-aae5-477995b08ade,1754980287.5175843,aggressive_vs_balanced,team2,2,10,12,0.8657429218292236,"[['North', 'aggressive', 0.8], ['South', 'aggressive', 0.8]]","[['East', 'balanced', 0.5], ['West', 'balanced', 0.5]]",2025-08-12 06:31:27.517584324,2025-08-12,6
b9268a7f-0bd6-4ecb-8af4-2803e032f18d,1754980298.3522854,mixed_vs_mixed,team1,10,4,14,1.1169471740722656,"[['North', 'aggressive', 0.8], ['South', 'conservative', 0.2]]","[['East', 'balanced', 0.5], ['West', 'opportunistic', 0.7]]",2025-08-12 06:31:38.352285385,2025-08-12,6
404254fa-ee53-4aba-9f50-011cf22b2479,1754978153.1763954,opportunistic_vs_aggressive,team1,10,5,15,1.60052490234375,"[['North', 'opportunistic', 0.7], ['South', 'opportunistic', 0.7]]","[['East', 'aggressive', 0.8], ['West', 'aggressive', 0.8]]",2025-08-12 05:55:53.176395416,2025-08-12,5
4defdd8f-90a4-4dbc-8c15-780da5ba6e63,1754980186.7464411,aggressive_vs_conservative,team1,10,9,19,4.7975287437438965,"[['North', 'aggressive', 0.8], ['South', 'aggressive', 0.8]]","[['East', 'conservative', 0.2], ['West', 'conservative', 0.2]]",2025-08-12 06:29:46.746441126,2025-08-12,6
c2b9ae8b-03c0-4807-b0ec-34bb830ada55,1754980296.852665,opportunistic_vs_aggressive,team2,5,10,15,2.70333194732666,"[['North', 'opportunistic', 0.7], ['South', 'opportunistic', 0.7]]","[['East', 'aggressive', 0.8], ['West', 'aggressive', 0.8]]",2025-08-12 06:31:36.852664948,2025-08-12,6
bb21a861-adc1-4e10-9b04-b134f78f6c65,1754978146.0937965,aggressive_vs_balanced,team1,10,9,19,3.4093453884124756,"[['North', 'aggressive', 0.8], ['South', 'aggressive', 0.8]]","[['East', 'balanced', 0.5], ['West', 'balanced', 0.5]]",2025-08-12 05:55:46.093796492,2025-08-12,5
56dcdc58-5cc0-444b-b57f-526ea9d0e264,1754978151.5545635,conservative_vs_balanced,team1,10,9,19,5.0222413539886475,"[['North', 'conservative', 0.2], ['South', 'conservative', 0.2]]","[['East', 'balanced', 0.5], ['West', 'balanced', 0.5]]",2025-08-12 05:55:51.554563522,2025-08-12,5
328058ce-f73a-42e3-b7ad-e1ce371ebd93,1754980298.3584108,mixed_vs_mixed,team2,3,10,13,1.123093605041504,"[['North', 'aggressive', 0.8], ['South', 'conservative', 0.2]]","[['East', 'balanced', 0.5], ['West', 'opportunistic', 0.7]]",2025-08-12 06:31:38.358410835,2025-08-12,6
d9434c83-91f3-453a-be55-bcdaa2564fe9,1754980294.0618207,conservative_vs_balanced,team1,10,9,19,4.260810852050781,"[['North', 'conservative', 0.2], ['South', 'conservative', 0.2]]","[['East', 'balanced', 0.5], ['West', 'balanced', 0.5]]",2025-08-12 06:31:34.061820745,2025-08-12,6
c698ed5f-a12c-4cc5-a267-87ef865e0699,1754980190.1831002,aggressive_vs_balanced,team2,7,10,17,1.1141045093536377,"[['North', 'aggressive', 0.8], ['South', 'aggressive', 0.8]]","[['East', 'balanced', 0.5], ['West', 'balanced', 0.5]]",2025-08-12 06:29:50.183100224,2025-08-12,6
cc573606-1a0b-445c-ba53-14c222a16967,1754978139.2045,aggressive_vs_conservative,team2,6,10,16,0.9056737422943115,"[['North', 'aggressive', 0.8], ['South', 'aggressive', 0.8]]","[['East', 'conservative', 0.2], ['West', 'conservative', 0.2]]",2025-08-12 05:55:39.204499960,2025-08-12,5
4c1d34f4-ddde-4f2b-9d69-2ed322b9c856,1754978154.205713,opportunistic_vs_aggressive,team2,6,10,16,2.62979793548584,"[['North', 'opportunistic', 0.7], ['South', 'opportunistic', 0.7]]","[['East', 'aggressive', 0.8], ['West', 'aggressive', 0.8]]",2025-08-12 05:55:54.205713034,2025-08-12,5
bb41c64b-accb-466c-92df-d1c02956313d,1754978148.8490298,conservative_vs_balanced,team2,6,10,16,2.316821336746216,"[['North', 'conservative', 0.2], ['South', 'conservative', 0.2]]","[['East', 'balanced', 0.5], ['West', 'balanced', 0.5]]",2025-08-12 05:55:48.849029779,2025-08-12,5
15f96f94-e754-4854-97e1-0364597503f2,1754980285.1768053,aggressive_vs_conservative,team2,6,10,16,2.4149603843688965,"[['North', 'aggressive', 0.8], ['South', 'aggressive', 0.8]]","[['East', 'conservative', 0.2], ['West', 'conservative', 0.2]]",2025-08-12 06:31:25.176805258,2025-08-12,6
c93adddb-dc6d-4c9c-a0bf-dc750642f133,1754980296.2317061,opportunistic_vs_aggressive,team1,10,9,19,2.082399845123291,"[['North', 'opportunistic', 0.7], ['South', 'opportunistic', 0.7]]","[['East', 'aggressive', 0.8], ['West', 'aggressive', 0.8]]",2025-08-12 06:31:36.231706142,2025-08-12,6
413e3791-3746-489e-9810-24dc2899e7aa,1754978147.5278285,conservative_vs_balanced,team2,8,10,18,0.9956779479980469,"[['North', 'conservative', 0.2], ['South', 'conservative', 0.2]]","[['East', 'balanced', 0.5], ['West', 'balanced', 0.5]]",2025-08-12 05:55:47.527828455,2025-08-12,5
051f904e-f852-4668-9696-a85938e21d4c,1754980284.3666387,aggressive_vs_conservative,team2,9,10,19,1.604820966720581,"[['North', 'aggressive', 0.8], ['South', 'aggressive', 0.8]]","[['East', 'conservative', 0.2], ['West', 'conservative', 0.2]]",2025-08-12 06:31:24.366638660,2025-08-12,6
a06d0caa-b62c-4bd5-a264-a7805dcb78b2,1754980286.4698536,aggressive_vs_conservative,team1,10,9,19,3.70829701423645,"[['North', 'aggressive', 0.8], ['South', 'aggressive', 0.8]]","[['East', 'conservative', 0.2], ['West', 'conservative', 0.2]]",2025-08-12 06:31:26.469853640,2025-08-12,6
cebb5011-e38a-4f57-a4c8-cd9af64bd3e9,1754980295.8730397,opportunistic_vs_aggressive,team1,10,6,16,1.723754644393921,"[['North', 'opportunistic', 0.7], ['South', 'opportunistic', 0.7]]","[['East', 'aggressive', 0.8], ['West', 'aggressive', 0.8]]",2025-08-12 06:31:35.873039722,2025-08-12,6
8e4f41ab-85b3-40fe-a90b-812527aa2444,1754980187.8766086,aggressive_vs_conservative,team2,5,10,15,5.927659273147583,"[['North', 'aggressive', 0.8], ['South', 'aggressive', 0.8]]","[['East', 'conservative', 0.2], ['West', 'conservative', 0.2]]",2025-08-12 06:29:47.876608610,2025-08-12,6
44455dd9-3a71-4c2b-915b-ef30a98524ed,1754980289.4870698,aggressive_vs_balanced,team2,9,10,19,2.835143804550171,"[['North', 'aggressive', 0.8], ['South', 'aggressive', 0.8]]","[['East', 'balanced', 0.5], ['West', 'balanced', 0.5]]",2025-08-12 06:31:29.487069845,2025-08-12,6
40f84410-7520-400c-80a5-07204345e637,1754980201.3244078,conservative_vs_balanced,team2,9,10,19,6.312822341918945,"[['North', 'conservative', 0.2], ['South', 'conservative', 0.2]]","[['East', 'balanced', 0.5], ['West', 'balanced', 0.5]]",2025-08-12 06:30:01.324407816,2025-08-12,6
487c1baa-d75f-4d5f-a861-ce08057d73e6,1754980296.6794531,opportunistic_vs_aggressive,team2,8,10,18,2.5301427841186523,"[['North', 'opportunistic', 0.7], ['South', 'opportunistic', 0.7]]","[['East', 'aggressive', 0.8], ['West', 'aggressive', 0.8]]",2025-08-12 06:31:36.679453135,2025-08-12,6
11ca3d79-4cb4-45f5-8b28-6186c095c591,1754978143.982478,aggressive_vs_balanced,team1,10,9,19,1.2981171607971191,"[['North', 'aggressive', 0.8], ['South', 'aggressive', 0.8]]","[['East', 'balanced', 0.5], ['West', 'balanced', 0.5]]",2025-08-12 05:55:43.982477903,2025-08-12,5
939b4f63-124e-4352-93fb-f832d5a7756f,1754978155.30577,mixed_vs_mixed,team2,4,10,14,0.5061957836151123,"[['North', 'aggressive', 0.8], ['South', 'conservative', 0.2]]","[['East', 'balanced', 0.5], ['West', 'opportunistic', 0.7]]",2025-08-12 05:55:55.305769920,2025-08-12,5
0e585250-3769-428e-920b-41152dd45a84,1754978140.2141263,aggressive_vs_conservative,team1,10,8,18,1.915266752243042,"[['North', 'aggressive', 0.8], ['South', 'aggressive', 0.8]]","[['East', 'conservative', 0.2], ['West', 'conservative', 0.2]]",2025-08-12 05:55:40.214126348,2025-08-12,5
ca35911a-44e4-4d78-b151-a85dd7daa7dc,1754980209.5180566,opportunistic_vs_aggressive,team1,10,6,16,4.982272386550903,"[['North', 'opportunistic', 0.7], ['South', 'opportunistic', 0.7]]","[['East', 'aggressive', 0.8], ['West', 'aggressive', 0.8]]",2025-08-12 06:30:09.518056631,2025-08-12,6
1ff0b9cf-2e0e-4d13-b88f-10bedac8a4c5,1754978157.213789,mixed_vs_mixed,team2,7,10,17,2.4141573905944824,"[['North', 'aggressive', 0.8], ['South', 'conservative', 0.2]]","[['East', 'balanced', 0.5], ['West', 'opportunistic', 0.7]]",2025-08-12 05:55:57.213788986,2025-08-12,5
4eb1aa06-61de-4c74-a597-764adf2db8d0,1754980295.8123965,opportunistic_vs_aggressive,team1,10,2,12,1.663095235824585,"[['North', 'opportunistic', 0.7], ['South', 'opportunistic', 0.7]]","[['East', 'aggressive', 0.8], ['West', 'aggressive', 0.8]]",2025-08-12 06:31:35.812396526,2025-08-12,6
2dc796c4-da83-44ff-a0a1-115b43d97776,1754980207.0224555,opportunistic_vs_aggressive,team1,10,9,19,2.4867312908172607,"[['North', 'opportunistic', 0.7], ['South', 'opportunistic', 0.7]]","[['East', 'aggressive', 0.8], ['West', 'aggressive', 0.8]]",2025-08-12 06:30:07.022455454,2025-08-12,6
d3284648-aa49-4c1c-aa41-0b1bfdb7fb05,1754978156.7082672,mixed_vs_mixed,team2,8,10,18,1.90865159034729,"[['North', 'aggressive', 0.8], ['South', 'conservative', 0.2]]","[['East', 'balanced', 0.5], ['West', 'opportunistic', 0.7]]",2025-08-12 05:55:56.708267212,2025-08-12,5
69977f60-bc7e-4bce-8753-d515e5000be3,1754978140.992571,aggressive_vs_conservative,team2,8,10,18,2.6936826705932617,"[['North', 'aggressive', 0.8], ['South', 'aggressive', 0.8]]","[['East', 'conservative', 0.2], ['West', 'conservative', 0.2]]",2025-08-12 05:55:40.992571115,2025-08-12,5
7afa6351-1f16-4524-9610-82b69c116041,1754978142.261073,aggressive_vs_conservative,team2,5,10,15,3.9621353149414062,"[['North', 'aggressive', 0.8], ['South', 'aggressive', 0.8]]","[['East', 'conservative', 0.2], ['West', 'conservative', 0.2]]",2025-08-12 05:55:42.261073112,2025-08-12,5
1dbee78f-a412-4dea-a17d-543528aa4c17,1754978141.91052,aggressive_vs_conservative,team1,10,4,14,3.6115963459014893,"[['North', 'aggressive', 0.8], ['South', 'aggressive', 0.8]]","[['East', 'conservative', 0.2], ['West', 'conservative', 0.2]]",2025-08-12 05:55:41.910520077,2025-08-12,5
1a9088dc-da24-4480-b32e-961c61304495,1754980201.1518471,conservative_vs_balanced,team1,10,4,14,6.1402482986450195,"[['North', 'conservative', 0.2], ['South', 'conservative', 0.2]]","[['East', 'balanced', 0.5], ['West', 'balanced', 0.5]]",2025-08-12 06:30:01.151847124,2025-08-12,6
6f600679-af0c-4f0a-8f06-4107937eaa19,1754980191.8365276,aggressive_vs_balanced,team1,10,8,18,2.7674896717071533,"[['North', 'aggressive', 0.8], ['South', 'aggressive', 0.8]]","[['East', 'balanced', 0.5], ['West', 'balanced', 0.5]]",2025-08-12 06:29:51.836527586,2025-08-12,6
229bfff3-fe42-4b69-98d6-82ae7a348f51,1754980295.2337363,opportunistic_vs_aggressive,team2,7,10,17,1.0844628810882568,"[['North', 'opportunistic', 0.7], ['South', 'opportunistic', 0.7]]","[['East', 'aggressive', 0.8], ['West', 'aggressive', 0.8]]",2025-08-12 06:31:35.233736277,2025-08-12,6
b6920d54-5f4d-4005-9317-18ea9a959243,1754980191.039643,aggressive_vs_balanced,team1,10,7,17,1.9706294536590576,"[['North', 'aggressive', 0.8], ['South', 'aggressive', 0.8]]","[['East', 'balanced', 0.5], ['West', 'balanced', 0.5]]",2025-08-12 06:29:51.039643049,2025-08-12,6
0af6782d-748d-44c5-8a05-897e96a58199,1754980216.2158816,mixed_vs_mixed,team2,8,10,18,4.912526607513428,"[['North', 'aggressive', 0.8], ['South', 'conservative', 0.2]]","[['East', 'balanced', 0.5], ['West', 'opportunistic', 0.7]]",2025-08-12 06:30:16.215881586,2025-08-12,6
a73092e3-05dd-4081-8983-82d9844342fe,1754980298.6173892,mixed_vs_mixed,team2,8,10,18,1.382056713104248,"[['North', 'aggressive', 0.8], ['South', 'conservative', 0.2]]","[['East', 'balanced', 0.5], ['West', 'opportunistic', 0.7]]",2025-08-12 06:31:38.617389202,2025-08-12,6
cdedc204-de0a-4367-a8b9-36a3a22d0919,1754980298.2516963,mixed_vs_mixed,team2,3,10,13,1.0163660049438477,"[['North', 'aggressive', 0.8], ['South', 'conservative', 0.2]]","[['East', 'balanced', 0.5], ['West', 'opportunistic', 0.7]]",2025-08-12 06:31:38.251696348,2025-08-12,6
b75b85c1-ed7e-493f-8a9c-3108bac50b97,1754978157.847853,mixed_vs_mixed,team2,3,10,13,3.048186779022217,"[['North', 'aggressive', 0.8], ['South', 'conservative', 0.2]]","[['East', 'balanced', 0.5], ['West', 'opportunistic', 0.7]]",2025-08-12 05:55:57.847852945,2025-08-12,5
c75ae618-14bc-4f26-b24f-8d86276b8582,1754980285.0245473,aggressive_vs_conservative,team1,10,8,18,2.2627081871032715,"[['North', 'aggressive', 0.8], ['South', 'aggressive', 0.8]]","[['East', 'conservative', 0.2], ['West', 'conservative', 0.2]]",2025-08-12 06:31:25.024547338,2025-08-12,6
002a4570-ea90-41ed-b627-a53fe0fa5089,1754978149.9003134,conservative_vs_balanced,team2,8,10,18,3.3680663108825684,"[['North', 'conservative', 0.2], ['South', 'conservative', 0.2]]","[['East', 'balanced', 0.5], ['West', 'balanced', 0.5]]",2025-08-12 05:55:49.900313377,2025-08-12,5
de2774b0-5726-442c-8e49-75ae313760e8,1754978154.6491039,opportunistic_vs_aggressive,team2,8,10,18,3.073164701461792,"[['North', 'opportunistic', 0.7], ['South', 'opportunistic', 0.7]]","[['East', 'aggressive', 0.8], ['West', 'aggressive', 0.8]]",2025-08-12 05:55:54.649103880,2025-08-12,5
fa30639b-8ecd-4ad7-8f8c-cf492cabb6df,1754980187.9916315,aggressive_vs_conservative,team1,10,9,19,6.042684316635132,"[['North', 'aggressive', 0.8], ['South', 'aggressive', 0.8]]","[['East', 'conservative', 0.2], ['West', 'conservative', 0.2]]",2025-08-12 06:29:47.991631508,2025-08-12,6
689122bf-3b2c-4274-9de0-e9589d8aa07d,1754978146.4161487,aggressive_vs_balanced,team2,7,10,17,3.731680154800415,"[['North', 'aggressive', 0.8], ['South', 'aggressive', 0.8]]","[['East', 'balanced', 0.5], ['West', 'balanced', 0.5]]",2025-08-12 05:55:46.416148663,2025-08-12,5
68af4e5e-e924-460c-ab05-2e6d7a770b85,1754978157.689622,mixed_vs_mixed,team1,10,8,18,2.8899729251861572,"[['North', 'aggressive', 0.8], ['South', 'conservative', 0.2]]","[['East', 'balanced', 0.5], ['West', 'opportunistic', 0.7]]",2025-08-12 05:55:57.689621925,2025-08-12,5
7f4f2237-7567-4977-a6d3-3bf8b7c0ed9e,1754978144.5599434,aggressive_vs_balanced,team2,4,10,14,1.875546932220459,"[['North', 'aggressive', 0.8], ['South', 'aggressive', 0.8]]","[['East', 'balanced', 0.5], ['West', 'balanced', 0.5]]",2025-08-12 05:55:44.559943438,2025-08-12,5
0c19a04e-93ec-43c3-b9ac-0d50d7d91f4e,1754978146.5086653,aggressive_vs_balanced,team1,10,7,17,3.8241872787475586,"[['North', 'aggressive', 0.8], ['South', 'aggressive', 0.8]]","[['East', 'balanced', 0.5], ['West', 'balanced', 0.5]]",2025-08-12 05:55:46.508665323,2025-08-12,5
2580ab2c-d2d5-4fc7-a546-f0fe8148d4a4,1754980196.7539394,conservative_vs_balanced,team1,10,9,19,1.7424216270446777,"[['North', 'conservative', 0.2], ['South', 'conservative', 0.2]]","[['East', 'balanced', 0.5], ['West', 'balanced', 0.5]]",2025-08-12 06:29:56.753939390,2025-08-12,6
efa9c99d-7241-4c94-bc75-dfbcf226b403,1754980210.5064085,opportunistic_vs_aggressive,team2,7,10,17,5.970597743988037,"[['North', 'opportunistic', 0.7], ['South', 'opportunistic', 0.7]]","[['East', 'aggressive', 0.8], ['West', 'aggressive', 0.8]]",2025-08-12 06:30:10.506408453,2025-08-12,6
376cbe8e-18e5-49b3-9da3-401d07310ce4,1754978149.6997933,conservative_vs_balanced,team1,10,8,18,3.167555332183838,"[['North', 'conservative', 0.2], ['South', 'conservative', 0.2]]","[['East', 'balanced', 0.5], ['West', 'balanced', 0.5]]",2025-08-12 05:55:49.699793339,2025-08-12,5
5f0479d4-10fe-450e-a89c-8e327018e105,1754980193.877173,aggressive_vs_balanced,team1,10,9,19,4.808069229125977,"[['North', 'aggressive', 0.8], ['South', 'aggressive', 0.8]]","[['East', 'balanced', 0.5], ['West', 'balanced', 0.5]]",2025-08-12 06:29:53.877172947,2025-08-12,6
5d7efb22-140f-49d0-9996-4251fb5da3c3,1754980298.387265,mixed_vs_mixed,team2,5,10,15,1.1519315242767334,"[['North', 'aggressive', 0.8], ['South', 'conservative', 0.2]]","[['East', 'balanced', 0.5], ['West', 'opportunistic', 0.7]]",2025-08-12 06:31:38.387264967,2025-08-12,6
36d9a56a-ac46-46f0-a392-7cf07e90d421,1754978142.584628,aggressive_vs_conservative,team2,9,10,19,4.285682916641235,"[['North', 'aggressive', 0.8], ['South', 'aggressive', 0.8]]","[['East', 'conservative', 0.2], ['West', 'conservative', 0.2]]",2025-08-12 05:55:42.584628105,2025-08-12,5
21df90b7-06c6-48de-803a-4729301880b2,1754978145.9316354,aggressive_vs_balanced,team1,10,6,16,3.247184991836548,"[['North', 'aggressive', 0.8], ['South', 'aggressive', 0.8]]","[['East', 'balanced', 0.5], ['West', 'balanced', 0.5]]",2025-08-12 05:55:45.931635380,2025-08-12,5
9cac281f-f774-4eed-98c1-8ecf39861d54,1754978145.3275402,aggressive_vs_balanced,team2,6,10,16,2.6431148052215576,"[['North', 'aggressive', 0.8], ['South', 'aggressive', 0.8]]","[['East', 'balanced', 0.5], ['West', 'balanced', 0.5]]",2025-08-12 05:55:45.327540159,2025-08-12,5
32739b49-5268-46fb-9a29-2132a3150656,1754980291.2965853,conservative_vs_balanced,team2,7,10,17,1.4956541061401367,"[['North', 'conservative', 0.2], ['South', 'conservative', 0.2]]","[['East', 'balanced', 0.5], ['West', 'balanced', 0.5]]",2025-08-12 06:31:31.296585321,2025-08-12,6
32e72822-eab1-4ebb-a251-92e952526dae,1754978158.427486,mixed_vs_mixed,team1,10,7,17,3.627798318862915,"[['North', 'aggressive', 0.8], ['South', 'conservative', 0.2]]","[['East', 'balanced', 0.5], ['West', 'opportunistic', 0.7]]",2025-08-12 05:55:58.427485943,2025-08-12,5
da7d372a-d9f2-47f2-a047-dc407e0638a2,1754980215.6484847,mixed_vs_mixed,team1,10,7,17,4.345149040222168,"[['North', 'aggressive', 0.8], ['South', 'conservative', 0.2]]","[['East', 'balanced', 0.5], ['West', 'opportunistic', 0.7]]",2025-08-12 06:30:15.648484707,2025-08-12,6
c7b15764-080e-4c32-9313-c84c5d6b72cf,1754978155.4300017,mixed_vs_mixed,team1,10,7,17,0.6304302215576172,"[['North', 'aggressive', 0.8], ['South', 'conservative', 0.2]]","[['East', 'balanced', 0.5], ['West', 'opportunistic', 0.7]]",2025-08-12 05:55:55.430001736,2025-08-12,5
a202952a-7737-4332-bd9a-e56625b64bb2,1754980288.9748855,aggressive_vs_balanced,team2,4,10,14,2.3229668140411377,"[['North', 'aggressive', 0.8], ['South', 'aggressive', 0.8]]","[['East', 'balanced', 0.5], ['West', 'balanced', 0.5]]",2025-08-12 06:31:28.974885464,2025-08-12,6
82d0f06a-16cd-4741-8110-6ee0264c9f66,1754980216.8777752,mixed_vs_mixed,team1,10,5,15,5.574399471282959,"[['North', 'aggressive', 0.8], ['South', 'conservative', 0.2]]","[['East', 'balanced', 0.5], ['West', 'opportunistic', 0.7]]",2025-08-12 06:30:16.877775192,2025-08-12,6
b229d678-2fef-4629-84bd-2fedc67a0e22,1754978144.8098168,aggressive_vs_balanced,team2,7,10,17,2.125412702560425,"[['North', 'aggressive', 0.8], ['South', 'aggressive', 0.8]]","[['East', 'balanced', 0.5], ['West', 'balanced', 0.5]]",2025-08-12 05:55:44.809816837,2025-08-12,5
546efb06-59a7-46c7-ab79-25cc90f67391,1754978145.7068083,aggressive_vs_balanced,team1,10,7,17,3.0223684310913086,"[['North', 'aggressive', 0.8], ['South', 'aggressive', 0.8]]","[['East', 'balanced', 0.5], ['West', 'balanced', 0.5]]",2025-08-12 05:55:45.706808329,2025-08-12,5
f9ed6447-4e2f-4d14-b50d-cc4124841e1b,1754980285.1751966,aggressive_vs_conservative,team2,5,10,15,2.4133405685424805,"[['North', 'aggressive', 0.8], ['South', 'aggressive', 0.8]]","[['East', 'conservative', 0.2], ['West', 'conservative', 0.2]]",2025-08-12 06:31:25.175196648,2025-08-12,6
8f401f16-3762-4456-aeed-2f2b26b6d953,1754980190.1761026,aggressive_vs_balanced,team1,10,6,16,1.1071019172668457,"[['North', 'aggressive', 0.8], ['South', 'aggressive', 0.8]]","[['East', 'balanced', 0.5], ['West', 'balanced', 0.5]]",2025-08-12 06:29:50.176102638,2025-08-12,6
417be13f-e6e9-46fc-9591-7169494f6081,1754978141.6244822,aggressive_vs_conservative,team1,10,4,14,3.3255667686462402,"[['North', 'aggressive', 0.8], ['South', 'aggressive', 0.8]]","[['East', 'conservative', 0.2], ['West', 'conservative', 0.2]]",2025-08-12 05:55:41.624482155,2025-08-12,5
f5bd1469-7604-4730-aeca-1dfdc562a629,1754978149.6831307,conservative_vs_balanced,team2,8,10,18,3.1508936882019043,"[['North', 'conservative', 0.2], ['South', 'conservative', 0.2]]","[['East', 'balanced', 0.5], ['West', 'balanced', 0.5]]",2025-08-12 05:55:49.683130741,2025-08-12,5
fc17681f-5de6-4c19-88c9-2ab807a24e96,1754980289.1932094,aggressive_vs_balanced,team1,10,3,13,2.5412843227386475,"[['North', 'aggressive', 0.8], ['South', 'aggressive', 0.8]]","[['East', 'balanced', 0.5], ['West', 'balanced', 0.5]]",2025-08-12 06:31:29.193209410,2025-08-12,6
0df71889-9d93-4b70-951e-13539cc60ce6,1754978151.2616346,conservative_vs_balanced,team1,10,9,19,4.729343891143799,"[['North', 'conservative', 0.2], ['South', 'conservative', 0.2]]","[['East', 'balanced', 0.5], ['West', 'balanced', 0.5]]",2025-08-12 05:55:51.261634588,2025-08-12,5
31d51bf4-3caa-4aa5-817d-1facc6fe3637,1754978146.4525464,aggressive_vs_balanced,team2,8,10,18,3.7680740356445312,"[['North', 'aggressive', 0.8], ['South', 'aggressive', 0.8]]","[['East', 'balanced', 0.5], ['West', 'balanced', 0.5]]",2025-08-12 05:55:46.452546358,2025-08-12,5
17aaff2c-bd3d-47cb-834b-24a1d702f209,1754980202.5820017,conservative_vs_balanced,team2,9,10,19,7.570385217666626,"[['North', 'conservative', 0.2], ['South', 'conservative', 0.2]]","[['East', 'balanced', 0.5], ['West', 'balanced', 0.5]]",2025-08-12 06:30:02.582001686,2025-08-12,6
10253621-6efd-4302-bbc3-e5f10471d21d,1754980291.3133538,conservative_vs_balanced,team2,6,10,16,1.5124189853668213,"[['North', 'conservative', 0.2], ['South', 'conservative', 0.2]]","[['East', 'balanced', 0.5], ['West', 'balanced', 0.5]]",2025-08-12 06:31:31.313353777,2025-08-12,6
83797fd8-79c2-49f7-912e-66c5bebd6fac,1754978151.5296493,conservative_vs_balanced,team2,8,10,18,4.997328519821167,"[['North', 'conservative', 0.2], ['South', 'conservative', 0.2]]","[['East', 'balanced', 0.5], ['West', 'balanced', 0.5]]",2025-08-12 05:55:51.529649257,2025-08-12,5
2beb746a-7d61-43bb-8223-d546a2c10803,1754980190.255672,aggressive_vs_balanced,team1,10,7,17,1.1866753101348877,"[['North', 'aggressive', 0.8], ['South', 'aggressive', 0.8]]","[['East', 'balanced', 0.5], ['West', 'balanced', 0.5]]",2025-08-12 06:29:50.255671978,2025-08-12,6
5ae100a6-795c-475a-aed5-075d8de7e53d,1754978154.1381352,opportunistic_vs_aggressive,team1,10,5,15,2.562223196029663,"[['North', 'opportunistic', 0.7], ['South', 'opportunistic', 0.7]]","[['East', 'aggressive', 0.8], ['West', 'aggressive', 0.8]]",2025-08-12 05:55:54.138135195,2025-08-12,5
02257c97-6cb0-4df6-8cb4-8ef3c9b4749c,1754978154.606967,opportunistic_vs_aggressive,team1,10,9,19,3.031036615371704,"[['North', 'opportunistic', 0.7], ['South', 'opportunistic', 0.7]]","[['East', 'aggressive', 0.8], ['West', 'aggressive', 0.8]]",2025-08-12 05:55:54.606966972,2025-08-12,5
799fde1e-6527-440b-911f-0e80f03c0535,1754980214.6550314,mixed_vs_mixed,team1,10,8,18,3.3517236709594727,"[['North', 'aggressive', 0.8], ['South', 'conservative', 0.2]]","[['East', 'balanced', 0.5], ['West', 'opportunistic', 0.7]]",2025-08-12 06:30:14.655031443,2025-08-12,6
b1ada057-fc29-4b4b-94c7-9e242e049d72,1754980191.135784,aggressive_vs_balanced,team2,8,10,18,2.0667593479156494,"[['North', 'aggressive', 0.8], ['South', 'aggressive', 0.8]]","[['East', 'balanced', 0.5], ['West', 'balanced', 0.5]]",2025-08-12 06:29:51.135783911,2025-08-12,6
1bf3c7ed-6163-467a-b4be-a050c9eed949,1754980289.5182436,aggressive_vs_balanced,team1,10,8,18,2.8663134574890137,"[['North', 'aggressive', 0.8], ['South', 'aggressive', 0.8]]","[['East', 'balanced', 0.5], ['West', 'balanced', 0.5]]",2025-08-12 06:31:29.518243550,2025-08-12,6
290cd193-2a0a-4d7f-b4e5-cd77847ee8a5,1754980206.7752724,opportunistic_vs_aggressive,team2,7,10,17,2.2395575046539307,"[['North', 'opportunistic', 0.7], ['South', 'opportunistic', 0.7]]","[['East', 'aggressive', 0.8], ['West', 'aggressive', 0.8]]",2025-08-12 06:30:06.775272369,2025-08-12,6
d7166830-a6a9-4166-a03d-fbf259931ab6,1754980187.846742,aggressive_vs_conservative,team2,9,10,19,5.89779806137085,"[['North', 'aggressive', 0.8], ['South', 'aggressive', 0.8]]","[['East', 'conservative', 0.2], ['West', 'conservative', 0.2]]",2025-08-12 06:29:47.846741915,2025-08-12,6
762adeac-df8d-43ca-9db2-a6fdb497eca0,1754978142.2871604,aggressive_vs_conservative,team2,8,10,18,3.988226890563965,"[['North', 'aggressive', 0.8], ['South', 'aggressive', 0.8]]","[['East', 'conservative', 0.2], ['West', 'conservative', 0.2]]",2025-08-12 05:55:42.287160397,2025-08-12,5
b54c0ee5-9ad7-49c5-b5e7-306913b767e5,1754980209.0655272,opportunistic_vs_aggressive,team1,10,5,15,4.529751300811768,"[['North', 'opportunistic', 0.7], ['South', 'opportunistic', 0.7]]","[['East', 'aggressive', 0.8], ['West', 'aggressive', 0.8]]",2025-08-12 06:30:09.065527200,2025-08-12,6
48cb1573-46ab-465d-aa82-be12705ea445,1754978146.218168,aggressive_vs_balanced,team1,10,5,15,3.5337045192718506,"[['North', 'aggressive', 0.8], ['South', 'aggressive', 0.8]]","[['East', 'balanced', 0.5], ['West', 'balanced', 0.5]]",2025-08-12 05:55:46.218168020,2025-08-12,5
9e201679-5a0b-4671-a3d9-a96b4907dd38,1754980193.4424338,aggressive_vs_balanced,team1,10,4,14,4.373337268829346,"[['North', 'aggressive', 0.8], ['South', 'aggressive', 0.8]]","[['East', 'balanced', 0.5], ['West', 'balanced', 0.5]]",2025-08-12 06:29:53.442433834,2025-08-12,6
a74904b7-2958-4c37-965e-dc8a55ae8775,1754978158.4429064,mixed_vs_mixed,team2,3,10,13,3.643214225769043,"[['North', 'aggressive', 0.8], ['South', 'conservative', 0.2]]","[['East', 'balanced', 0.5], ['West', 'opportunistic', 0.7]]",2025-08-12 05:55:58.442906380,2025-08-12,5
93ab5b24-c3de-4883-8f16-4df189ef6543,1754980202.0735953,conservative_vs_balanced,team1,10,7,17,7.0619893074035645,"[['North', 'conservative', 0.2], ['South', 'conservative', 0.2]]","[['East', 'balanced', 0.5], ['West', 'balanced', 0.5]]",2025-08-12 06:30:02.073595285,2025-08-12,6
196b284b-151e-4641-ba66-e07aa6c48eb0,1754978139.9334679,aggressive_vs_conservative,team2,7,10,17,1.6346168518066406,"[['North', 'aggressive', 0.8], ['South', 'aggressive', 0.8]]","[['East', 'conservative', 0.2], ['West', 'conservative', 0.2]]",2025-08-12 05:55:39.933467865,2025-08-12,5
f7906a4b-33cb-43e0-8f81-39ab87d39269,1754978148.3038263,conservative_vs_balanced,team2,7,10,17,1.7716355323791504,"[['North', 'conservative', 0.2], ['South', 'conservative', 0.2]]","[['East', 'balanced', 0.5], ['West', 'balanced', 0.5]]",2025-08-12 05:55:48.303826332,2025-08-12,5
e9d1d0a1-5460-4300-9ca8-671ecd489b02,1754980214.7998571,mixed_vs_mixed,team2,9,10,19,3.4965457916259766,"[['North', 'aggressive', 0.8], ['South', 'conservative', 0.2]]","[['East', 'balanced', 0.5], ['West', 'opportunistic', 0.7]]",2025-08-12 06:30:14.799857140,2025-08-12,6
d563235f-3e8e-40e5-a8d9-fa79fc4880c8,1754978147.528763,conservative_vs_balanced,team2,9,10,19,0.9965987205505371,"[['North', 'conservative', 0.2], ['South', 'conservative', 0.2]]","[['East', 'balanced', 0.5], ['West', 'balanced', 0.5]]",2025-08-12 05:55:47.528763055,2025-08-12,5
f297d9b8-e4f4-4b75-85f2-35aaf43c62f1,1754978140.4517865,aggressive_vs_conservative,team2,7,10,17,2.152916669845581,"[['North', 'aggressive', 0.8], ['South', 'aggressive', 0.8]]","[['East', 'conservative', 0.2], ['West', 'conservative', 0.2]]",2025-08-12 05:55:40.451786518,2025-08-12,5
db6b534d-0ae9-4855-b2ed-31b5418e7eb3,1754980191.6552749,aggressive_vs_balanced,team2,4,10,14,2.5862302780151367,"[['North', 'aggressive', 0.8], ['South', 'aggressive', 0.8]]","[['East', 'balanced', 0.5], ['West', 'balanced', 0.5]]",2025-08-12 06:29:51.655274868,2025-08-12,6
447f79fd-e904-4227-9aae-6ef322e77409,1754980202.4748354,conservative_vs_balanced,team1,10,5,15,7.463214159011841,"[['North', 'conservative', 0.2], ['South', 'conservative', 0.2]]","[['East', 'balanced', 0.5], ['West', 'balanced', 0.5]]",2025-08-12 06:30:02.474835396,2025-08-12,6
defe9500-448b-4d33-86b7-a66c67b4bbd9,1754978146.1875486,aggressive_vs_balanced,team2,4,10,14,3.5030887126922607,"[['North', 'aggressive', 0.8], ['South', 'aggressive', 0.8]]","[['East', 'balanced', 0.5], ['West', 'balanced', 0.5]]",2025-08-12 05:55:46.187548637,2025-08-12,5
f67d462c-842d-4358-b919-bb72e9151199,1754980299.735736,mixed_vs_mixed,team1,10,8,18,2.5003745555877686,"[['North', 'aggressive', 0.8], ['South', 'conservative', 0.2]]","[['East', 'balanced', 0.5], ['West', 'opportunistic', 0.7]]",2025-08-12 06:31:39.735735893,2025-08-12,6
8ead588d-45d7-4c2b-8cd0-372626fd1472,1754980287.7699976,aggressive_vs_balanced,team1,10,7,17,1.1181221008300781,"[['North', 'aggressive', 0.8], ['South', 'aggressive', 0.8]]","[['East', 'balanced', 0.5], ['West', 'balanced', 0.5]]",2025-08-12 06:31:27.769997597,2025-08-12,6
38b82642-56b1-4a99-98c8-17506e61ab16,1754978154.4470143,opportunistic_vs_aggressive,team1,10,7,17,2.8710880279541016,"[['North', 'opportunistic', 0.7], ['South', 'opportunistic', 0.7]]","[['East', 'aggressive', 0.8], ['West', 'aggressive', 0.8]]",2025-08-12 05:55:54.447014332,2025-08-12,5
248214b9-8d14-49fe-92d2-d5bff19b6309,1754980187.7725134,aggressive_vs_conservative,team1,10,2,12,5.823560476303101,"[['North', 'aggressive', 0.8], ['South', 'aggressive', 0.8]]","[['East', 'conservative', 0.2], ['West', 'conservative', 0.2]]",2025-08-12 06:29:47.772513390,2025-08-12,6
6fa0fe7d-1d12-4a3f-9bb9-dc816d15df63,1754978143.366744,aggressive_vs_balanced,team2,5,10,15,0.6823899745941162,"[['North', 'aggressive', 0.8], ['South', 'aggressive', 0.8]]","[['East', 'balanced', 0.5], ['West', 'balanced', 0.5]]",2025-08-12 05:55:43.366744041,2025-08-12,5
001f33e1-7753-4ca7-bdab-171a5653f75c,1754980194.6345549,aggressive_vs_balanced,team2,6,10,16,5.565389633178711,"[['North', 'aggressive', 0.8], ['South', 'aggressive', 0.8]]","[['East', 'balanced', 0.5], ['West', 'balanced', 0.5]]",2025-08-12 06:29:54.634554863,2025-08-12,6
05c8bbcb-a613-4c7a-88d7-8765b17ec193,1754978150.47913,conservative_vs_balanced,team1,10,3,13,3.946852445602417,"[['North', 'conservative', 0.2], ['South', 'conservative', 0.2]]","[['East', 'balanced', 0.5], ['West', 'balanced', 0.5]]",2025-08-12 05:55:50.479130030,2025-08-12,5
1dddbfb5-a144-4f22-a2ec-f8504466693d,1754978154.6012866,opportunistic_vs_aggressive,team2,6,10,16,3.025351047515869,"[['North', 'opportunistic', 0.7], ['South', 'opportunistic', 0.7]]","[['East', 'aggressive', 0.8], ['West', 'aggressive', 0.8]]",2025-08-12 05:55:54.601286650,2025-08-12,5
e52e820a-5867-4aef-adea-a844d29612a3,1754978157.6716592,mixed_vs_mixed,team2,3,10,13,2.872006416320801,"[['North', 'aggressive', 0.8], ['South', 'conservative', 0.2]]","[['East', 'balanced', 0.5], ['West', 'opportunistic', 0.7]]",2025-08-12 05:55:57.671659231,2025-08-12,5
8785e96b-de0b-4aa8-8f87-f58b4d5886d6,1754978155.4840202,mixed_vs_mixed,team2,9,10,19,0.6844558715820312,"[['North', 'aggressive', 0.8], ['South', 'conservative', 0.2]]","[['East', 'balanced', 0.5], ['West', 'opportunistic', 0.7]]",2025-08-12 05:55:55.484020233,2025-08-12,5
b591f10d-59ee-490b-94e5-0380723c838e,1754978143.3737826,aggressive_vs_balanced,team1,10,6,16,0.6894395351409912,"[['North', 'aggressive', 0.8], ['South', 'aggressive', 0.8]]","[['East', 'balanced', 0.5], ['West', 'balanced', 0.5]]",2025-08-12 05:55:43.373782635,2025-08-12,5
3d4ba76b-2862-45c8-86e7-131f111f3850,1754978146.2967362,aggressive_vs_balanced,team2,9,10,19,3.612278461456299,"[['North', 'aggressive', 0.8], ['South', 'aggressive', 0.8]]","[['East', 'balanced', 0.5], ['West', 'balanced', 0.5]]",2025-08-12 05:55:46.296736240,2025-08-12,5
c1142fd9-e4e8-443b-9b32-f7eeb9660cf5,1754978154.2060173,opportunistic_vs_aggressive,team2,5,10,15,2.6300957202911377,"[['North', 'opportunistic', 0.7], ['South', 'opportunistic', 0.7]]","[['East', 'aggressive', 0.8], ['West', 'aggressive', 0.8]]",2025-08-12 05:55:54.206017256,2025-08-12,5
fd144aca-2328-452e-bb13-ae3062a6fdc6,1754978144.2899024,aggressive_vs_balanced,team2,7,10,17,1.6055219173431396,"[['North', 'aggressive', 0.8], ['South', 'aggressive', 0.8]]","[['East', 'balanced', 0.5], ['West', 'balanced', 0.5]]",2025-08-12 05:55:44.289902449,2025-08-12,5
a1b9fed8-0227-459e-afa6-37bd12fd781c,1754978145.9886553,aggressive_vs_balanced,team2,6,10,16,3.30420184135437,"[['North', 'aggressive', 0.8], ['South', 'aggressive', 0.8]]","[['East', 'balanced', 0.5], ['West', 'balanced', 0.5]]",2025-08-12 05:55:45.988655329,2025-08-12,5
4e3344e4-5e19-457a-8bbf-66528715e30b,1754980300.2508528,mixed_vs_mixed,team1,10,3,13,3.015472173690796,"[['North', 'aggressive', 0.8], ['South', 'conservative', 0.2]]","[['East', 'balanced', 0.5], ['West', 'opportunistic', 0.7]]",2025-08-12 06:31:40.250852823,2025-08-12,6
22dcc85a-9e3e-4f67-bb28-981048193a17,1754978143.3692148,aggressive_vs_balanced,team2,7,10,17,0.6848640441894531,"[['North', 'aggressive', 0.8], ['South', 'aggressive', 0.8]]","[['East', 'balanced', 0.5], ['West', 'balanced', 0.5]]",2025-08-12 05:55:43.369214773,2025-08-12,5
c8b90b10-7f27-437b-84d9-9bc565ae96d4,1754980289.2953875,aggressive_vs_balanced,team1,10,1,11,2.6434526443481445,"[['North', 'aggressive', 0.8], ['South', 'aggressive', 0.8]]","[['East', 'balanced', 0.5], ['West', 'balanced', 0.5]]",2025-08-12 06:31:29.295387506,2025-08-12,6
7a165584-e1bd-44cb-9907-66a4aee15425,1754980210.650611,opportunistic_vs_aggressive,team1,10,6,16,6.11479640007019,"[['North', 'opportunistic', 0.7], ['South', 'opportunistic', 0.7]]","[['East', 'aggressive', 0.8], ['West', 'aggressive', 0.8]]",2025-08-12 06:30:10.650610924,2025-08-12,6
13f1cdb9-571b-42d5-9950-effbf45a614a,1754980292.2571678,conservative_vs_balanced,team2,5,10,15,2.4562010765075684,"[['North', 'conservative', 0.2], ['South', 'conservative', 0.2]]","[['East', 'balanced', 0.5], ['West', 'balanced', 0.5]]",2025-08-12 06:31:32.257167816,2025-08-12,6
666e8ade-c010-4cdf-8fe6-287817831974,1754980292.1936648,conservative_vs_balanced,team1,10,5,15,2.3927085399627686,"[['North', 'conservative', 0.2], ['South', 'conservative', 0.2]]","[['East', 'balanced', 0.5], ['West', 'balanced', 0.5]]",2025-08-12 06:31:32.193664789,2025-08-12,6
6edf098f-a7a9-4dfa-aa4e-7b2334406487,1754980193.4607866,aggressive_vs_balanced,team1,10,5,15,4.391692638397217,"[['North', 'aggressive', 0.8], ['South', 'aggressive', 0.8]]","[['East', 'balanced', 0.5], ['West', 'balanced', 0.5]]",2025-08-12 06:29:53.460786581,2025-08-12,6
a2e37ae0-4087-4682-b695-ab175d580106,1754980186.41928,aggressive_vs_conservative,team1,10,3,13,4.4703590869903564,"[['North', 'aggressive', 0.8], ['South', 'aggressive', 0.8]]","[['East', 'conservative', 0.2], ['West', 'conservative', 0.2]]",2025-08-12 06:29:46.419280052,2025-08-12,6
a5f02af0-23d4-4809-8342-64400c32eb6b,1754978155.9607406,mixed_vs_mixed,team1,10,6,16,1.1611452102661133,"[['North', 'aggressive', 0.8], ['South', 'conservative', 0.2]]","[['East', 'balanced', 0.5], ['West', 'opportunistic', 0.7]]",2025-08-12 05:55:55.960740566,2025-08-12,5
d446e8c5-dc02-43ae-b094-37248e5b9b77,1754980203.9215226,conservative_vs_balanced,team2,8,10,18,8.909878253936768,"[['North', 'conservative', 0.2], ['South', 'conservative', 0.2]]","[['East', 'balanced', 0.5], ['West', 'balanced', 0.5]]",2025-08-12 06:30:03.921522617,2025-08-12,6
e813851e-7563-4551-a1ea-d37905fdee01,1754978154.163385,opportunistic_vs_aggressive,team1,10,7,17,2.587473154067993,"[['North', 'opportunistic', 0.7], ['South', 'opportunistic', 0.7]]","[['East', 'aggressive', 0.8], ['West', 'aggressive', 0.8]]",2025-08-12 05:55:54.163384914,2025-08-12,5
e0ccde8d-38ab-4f13-bafe-f9b626975067,1754980187.0359159,aggressive_vs_conservative,team2,7,10,17,5.086987495422363,"[['North', 'aggressive', 0.8], ['South', 'aggressive', 0.8]]","[['East', 'conservative', 0.2], ['West', 'conservative', 0.2]]",2025-08-12 06:29:47.035915852,2025-08-12,6
840af6d6-f78c-4cb0-973d-cea15dfc0a48,1754980186.3065135,aggressive_vs_conservative,team2,4,10,14,4.357605934143066,"[['North', 'aggressive', 0.8], ['South', 'aggressive', 0.8]]","[['East', 'conservative', 0.2], ['West', 'conservative', 0.2]]",2025-08-12 06:29:46.306513548,2025-08-12,6
11f2de69-fc30-44aa-92b2-a2cd7c2099b8,1754978143.4846036,aggressive_vs_balanced,team1,10,8,18,0.8002605438232422,"[['North', 'aggressive', 0.8], ['South', 'aggressive', 0.8]]","[['East', 'balanced', 0.5], ['West', 'balanced', 0.5]]",2025-08-12 05:55:43.484603643,2025-08-12,5
0b56abe7-fa96-48df-8f39-9ca19aa6335e,1754980214.6189747,mixed_vs_mixed,team1,10,9,19,3.3156685829162598,"[['North', 'aggressive', 0.8], ['South', 'conservative', 0.2]]","[['East', 'balanced', 0.5], ['West', 'opportunistic', 0.7]]",2025-08-12 06:30:14.618974686,2025-08-12,6
bf150996-7597-4def-ba6a-db25f5712095,1754978150.4778605,conservative_vs_balanced,team2,4,10,14,3.9455862045288086,"[['North', 'conservative', 0.2], ['South', 'conservative', 0.2]]","[['East', 'balanced', 0.5], ['West', 'balanced', 0.5]]",2025-08-12 05:55:50.477860451,2025-08-12,5
671d0c33-3a7e-44a1-8736-c765753e210d,1754978154.7590578,opportunistic_vs_aggressive,team2,8,10,18,3.1831066608428955,"[['North', 'opportunistic', 0.7], ['South', 'opportunistic', 0.7]]","[['East', 'aggressive', 0.8], ['West', 'aggressive', 0.8]]",2025-08-12 05:55:54.759057760,2025-08-12,5
cfd0884a-4a9a-47cd-af64-cf581e408123,1754978158.3460107,mixed_vs_mixed,team1,10,4,14,3.546325922012329,"[['North', 'aggressive', 0.8], ['South', 'conservative', 0.2]]","[['East', 'balanced', 0.5], ['West', 'opportunistic', 0.7]]",2025-08-12 05:55:58.346010685,2025-08-12,5
86d97680-bdbd-4351-bc01-fc719a84dc23,1754980288.275038,aggressive_vs_balanced,team1,10,2,12,1.6231391429901123,"[['North', 'aggressive', 0.8], ['South', 'aggressive', 0.8]]","[['East', 'balanced', 0.5], ['West', 'balanced', 0.5]]",2025-08-12 06:31:28.275038004,2025-08-12,6
2d67a877-fe25-45f3-aba9-758aa76121d2,1754980193.8524153,aggressive_vs_balanced,team2,8,10,18,4.783310890197754,"[['North', 'aggressive', 0.8], ['South', 'aggressive', 0.8]]","[['East', 'balanced', 0.5], ['West', 'balanced', 0.5]]",2025-08-12 06:29:53.852415323,2025-08-12,6
ee21df7c-d37c-438a-82b7-1702616c75f2,1754978156.6805842,mixed_vs_mixed,team1,10,5,15,1.8809661865234375,"[['North', 'aggressive', 0.8], ['South', 'conservative', 0.2]]","[['East', 'balanced', 0.5], ['West', 'opportunistic', 0.7]]",2025-08-12 05:55:56.680584192,2025-08-12,5
e7356b70-d745-42bb-976f-80e4036a827f,1754978153.9896317,opportunistic_vs_aggressive,team1,10,3,13,2.413724184036255,"[['North', 'opportunistic', 0.7], ['South', 'opportunistic', 0.7]]","[['East', 'aggressive', 0.8], ['West', 'aggressive', 0.8]]",2025-08-12 05:55:53.989631653,2025-08-12,5
55b94a0e-1da3-4922-b57f-7c9981122462,1754978150.8801339,conservative_vs_balanced,team2,8,10,18,4.34785008430481,"[['North', 'conservative', 0.2], ['South', 'conservative', 0.2]]","[['East', 'balanced', 0.5], ['West', 'balanced', 0.5]]",2025-08-12 05:55:50.880133867,2025-08-12,5
1069e933-6211-4de2-a347-9124054dca2e,1754980208.0727491,opportunistic_vs_aggressive,team2,8,10,18,3.5370147228240967,"[['North', 'opportunistic', 0.7], ['South', 'opportunistic', 0.7]]","[['East', 'aggressive', 0.8], ['West', 'aggressive', 0.8]]",2025-08-12 06:30:08.072749138,2025-08-12,6
38a06e49-4a73-4cfe-99a3-48748992a318,1754980298.6035745,mixed_vs_mixed,team2,6,10,16,1.3682610988616943,"[['North', 'aggressive', 0.8], ['South', 'conservative', 0.2]]","[['East', 'balanced', 0.5], ['West', 'opportunistic', 0.7]]",2025-08-12 06:31:38.603574514,2025-08-12,6
038365f3-a6ad-4f9a-810d-2ae5835091f5,1754980209.7667584,opportunistic_vs_aggressive,team1,10,7,17,5.230971336364746,"[['North', 'opportunistic', 0.7], ['South', 'opportunistic', 0.7]]","[['East', 'aggressive', 0.8], ['West', 'aggressive', 0.8]]",2025-08-12 06:30:09.766758442,2025-08-12,6
9813189a-24fd-4fe6-9100-f9bd942ddab2,1754980193.6030836,aggressive_vs_balanced,team2,9,10,19,4.533995628356934,"[['North', 'aggressive', 0.8], ['South', 'aggressive', 0.8]]","[['East', 'balanced', 0.5], ['West', 'balanced', 0.5]]",2025-08-12 06:29:53.603083611,2025-08-12,6
8a44859d-e79b-47df-9302-06fc89586a9c,1754978157.4465334,mixed_vs_mixed,team1,10,4,14,2.6468873023986816,"[['North', 'aggressive', 0.8], ['South', 'conservative', 0.2]]","[['East', 'balanced', 0.5], ['West', 'opportunistic', 0.7]]",2025-08-12 05:55:57.446533442,2025-08-12,5
cb96ae74-8cc3-431b-8866-946bc70d3059,1754980204.296309,conservative_vs_balanced,team2,4,10,14,9.284652471542358,"[['North', 'conservative', 0.2], ['South', 'conservative', 0.2]]","[['East', 'balanced', 0.5], ['West', 'balanced', 0.5]]",2025-08-12 06:30:04.296308994,2025-08-12,6
060efa8e-d907-4e91-892f-aa2d19590d88,1754980295.1516519,opportunistic_vs_aggressive,team2,6,10,16,1.0023908615112305,"[['North', 'opportunistic', 0.7], ['South', 'opportunistic', 0.7]]","[['East', 'aggressive', 0.8], ['West', 'aggressive', 0.8]]",2025-08-12 06:31:35.151651859,2025-08-12,6
3c68d117-abad-4846-b18e-00731ec37484,1754980208.0118172,opportunistic_vs_aggressive,team2,6,10,16,3.476076602935791,"[['North', 'opportunistic', 0.7], ['South', 'opportunistic', 0.7]]","[['East', 'aggressive', 0.8], ['West', 'aggressive', 0.8]]",2025-08-12 06:30:08.011817217,2025-08-12,6
e27ff481-1f10-4064-bc10-456af97f7953,1754978154.6665604,opportunistic_vs_aggressive,team1,10,7,17,3.090620756149292,"[['North', 'opportunistic', 0.7], ['South', 'opportunistic', 0.7]]","[['East', 'aggressive', 0.8], ['West', 'aggressive', 0.8]]",2025-08-12 05:55:54.666560411,2025-08-12,5
33926e2a-5b23-4b5e-bdd4-a411a09990cf,1754980183.2570107,aggressive_vs_conservative,team2,6,10,16,1.3081681728363037,"[['North', 'aggressive', 0.8], ['South', 'aggressive', 0.8]]","[['East', 'conservative', 0.2], ['West', 'conservative', 0.2]]",2025-08-12 06:29:43.257010697,2025-08-12,6
63423cbf-8ff2-4880-8347-84e896b2ea6e,1754980186.012992,aggressive_vs_conservative,team1,10,8,18,4.064091444015503,"[['North', 'aggressive', 0.8], ['South', 'aggressive', 0.8]]","[['East', 'conservative', 0.2], ['West', 'conservative', 0.2]]",2025-08-12 06:29:46.012991905,2025-08-12,6
d5c2c52f-6083-4c71-97b9-546a85c53b34,1754978145.130987,aggressive_vs_balanced,team1,10,1,11,2.4465622901916504,"[['North', 'aggressive', 0.8], ['South', 'aggressive', 0.8]]","[['East', 'balanced', 0.5], ['West', 'balanced', 0.5]]",2025-08-12 05:55:45.130986929,2025-08-12,5
cfd4ca40-72bf-48eb-b4f7-841a33007bd9,1754978157.56134,mixed_vs_mixed,team1,10,4,14,2.761693239212036,"[['North', 'aggressive', 0.8], ['South', 'conservative', 0.2]]","[['East', 'balanced', 0.5], ['West', 'opportunistic', 0.7]]",2025-08-12 05:55:57.561340094,2025-08-12,5
57f2b0bc-e1e6-4377-9b42-705fd002750a,1754978142.3136697,aggressive_vs_conservative,team2,9,10,19,4.014735221862793,"[['North', 'aggressive', 0.8], ['South', 'aggressive', 0.8]]","[['East', 'conservative', 0.2], ['West', 'conservative', 0.2]]",2025-08-12 05:55:42.313669682,2025-08-12,5
efdb06c8-de40-48e8-ba6b-cb17aaad2560,1754978142.3009937,aggressive_vs_conservative,team2,8,10,18,4.002058744430542,"[['North', 'aggressive', 0.8], ['South', 'aggressive', 0.8]]","[['East', 'conservative', 0.2], ['West', 'conservative', 0.2]]",2025-08-12 05:55:42.300993681,2025-08-12,5
ee7c25b4-894d-43bc-bf0e-bed1dfec9891,1754978144.583769,aggressive_vs_balanced,team1,10,4,14,1.8993675708770752,"[['North', 'aggressive', 0.8], ['South', 'aggressive', 0.8]]","[['East', 'balanced', 0.5], ['West', 'balanced', 0.5]]",2025-08-12 05:55:44.583769083,2025-08-12,5
9e651252-0b42-4112-b9d2-254e55a300fb,1754980213.2436137,mixed_vs_mixed,team2,3,10,13,1.9404361248016357,"[['North', 'aggressive', 0.8], ['South', 'conservative', 0.2]]","[['East', 'balanced', 0.5], ['West', 'opportunistic', 0.7]]",2025-08-12 06:30:13.243613720,2025-08-12,6
79bc7022-3fa7-44f5-b2ee-85e223ab35db,1754980196.476577,conservative_vs_balanced,team1,10,4,14,1.4650583267211914,"[['North', 'conservative', 0.2], ['South', 'conservative', 0.2]]","[['East', 'balanced', 0.5], ['West', 'balanced', 0.5]]",2025-08-12 06:29:56.476577044,2025-08-12,6
99d103f9-c1fc-430b-ae29-b0a87034c720,1754980284.8601449,aggressive_vs_conservative,team2,3,10,13,2.0983049869537354,"[['North', 'aggressive', 0.8], ['South', 'aggressive', 0.8]]","[['East', 'conservative', 0.2], ['West', 'conservative', 0.2]]",2025-08-12 06:31:24.860144854,2025-08-12,6
025bc2fb-9b7c-4bfc-b8ce-546de2891c5d,1754980284.1266143,aggressive_vs_conservative,team2,7,10,17,1.3648042678833008,"[['North', 'aggressive', 0.8], ['South', 'aggressive', 0.8]]","[['East', 'conservative', 0.2], ['West', 'conservative', 0.2]]",2025-08-12 06:31:24.126614332,2025-08-12,6
0fa5feb6-94fe-4778-8a48-451ebbfce1e0,1754980288.5428991,aggressive_vs_balanced,team2,3,10,13,1.8909902572631836,"[['North', 'aggressive', 0.8], ['South', 'aggressive', 0.8]]","[['East', 'balanced', 0.5], ['West', 'balanced', 0.5]]",2025-08-12 06:31:28.542899132,2025-08-12,6
696bc289-41a4-42ca-9636-59972d569459,1754978140.6490784,aggressive_vs_conservative,team1,10,8,18,2.3502016067504883,"[['North', 'aggressive', 0.8], ['South', 'aggressive', 0.8]]","[['East', 'conservative', 0.2], ['West', 'conservative', 0.2]]",2025-08-12 05:55:40.649078369,2025-08-12,5
d25d628c-f127-4ed4-862b-5932a566e8c2,1754980202.90995,conservative_vs_balanced,team2,8,10,18,7.898325204849243,"[['North', 'conservative', 0.2], ['South', 'conservative', 0.2]]","[['East', 'balanced', 0.5], ['West', 'balanced', 0.5]]",2025-08-12 06:30:02.909950018,2025-08-12,6
694628fd-a33d-48bb-a8ad-6d657b35424e,1754978149.5002973,conservative_vs_balanced,team2,4,10,14,2.9680635929107666,"[['North', 'conservative', 0.2], ['South', 'conservative', 0.2]]","[['East', 'balanced', 0.5], ['West', 'balanced', 0.5]]",2025-08-12 05:55:49.500297308,2025-08-12,5
2d1fab9d-882f-40cb-ac98-246cf127f334,1754980286.2253237,aggressive_vs_conservative,team2,6,10,16,3.4634461402893066,"[['North', 'aggressive', 0.8], ['South', 'aggressive', 0.8]]","[['East', 'conservative', 0.2], ['West', 'conservative', 0.2]]",2025-08-12 06:31:26.225323677,2025-08-12,6
7b29831f-fd04-4434-b419-9c7280eed7c2,1754980192.296837,aggressive_vs_balanced,team2,7,10,17,3.2277822494506836,"[['North', 'aggressive', 0.8], ['South', 'aggressive', 0.8]]","[['East', 'balanced', 0.5], ['West', 'balanced', 0.5]]",2025-08-12 06:29:52.296837091,2025-08-12,6
9f73c6bc-8591-4cb0-b54a-b66d49b2de93,1754980283.958684,aggressive_vs_conservative,team1,10,3,13,1.1968586444854736,"[['North', 'aggressive', 0.8], ['South', 'aggressive', 0.8]]","[['East', 'conservative', 0.2], ['West', 'conservative', 0.2]]",2025-08-12 06:31:23.958683968,2025-08-12,6
771c99d2-4fe7-4ea3-a8b4-f786329d1882,1754980193.4189556,aggressive_vs_balanced,team1,10,4,14,4.349863290786743,"[['North', 'aggressive', 0.8], ['South', 'aggressive', 0.8]]","[['East', 'balanced', 0.5], ['West', 'balanced', 0.5]]",2025-08-12 06:29:53.418955564,2025-08-12,6
b12a7a58-9a7a-4b65-82c8-1df0252df255,1754980217.6676338,mixed_vs_mixed,team2,6,10,16,6.364232540130615,"[['North', 'aggressive', 0.8], ['South', 'conservative', 0.2]]","[['East', 'balanced', 0.5], ['West', 'opportunistic', 0.7]]",2025-08-12 06:30:17.667633772,2025-08-12,6
5a43083d-74a1-45ba-8f34-3c5a617fa4b9,1754978155.3503091,mixed_vs_mixed,team1,10,5,15,0.550743818283081,"[['North', 'aggressive', 0.8], ['South', 'conservative', 0.2]]","[['East', 'balanced', 0.5], ['West', 'opportunistic', 0.7]]",2025-08-12 05:55:55.350309134,2025-08-12,5
7a4a8448-4d27-4ede-b0b6-7969abee8e63,1754980209.3813267,opportunistic_vs_aggressive,team1,10,6,16,4.845545768737793,"[['North', 'opportunistic', 0.7], ['South', 'opportunistic', 0.7]]","[['East', 'aggressive', 0.8], ['West', 'aggressive', 0.8]]",2025-08-12 06:30:09.381326675,2025-08-12,6
1c0e87bc-fe21-4961-889d-865df0fed2d4,1754978146.493076,aggressive_vs_balanced,team2,7,10,17,3.808600664138794,"[['North', 'aggressive', 0.8], ['South', 'aggressive', 0.8]]","[['East', 'balanced', 0.5], ['West', 'balanced', 0.5]]",2025-08-12 05:55:46.493076086,2025-08-12,5
bda7597d-9482-4ed1-9958-e9134f4ff73b,1754980199.6497438,conservative_vs_balanced,team2,4,10,14,4.638171195983887,"[['North', 'conservative', 0.2], ['South', 'conservative', 0.2]]","[['East', 'balanced', 0.5], ['West', 'balanced', 0.5]]",2025-08-12 06:29:59.649743795,2025-08-12,6
c518e7f9-f872-4b5b-8ea8-a4a34ac871bf,1754980200.2086618,conservative_vs_balanced,team1,10,5,15,5.197085380554199,"[['North', 'conservative', 0.2], ['South', 'conservative', 0.2]]","[['East', 'balanced', 0.5], ['West', 'balanced', 0.5]]",2025-08-12 06:30:00.208661795,2025-08-12,6
39210d96-b6f4-4d84-a0b1-2cd6c2310545,1754980208.5730486,opportunistic_vs_aggressive,team2,5,10,15,4.037289142608643,"[['North', 'opportunistic', 0.7], ['South', 'opportunistic', 0.7]]","[['East', 'aggressive', 0.8], ['West', 'aggressive', 0.8]]",2025-08-12 06:30:08.573048592,2025-08-12,6
43c94e82-08a5-4d39-b65f-809627d3fb4a,1754978149.0577354,conservative_vs_balanced,team2,7,10,17,2.525516986846924,"[['North', 'conservative', 0.2], ['South', 'conservative', 0.2]]","[['East', 'balanced', 0.5], ['West', 'balanced', 0.5]]",2025-08-12 05:55:49.057735443,2025-08-12,5
bb866282-c495-49ff-b2de-ae6048207458,1754978154.66078,opportunistic_vs_aggressive,team1,10,7,17,3.084845781326294,"[['North', 'opportunistic', 0.7], ['South', 'opportunistic', 0.7]]","[['East', 'aggressive', 0.8], ['West', 'aggressive', 0.8]]",2025-08-12 05:55:54.660779953,2025-08-12,5
7c6495ec-d66d-4ca9-8f38-8c3d8e4ce54b,1754980217.386229,mixed_vs_mixed,team2,4,10,14,6.082837343215942,"[['North', 'aggressive', 0.8], ['South', 'conservative', 0.2]]","[['East', 'balanced', 0.5], ['West', 'opportunistic', 0.7]]",2025-08-12 06:30:17.386229038,2025-08-12,6
233b0122-27de-4d12-823d-d8e38622e292,1754980186.6565604,aggressive_vs_conservative,team1,10,7,17,4.7076475620269775,"[['North', 'aggressive', 0.8], ['South', 'aggressive', 0.8]]","[['East', 'conservative', 0.2], ['West', 'conservative', 0.2]]",2025-08-12 06:29:46.656560421,2025-08-12,6
667704af-c16e-4cee-b199-c1269a55249e,1754980206.8433292,opportunistic_vs_aggressive,team2,7,10,17,2.3076109886169434,"[['North', 'opportunistic', 0.7], ['South', 'opportunistic', 0.7]]","[['East', 'aggressive', 0.8], ['West', 'aggressive', 0.8]]",2025-08-12 06:30:06.843329191,2025-08-12,6
69313047-8164-4dcd-bcc4-a67166fb38bf,1754980202.147188,conservative_vs_balanced,team1,10,4,14,7.135578155517578,"[['North', 'conservative', 0.2], ['South', 'conservative', 0.2]]","[['East', 'balanced', 0.5], ['West', 'balanced', 0.5]]",2025-08-12 06:30:02.147187948,2025-08-12,6
9d640228-a4fb-4ea7-970d-ba3843623472,1754980214.282323,mixed_vs_mixed,team1,10,6,16,2.9790244102478027,"[['North', 'aggressive', 0.8], ['South', 'conservative', 0.2]]","[['East', 'balanced', 0.5], ['West', 'opportunistic', 0.7]]",2025-08-12 06:30:14.282322884,2025-08-12,6
3c9d8ecd-252e-47ca-8c08-e985ce2b9b0a,1754980191.2809114,aggressive_vs_balanced,team1,10,9,19,2.211890459060669,"[['North', 'aggressive', 0.8], ['South', 'aggressive', 0.8]]","[['East', 'balanced', 0.5], ['West', 'balanced', 0.5]]",2025-08-12 06:29:51.280911446,2025-08-12,6
b3a5524a-9b88-47bf-8e5f-5df12cf01bc4,1754980187.4281833,aggressive_vs_conservative,team1,10,4,14,5.479248523712158,"[['North', 'aggressive', 0.8], ['South', 'aggressive', 0.8]]","[['East', 'conservative', 0.2], ['West', 'conservative', 0.2]]",2025-08-12 06:29:47.428183317,2025-08-12,6
8014dd09-e724-45a0-8f51-04aaa2c1c80f,1754980295.1550813,opportunistic_vs_aggressive,team2,5,10,15,1.0058257579803467,"[['North', 'opportunistic', 0.7], ['South', 'opportunistic', 0.7]]","[['East', 'aggressive', 0.8], ['West', 'aggressive', 0.8]]",2025-08-12 06:31:35.155081272,2025-08-12,6
c3288c10-0669-4ab6-bc61-af7cca64585b,1754980201.4784646,conservative_vs_balanced,team1,10,9,19,6.466872215270996,"[['North', 'conservative', 0.2], ['South', 'conservative', 0.2]]","[['East', 'balanced', 0.5], ['West', 'balanced', 0.5]]",2025-08-12 06:30:01.478464603,2025-08-12,6
e0ebb47c-9812-4527-b3e5-3c8f7c84c5be,1754980186.9448144,aggressive_vs_conservative,team1,10,8,18,4.995892286300659,"[['North', 'aggressive', 0.8], ['South', 'aggressive', 0.8]]","[['East', 'conservative', 0.2], ['West', 'conservative', 0.2]]",2025-08-12 06:29:46.944814444,2025-08-12,6
59c8ded0-ceed-4d6d-9595-20bd46b44ed1,1754980288.5457122,aggressive_vs_balanced,team1,10,2,12,1.8938002586364746,"[['North', 'aggressive', 0.8], ['South', 'aggressive', 0.8]]","[['East', 'balanced', 0.5], ['West', 'balanced', 0.5]]",2025-08-12 06:31:28.545712233,2025-08-12,6
84c0559e-e042-4bdc-a9a4-0012c8b68191,1754980286.3543015,aggressive_vs_conservative,team2,4,10,14,3.5924124717712402,"[['North', 'aggressive', 0.8], ['South', 'aggressive', 0.8]]","[['East', 'conservative', 0.2], ['West', 'conservative', 0.2]]",2025-08-12 06:31:26.354301453,2025-08-12,6
2ae355ee-4dd0-4bd1-948e-5036394fbacc,1754978158.1192498,mixed_vs_mixed,team1,10,6,16,3.3195786476135254,"[['North', 'aggressive', 0.8], ['South', 'conservative', 0.2]]","[['East', 'balanced', 0.5], ['West', 'opportunistic', 0.7]]",2025-08-12 05:55:58.119249821,2025-08-12,5
51ce4c22-bc2e-499d-be19-a68ffaf7f4f8,1754980284.012578,aggressive_vs_conservative,team1,10,4,14,1.2507550716400146,"[['North', 'aggressive', 0.8], ['South', 'aggressive', 0.8]]","[['East', 'conservative', 0.2], ['West', 'conservative', 0.2]]",2025-08-12 06:31:24.012578011,2025-08-12,6
d80f86c0-655e-4746-966c-19d2c53046c7,1754980300.3005338,mixed_vs_mixed,team1,10,8,18,3.0651638507843018,"[['North', 'aggressive', 0.8], ['South', 'conservative', 0.2]]","[['East', 'balanced', 0.5], ['West', 'opportunistic', 0.7]]",2025-08-12 06:31:40.300533772,2025-08-12,6
56c9d576-78dd-4d6e-ab79-8438909235a3,1754980204.4538207,conservative_vs_balanced,team1,10,6,16,9.442160606384277,"[['North', 'conservative', 0.2], ['South', 'conservative', 0.2]]","[['East', 'balanced', 0.5], ['West', 'balanced', 0.5]]",2025-08-12 06:30:04.453820705,2025-08-12,6
e1c139fc-608d-41d6-ba90-c39800bbeeef,1754980285.5968587,aggressive_vs_conservative,team1,10,2,12,2.8349945545196533,"[['North', 'aggressive', 0.8], ['South', 'aggressive', 0.8]]","[['East', 'conservative', 0.2], ['West', 'conservative', 0.2]]",2025-08-12 06:31:25.596858740,2025-08-12,6
d7f6d4ed-d079-4118-be95-3753048104a0,1754978147.1960876,conservative_vs_balanced,team2,3,10,13,0.6639401912689209,"[['North', 'conservative', 0.2], ['South', 'conservative', 0.2]]","[['East', 'balanced', 0.5], ['West', 'balanced', 0.5]]",2025-08-12 05:55:47.196087599,2025-08-12,5
bba6b041-0fd5-4e77-b87f-e41176e3e1a0,1754980298.2390356,mixed_vs_mixed,team1,10,3,13,1.0037124156951904,"[['North', 'aggressive', 0.8], ['South', 'conservative', 0.2]]","[['East', 'balanced', 0.5], ['West', 'opportunistic', 0.7]]",2025-08-12 06:31:38.239035606,2025-08-12,6
00670266-3bd2-4de1-9688-aa0cd54af68d,1754978143.411456,aggressive_vs_balanced,team1,10,7,17,0.7271170616149902,"[['North', 'aggressive', 0.8], ['South', 'aggressive', 0.8]]","[['East', 'balanced', 0.5], ['West', 'balanced', 0.5]]",2025-08-12 05:55:43.411456108,2025-08-12,5
79a7dece-904e-4172-bef0-93fba1fdce64,1754980298.52436,mixed_vs_mixed,team2,5,10,15,1.2890233993530273,"[['North', 'aggressive', 0.8], ['South', 'conservative', 0.2]]","[['East', 'balanced', 0.5], ['West', 'opportunistic', 0.7]]",2025-08-12 06:31:38.524359941,2025-08-12,6
d6a3523d-3c0a-4c9a-b15a-5824a002322f,1754978155.4805024,mixed_vs_mixed,team1,10,9,19,0.6809258460998535,"[['North', 'aggressive', 0.8], ['South', 'conservative', 0.2]]","[['East', 'balanced', 0.5], ['West', 'opportunistic', 0.7]]",2025-08-12 05:55:55.480502367,2025-08-12,5
75d15cd1-1282-4ea6-8412-770d2c63596f,1754978148.047863,conservative_vs_balanced,team1,10,4,14,1.5156848430633545,"[['North', 'conservative', 0.2], ['South', 'conservative', 0.2]]","[['East', 'balanced', 0.5], ['West', 'balanced', 0.5]]",2025-08-12 05:55:48.047863007,2025-08-12,5
6b7b9783-966b-4596-86e7-54c629b80913,1754980202.772798,conservative_vs_balanced,team2,7,10,17,7.761171817779541,"[['North', 'conservative', 0.2], ['South', 'conservative', 0.2]]","[['East', 'balanced', 0.5], ['West', 'balanced', 0.5]]",2025-08-12 06:30:02.772798061,2025-08-12,6
cc1ec3d8-8b91-4866-b297-5cdea80da3eb,1754980190.8872752,aggressive_vs_balanced,team1,10,4,14,1.8182523250579834,"[['North', 'aggressive', 0.8], ['South', 'aggressive', 0.8]]","[['East', 'balanced', 0.5], ['West', 'balanced', 0.5]]",2025-08-12 06:29:50.887275219,2025-08-12,6
c7cae2c7-295b-4c3a-bd45-590345a29b5b,1754980296.6686807,opportunistic_vs_aggressive,team2,5,10,15,2.519362688064575,"[['North', 'opportunistic', 0.7], ['South', 'opportunistic', 0.7]]","[['East', 'aggressive', 0.8], ['West', 'aggressive', 0.8]]",2025-08-12 06:31:36.668680668,2025-08-12,6
3f35e059-7961-421d-a088-8ee3b526784a,1754978153.8162217,opportunistic_vs_aggressive,team2,5,10,15,2.2403242588043213,"[['North', 'opportunistic', 0.7], ['South', 'opportunistic', 0.7]]","[['East', 'aggressive', 0.8], ['West', 'aggressive', 0.8]]",2025-08-12 05:55:53.816221714,2025-08-12,5
e39a5c0f-14d1-4763-abda-5b433401c590,1754978153.732188,opportunistic_vs_aggressive,team1,10,9,19,2.156301498413086,"[['North', 'opportunistic', 0.7], ['South', 'opportunistic', 0.7]]","[['East', 'aggressive', 0.8], ['West', 'aggressive', 0.8]]",2025-08-12 05:55:53.732187986,2025-08-12,5
7746cd36-7b27-461c-84ff-b7c313064e9c,1754980198.3354304,conservative_vs_balanced,team1,10,8,18,3.323885440826416,"[['North', 'conservative', 0.2], ['South', 'conservative', 0.2]]","[['East', 'balanced', 0.5], ['West', 'balanced', 0.5]]",2025-08-12 06:29:58.335430384,2025-08-12,6
9ec82d43-1c83-4bee-b724-13e253d9e45c,1754980198.3067374,conservative_vs_balanced,team1,10,8,18,3.295199394226074,"[['North', 'conservative', 0.2], ['South', 'conservative', 0.2]]","[['East', 'balanced', 0.5], ['West', 'balanced', 0.5]]",2025-08-12 06:29:58.306737423,2025-08-12,6
4d3def4b-f292-4150-87ec-e7b2dcc625c7,1754980205.9539437,opportunistic_vs_aggressive,team2,8,10,18,1.4182448387145996,"[['North', 'opportunistic', 0.7], ['South', 'opportunistic', 0.7]]","[['East', 'aggressive', 0.8], ['West', 'aggressive', 0.8]]",2025-08-12 06:30:05.953943729,2025-08-12,6
2a4100ac-66bb-45e5-a49b-e720905a323d,1754980287.5554345,aggressive_vs_balanced,team1,10,2,12,0.9035956859588623,"[['North', 'aggressive', 0.8], ['South', 'aggressive', 0.8]]","[['East', 'balanced', 0.5], ['West', 'balanced', 0.5]]",2025-08-12 06:31:27.555434465,2025-08-12,6
c71bfec1-d368-4a5f-8fdb-fbe829f8083b,1754980203.617425,conservative_vs_balanced,team1,10,3,13,8.605782985687256,"[['North', 'conservative', 0.2], ['South', 'conservative', 0.2]]","[['East', 'balanced', 0.5], ['West', 'balanced', 0.5]]",2025-08-12 06:30:03.617424965,2025-08-12,6
6e6dbde1-c10b-4211-b252-9504404cd94c,1754980183.6113782,aggressive_vs_conservative,team2,9,10,19,1.6625466346740723,"[['North', 'aggressive', 0.8], ['South', 'aggressive', 0.8]]","[['East', 'conservative', 0.2], ['West', 'conservative', 0.2]]",2025-08-12 06:29:43.611378193,2025-08-12,6
55353aa2-bab7-44bf-a6c9-9eddfb76aff3,1754980213.5292132,mixed_vs_mixed,team2,6,10,16,2.2260217666625977,"[['North', 'aggressive', 0.8], ['South', 'conservative', 0.2]]","[['East', 'balanced', 0.5], ['West', 'opportunistic', 0.7]]",2025-08-12 06:30:13.529213190,2025-08-12,6
c499216c-5dae-41b7-b552-ecfbe4ef8e3c,1754978141.0635703,aggressive_vs_conservative,team2,6,10,16,2.7646780014038086,"[['North', 'aggressive', 0.8], ['South', 'aggressive', 0.8]]","[['East', 'conservative', 0.2], ['West', 'conservative', 0.2]]",2025-08-12 05:55:41.063570261,2025-08-12,5
20658f2d-6a32-437b-a5d3-e4dd4d228f22,1754980194.7975893,aggressive_vs_balanced,team2,8,10,18,5.72842264175415,"[['North', 'aggressive', 0.8], ['South', 'aggressive', 0.8]]","[['East', 'balanced', 0.5], ['West', 'balanced', 0.5]]",2025-08-12 06:29:54.797589302,2025-08-12,6
8093dbb0-b606-4041-8788-83e9694ade7c,1754980188.7749126,aggressive_vs_conservative,team1,10,9,19,6.825942516326904,"[['North', 'aggressive', 0.8], ['South', 'aggressive', 0.8]]","[['East', 'conservative', 0.2], ['West', 'conservative', 0.2]]",2025-08-12 06:29:48.774912596,2025-08-12,6
5ce778a7-5883-4e93-9a18-6f04d84857a6,1754978152.7670722,opportunistic_vs_aggressive,team2,8,10,18,1.191227674484253,"[['North', 'opportunistic', 0.7], ['South', 'opportunistic', 0.7]]","[['East', 'aggressive', 0.8], ['West', 'aggressive', 0.8]]",2025-08-12 05:55:52.767072201,2025-08-12,5
c5b4adec-4c4f-450c-b485-a6ecea96430f,1754978157.7163446,mixed_vs_mixed,team2,5,10,15,2.916693687438965,"[['North', 'aggressive', 0.8], ['South', 'conservative', 0.2]]","[['East', 'balanced', 0.5], ['West', 'opportunistic', 0.7]]",2025-08-12 05:55:57.716344595,2025-08-12,5
ce393929-2a9b-4f84-91bb-ac417bc814f2,1754980194.9231493,aggressive_vs_balanced,team1,10,8,18,5.853977203369141,"[['North', 'aggressive', 0.8], ['South', 'aggressive', 0.8]]","[['East', 'balanced', 0.5], ['West', 'balanced', 0.5]]",2025-08-12 06:29:54.923149347,2025-08-12,6
7671e3c3-6291-40c3-ae83-f78ace28eeb1,1754978139.2403567,aggressive_vs_conservative,team2,8,10,18,0.9415230751037598,"[['North', 'aggressive', 0.8], ['South', 'aggressive', 0.8]]","[['East', 'conservative', 0.2], ['West', 'conservative', 0.2]]",2025-08-12 05:55:39.240356684,2025-08-12,5
4b86840a-5fe4-46dd-bcab-c6a3b4a6ba19,1754980216.6745625,mixed_vs_mixed,team2,5,10,15,5.371191740036011,"[['North', 'aggressive', 0.8], ['South', 'conservative', 0.2]]","[['East', 'balanced', 0.5], ['West', 'opportunistic', 0.7]]",2025-08-12 06:30:16.674562454,2025-08-12,6
e78cb344-21c7-4c00-b60a-3ca3061b826d,1754978149.8021946,conservative_vs_balanced,team1,10,6,16,3.2699413299560547,"[['North', 'conservative', 0.2], ['South', 'conservative', 0.2]]","[['East', 'balanced', 0.5], ['West', 'balanced', 0.5]]",2025-08-12 05:55:49.802194595,2025-08-12,5
95e83ac5-4188-45b3-a4b5-0fed8fe89ecb,1754978152.6173353,opportunistic_vs_aggressive,team2,9,10,19,1.041508436203003,"[['North', 'opportunistic', 0.7], ['South', 'opportunistic', 0.7]]","[['East', 'aggressive', 0.8], ['West', 'aggressive', 0.8]]",2025-08-12 05:55:52.617335320,2025-08-12,5
34ce3162-d4e1-4dec-be9a-575083dbd18e,1754980210.505297,opportunistic_vs_aggressive,team2,6,10,16,5.969481945037842,"[['North', 'opportunistic', 0.7], ['South', 'opportunistic', 0.7]]","[['East', 'aggressive', 0.8], ['West', 'aggressive', 0.8]]",2025-08-12 06:30:10.505296945,2025-08-12,6
4904da2f-34cb-46c2-a169-aab69256d287,1754978152.1445591,opportunistic_vs_aggressive,team1,10,3,13,0.5687563419342041,"[['North', 'opportunistic', 0.7], ['South', 'opportunistic', 0.7]]","[['East', 'aggressive', 0.8], ['West', 'aggressive', 0.8]]",2025-08-12 05:55:52.144559145,2025-08-12,5
7961e764-e50f-4fd3-b0e5-7551fbe0dc3d,1754980187.9512298,aggressive_vs_conservative,team1,10,7,17,6.002277851104736,"[['North', 'aggressive', 0.8], ['South', 'aggressive', 0.8]]","[['East', 'conservative', 0.2], ['West', 'conservative', 0.2]]",2025-08-12 06:29:47.951229811,2025-08-12,6
3bb2f183-72b1-4f8c-9b4c-dd0c185b9efa,1754980206.600743,opportunistic_vs_aggressive,team2,9,10,19,2.0650370121002197,"[['North', 'opportunistic', 0.7], ['South', 'opportunistic', 0.7]]","[['East', 'aggressive', 0.8], ['West', 'aggressive', 0.8]]",2025-08-12 06:30:06.600743055,2025-08-12,6
4dd07f85-809c-44ea-939e-114bb6b65f71,1754978140.8717198,aggressive_vs_conservative,team2,4,10,14,2.5728304386138916,"[['North', 'aggressive', 0.8], ['South', 'aggressive', 0.8]]","[['East', 'conservative', 0.2], ['West', 'conservative', 0.2]]",2025-08-12 05:55:40.871719837,2025-08-12,5
1b14ffaa-b6e8-4afd-a7ea-3ed97f246e41,1754980295.883693,opportunistic_vs_aggressive,team1,10,4,14,1.7343993186950684,"[['North', 'opportunistic', 0.7], ['South', 'opportunistic', 0.7]]","[['East', 'aggressive', 0.8], ['West', 'aggressive', 0.8]]",2025-08-12 06:31:35.883692980,2025-08-12,6
3238d1d9-77f3-4d4d-bf9a-723aa8e783eb,1754978139.1597216,aggressive_vs_conservative,team2,5,10,15,0.8608953952789307,"[['North', 'aggressive', 0.8], ['South', 'aggressive', 0.8]]","[['East', 'conservative', 0.2], ['West', 'conservative', 0.2]]",2025-08-12 05:55:39.159721613,2025-08-12,5
5b56ec61-f59d-4067-9f82-a29fb01032aa,1754980198.2371433,conservative_vs_balanced,team2,5,10,15,3.2256016731262207,"[['North', 'conservative', 0.2], ['South', 'conservative', 0.2]]","[['East', 'balanced', 0.5], ['West', 'balanced', 0.5]]",2025-08-12 06:29:58.237143278,2025-08-12,6
49bbd23a-acea-44b4-9bd7-def8820170ea,1754980199.7692451,conservative_vs_balanced,team1,10,5,15,4.757677316665649,"[['North', 'conservative', 0.2], ['South', 'conservative', 0.2]]","[['East', 'balanced', 0.5], ['West', 'balanced', 0.5]]",2025-08-12 06:29:59.769245148,2025-08-12,6
a1c03839-2149-4b40-9f33-9907cce21956,1754980300.0637403,mixed_vs_mixed,team2,3,10,13,2.8283698558807373,"[['North', 'aggressive', 0.8], ['South', 'conservative', 0.2]]","[['East', 'balanced', 0.5], ['West', 'opportunistic', 0.7]]",2025-08-12 06:31:40.063740253,2025-08-12,6
af257721-bffd-4a3b-aae1-c3e9a133c448,1754978150.7316122,conservative_vs_balanced,team1,10,4,14,4.199329853057861,"[['North', 'conservative', 0.2], ['South', 'conservative', 0.2]]","[['East', 'balanced', 0.5], ['West', 'balanced', 0.5]]",2025-08-12 05:55:50.731612206,2025-08-12,5
66c1a4e4-1102-4ca6-91a2-0a472efe3673,1754978154.101232,opportunistic_vs_aggressive,team2,9,10,19,2.5253288745880127,"[['North', 'opportunistic', 0.7], ['South', 'opportunistic', 0.7]]","[['East', 'aggressive', 0.8], ['West', 'aggressive', 0.8]]",2025-08-12 05:55:54.101232052,2025-08-12,5
0de78c78-2e0b-4b24-9ac0-30dc5cb07f97,1754978155.9055822,mixed_vs_mixed,team1,10,8,18,1.1060009002685547,"[['North', 'aggressive', 0.8], ['South', 'conservative', 0.2]]","[['East', 'balanced', 0.5], ['West', 'opportunistic', 0.7]]",2025-08-12 05:55:55.905582190,2025-08-12,5
66a19e91-5a81-4d5a-8a71-c5b877c2a643,1754978140.3549886,aggressive_vs_conservative,team2,5,10,15,2.056121349334717,"[['North', 'aggressive', 0.8], ['South', 'aggressive', 0.8]]","[['East', 'conservative', 0.2], ['West', 'conservative', 0.2]]",2025-08-12 05:55:40.354988575,2025-08-12,5
4be7e0c0-6c91-4c76-bc0f-7ac25875f5c6,1754980214.4634163,mixed_vs_mixed,team2,8,10,18,3.1601197719573975,"[['North', 'aggressive', 0.8], ['South', 'conservative', 0.2]]","[['East', 'balanced', 0.5], ['West', 'opportunistic', 0.7]]",2025-08-12 06:30:14.463416338,2025-08-12,6
42a610ff-8050-41d9-86da-198e807245ce,1754978154.7454393,opportunistic_vs_aggressive,team2,9,10,19,3.16949462890625,"[['North', 'opportunistic', 0.7], ['South', 'opportunistic', 0.7]]","[['East', 'aggressive', 0.8], ['West', 'aggressive', 0.8]]",2025-08-12 05:55:54.745439291,2025-08-12,5
9d96749e-5e7c-4f82-b994-66c79c652b40,1754980193.6341631,aggressive_vs_balanced,team2,6,10,16,4.5650599002838135,"[['North', 'aggressive', 0.8], ['South', 'aggressive', 0.8]]","[['East', 'balanced', 0.5], ['West', 'balanced', 0.5]]",2025-08-12 06:29:53.634163141,2025-08-12,6
8c0a4d84-ddec-48a0-a449-029246609494,1754978139.2647388,aggressive_vs_conservative,team2,9,10,19,0.9659173488616943,"[['North', 'aggressive', 0.8], ['South', 'aggressive', 0.8]]","[['East', 'conservative', 0.2], ['West', 'conservative', 0.2]]",2025-08-12 05:55:39.264738798,2025-08-12,5
e6446567-7714-4071-b902-cf2a76fb05ca,1754980299.4112,mixed_vs_mixed,team1,10,2,12,2.1758434772491455,"[['North', 'aggressive', 0.8], ['South', 'conservative', 0.2]]","[['East', 'balanced', 0.5], ['West', 'opportunistic', 0.7]]",2025-08-12 06:31:39.411200047,2025-08-12,6
8e93cdab-e7f3-4f0d-b195-256a6f5a63fc,1754980208.9538696,opportunistic_vs_aggressive,team1,10,8,18,4.418103218078613,"[['North', 'opportunistic', 0.7], ['South', 'opportunistic', 0.7]]","[['East', 'aggressive', 0.8], ['West', 'aggressive', 0.8]]",2025-08-12 06:30:08.953869581,2025-08-12,6
c8ab1eb7-83c8-4670-8bde-c622f6375c18,1754980202.976149,conservative_vs_balanced,team2,3,10,13,7.964520454406738,"[['North', 'conservative', 0.2], ['South', 'conservative', 0.2]]","[['East', 'balanced', 0.5], ['West', 'balanced', 0.5]]",2025-08-12 06:30:02.976149082,2025-08-12,6
f24ca2b1-5ae7-457b-8398-2e42a277da0d,1754978146.1270545,aggressive_vs_balanced,team1,10,5,15,3.442599058151245,"[['North', 'aggressive', 0.8], ['South', 'aggressive', 0.8]]","[['East', 'balanced', 0.5], ['West', 'balanced', 0.5]]",2025-08-12 05:55:46.127054453,2025-08-12,5
9908a427-d7f5-4d79-8827-aa1485f4413c,1754980207.1486697,opportunistic_vs_aggressive,team1,10,9,19,2.6129446029663086,"[['North', 'opportunistic', 0.7], ['South', 'opportunistic', 0.7]]","[['East', 'aggressive', 0.8], ['West', 'aggressive', 0.8]]",2025-08-12 06:30:07.148669720,2025-08-12,6
1f0db1d8-c9a3-43bf-ba78-bb89052a9b9b,1754980191.0095384,aggressive_vs_balanced,team1,10,4,14,1.9405124187469482,"[['North', 'aggressive', 0.8], ['South', 'aggressive', 0.8]]","[['East', 'balanced', 0.5], ['West', 'balanced', 0.5]]",2025-08-12 06:29:51.009538412,2025-08-12,6
060c3c8e-9d26-4d2d-9959-1fe3d71fc804,1754978148.9027297,conservative_vs_balanced,team2,9,10,19,2.3705227375030518,"[['North', 'conservative', 0.2], ['South', 'conservative', 0.2]]","[['East', 'balanced', 0.5], ['West', 'balanced', 0.5]]",2025-08-12 05:55:48.902729750,2025-08-12,5
7d8e9f7d-c455-4d76-9b78-7777f2ae38ee,1754980286.1304684,aggressive_vs_conservative,team2,5,10,15,3.368596076965332,"[['North', 'aggressive', 0.8], ['South', 'aggressive', 0.8]]","[['East', 'conservative', 0.2], ['West', 'conservative', 0.2]]",2025-08-12 06:31:26.130468369,2025-08-12,6
2b871133-a61b-4cf2-b2ee-d5d2ad6f7b78,1754978152.6229837,opportunistic_vs_aggressive,team1,10,3,13,1.047142505645752,"[['North', 'opportunistic', 0.7], ['South', 'opportunistic', 0.7]]","[['East', 'aggressive', 0.8], ['West', 'aggressive', 0.8]]",2025-08-12 05:55:52.622983694,2025-08-12,5
9c52431e-0a66-43a2-abaf-e651ad6f97b7,1754978153.1944702,opportunistic_vs_aggressive,team1,10,8,18,1.6186068058013916,"[['North', 'opportunistic', 0.7], ['South', 'opportunistic', 0.7]]","[['East', 'aggressive', 0.8], ['West', 'aggressive', 0.8]]",2025-08-12 05:55:53.194470167,2025-08-12,5
967e7699-1b03-4978-9b21-da95153c57b5,1754978141.649145,aggressive_vs_conservative,team1,10,3,13,3.3502254486083984,"[['North', 'aggressive', 0.8], ['South', 'aggressive', 0.8]]","[['East', 'conservative', 0.2], ['West', 'conservative', 0.2]]",2025-08-12 05:55:41.649144888,2025-08-12,5
c52a1379-1d39-4777-9bc4-6262b33ff4f7,1754980215.9708965,mixed_vs_mixed,team1,10,8,18,4.667548179626465,"[['North', 'aggressive', 0.8], ['South', 'conservative', 0.2]]","[['East', 'balanced', 0.5], ['West', 'opportunistic', 0.7]]",2025-08-12 06:30:15.970896482,2025-08-12,6
07313e96-1a23-4c01-b98f-682563decf00,1754980287.6655684,aggressive_vs_balanced,team1,10,4,14,1.0136785507202148,"[['North', 'aggressive', 0.8], ['South', 'aggressive', 0.8]]","[['East', 'balanced', 0.5], ['West', 'balanced', 0.5]]",2025-08-12 06:31:27.665568352,2025-08-12,6
b7960b9e-8ed0-4549-a6cd-85c414e621a5,1754980208.071686,opportunistic_vs_aggressive,team2,8,10,18,3.535949945449829,"[['North', 'opportunistic', 0.7], ['South', 'opportunistic', 0.7]]","[['East', 'aggressive', 0.8], ['West', 'aggressive', 0.8]]",2025-08-12 06:30:08.071686029,2025-08-12,6
2c3edfb6-bb23-4037-bf66-80ae515cca0c,1754978153.9269502,opportunistic_vs_aggressive,team1,10,2,12,2.351046562194824,"[['North', 'opportunistic', 0.7], ['South', 'opportunistic', 0.7]]","[['East', 'aggressive', 0.8], ['West', 'aggressive', 0.8]]",2025-08-12 05:55:53.926950216,2025-08-12,5
6d9ecd2a-4d9a-4269-932d-013a748fd8f0,1754980203.3502376,conservative_vs_balanced,team2,7,10,17,8.33860445022583,"[['North', 'conservative', 0.2], ['South', 'conservative', 0.2]]","[['East', 'balanced', 0.5], ['West', 'balanced', 0.5]]",2025-08-12 06:30:03.350237608,2025-08-12,6
5fa0b90d-df87-449b-847e-3cf2109ccec8,1754978152.290191,opportunistic_vs_aggressive,team2,7,10,17,0.714379072189331,"[['North', 'opportunistic', 0.7], ['South', 'opportunistic', 0.7]]","[['East', 'aggressive', 0.8], ['West', 'aggressive', 0.8]]",2025-08-12 05:55:52.290190935,2025-08-12,5
ddfcc6e3-e62b-43cf-9404-6b9a5bf38220,1754980293.57511,conservative_vs_balanced,team1,10,6,16,3.774139881134033,"[['North', 'conservative', 0.2], ['South', 'conservative', 0.2]]","[['East', 'balanced', 0.5], ['West', 'balanced', 0.5]]",2025-08-12 06:31:33.575109959,2025-08-12,6
06918f73-ae1c-4cb1-b3b2-bacce3158ea7,1754978158.2893977,mixed_vs_mixed,team2,6,10,16,3.4897236824035645,"[['North', 'aggressive', 0.8], ['South', 'conservative', 0.2]]","[['East', 'balanced', 0.5], ['West', 'opportunistic', 0.7]]",2025-08-12 05:55:58.289397717,2025-08-12,5
aded98a5-3d7b-44cc-a264-c2ce1bd8da82,1754980192.0812385,aggressive_vs_balanced,team1,10,8,18,3.0121848583221436,"[['North', 'aggressive', 0.8], ['South', 'aggressive', 0.8]]","[['East', 'balanced', 0.5], ['West', 'balanced', 0.5]]",2025-08-12 06:29:52.081238508,2025-08-12,6
b25c9d4d-3fa7-41f1-bb7b-a28286ed542b,1754978152.746377,opportunistic_vs_aggressive,team1,10,5,15,1.1705267429351807,"[['North', 'opportunistic', 0.7], ['South', 'opportunistic', 0.7]]","[['East', 'aggressive', 0.8], ['West', 'aggressive', 0.8]]",2025-08-12 05:55:52.746376991,2025-08-12,5
e4b4437a-17a2-4896-ac65-393a4a23dd55,1754980202.135066,conservative_vs_balanced,team1,10,8,18,7.123456239700317,"[['North', 'conservative', 0.2], ['South', 'conservative', 0.2]]","[['East', 'balanced', 0.5], ['West', 'balanced', 0.5]]",2025-08-12 06:30:02.135066032,2025-08-12,6
2df950a5-0fac-4455-85e9-81d10a0c1118,1754978139.1409185,aggressive_vs_conservative,team1,10,4,14,0.8420968055725098,"[['North', 'aggressive', 0.8], ['South', 'aggressive', 0.8]]","[['East', 'conservative', 0.2], ['West', 'conservative', 0.2]]",2025-08-12 05:55:39.140918493,2025-08-12,5
6c4d93c3-d7bb-4a11-ad8d-cb4d503a880e,1754978156.7101383,mixed_vs_mixed,team2,5,10,15,1.9105219841003418,"[['North', 'aggressive', 0.8], ['South', 'conservative', 0.2]]","[['East', 'balanced', 0.5], ['West', 'opportunistic', 0.7]]",2025-08-12 05:55:56.710138321,2025-08-12,5
f72b8c4b-66e1-4312-b0f3-b70496e8eef8,1754978141.0145216,aggressive_vs_conservative,team2,2,10,12,2.715623378753662,"[['North', 'aggressive', 0.8], ['South', 'aggressive', 0.8]]","[['East', 'conservative', 0.2], ['West', 'conservative', 0.2]]",2025-08-12 05:55:41.014521599,2025-08-12,5
166523fa-fa0b-4021-b58d-cfa58f3b2527,1754980202.6057143,conservative_vs_balanced,team1,10,8,18,7.5940940380096436,"[['North', 'conservative', 0.2], ['South', 'conservative', 0.2]]","[['East', 'balanced', 0.5], ['West', 'balanced', 0.5]]",2025-08-12 06:30:02.605714321,2025-08-12,6
740710b9-d338-4db7-92f5-47c3d9052c65,1754980194.639733,aggressive_vs_balanced,team1,10,4,14,5.5705695152282715,"[['North', 'aggressive', 0.8], ['South', 'aggressive', 0.8]]","[['East', 'balanced', 0.5], ['West', 'balanced', 0.5]]",2025-08-12 06:29:54.639733076,2025-08-12,6
64146fa6-3a23-4343-b455-92caec18bee2,1754980296.8218815,opportunistic_vs_aggressive,team2,5,10,15,2.672551393508911,"[['North', 'opportunistic', 0.7], ['South', 'opportunistic', 0.7]]","[['East', 'aggressive', 0.8], ['West', 'aggressive', 0.8]]",2025-08-12 06:31:36.821881533,2025-08-12,6
4580f760-551b-4674-a5fb-ffd4409f3d86,1754980286.2969046,aggressive_vs_conservative,team2,7,10,17,3.5350239276885986,"[['North', 'aggressive', 0.8], ['South', 'aggressive', 0.8]]","[['East', 'conservative', 0.2], ['West', 'conservative', 0.2]]",2025-08-12 06:31:26.296904564,2025-08-12,6
7338949e-818d-4f62-aedb-d3cc50fd373c,1754978142.5584855,aggressive_vs_conservative,team2,6,10,16,4.2595391273498535,"[['North', 'aggressive', 0.8], ['South', 'aggressive', 0.8]]","[['East', 'conservative', 0.2], ['West', 'conservative', 0.2]]",2025-08-12 05:55:42.558485508,2025-08-12,5
4eee384a-f537-43c8-ba32-8e4e6defe407,1754978142.5197983,aggressive_vs_conservative,team2,3,10,13,4.2208476066589355,"[['North', 'aggressive', 0.8], ['South', 'aggressive', 0.8]]","[['East', 'conservative', 0.2], ['West', 'conservative', 0.2]]",2025-08-12 05:55:42.519798279,2025-08-12,5
7403e216-e792-4ebd-be42-9e15b0d9b8a3,1754978153.2359076,opportunistic_vs_aggressive,team2,8,10,18,1.6600401401519775,"[['North', 'opportunistic', 0.7], ['South', 'opportunistic', 0.7]]","[['East', 'aggressive', 0.8], ['West', 'aggressive', 0.8]]",2025-08-12 05:55:53.235907555,2025-08-12,5
55caa3c8-bb77-447c-9ece-e0514c65dd1b,1754978153.0863965,opportunistic_vs_aggressive,team2,7,10,17,1.5105431079864502,"[['North', 'opportunistic', 0.7], ['South', 'opportunistic', 0.7]]","[['East', 'aggressive', 0.8], ['West', 'aggressive', 0.8]]",2025-08-12 05:55:53.086396456,2025-08-12,5
36e85eac-7d92-458c-bfa7-14e9930e59b9,1754980214.2718923,mixed_vs_mixed,team1,10,8,18,2.968696355819702,"[['North', 'aggressive', 0.8], ['South', 'conservative', 0.2]]","[['East', 'balanced', 0.5], ['West', 'opportunistic', 0.7]]",2025-08-12 06:30:14.271892309,2025-08-12,6
44a02db7-7477-435f-bdd0-7f0620ef53cd,1754980217.874404,mixed_vs_mixed,team1,10,9,19,6.570995569229126,"[['North', 'aggressive', 0.8], ['South', 'conservative', 0.2]]","[['East', 'balanced', 0.5], ['West', 'opportunistic', 0.7]]",2025-08-12 06:30:17.874403954,2025-08-12,6
028facbf-65c0-44ef-8f46-6261eb9bb5dc,1754978151.1933467,conservative_vs_balanced,team2,6,10,16,4.661044359207153,"[['North', 'conservative', 0.2], ['South', 'conservative', 0.2]]","[['East', 'balanced', 0.5], ['West', 'balanced', 0.5]]",2025-08-12 05:55:51.193346739,2025-08-12,5
3b8ce118-1d5d-4563-b61e-447689334411,1754980205.6720512,opportunistic_vs_aggressive,team1,10,4,14,1.1363518238067627,"[['North', 'opportunistic', 0.7], ['South', 'opportunistic', 0.7]]","[['East', 'aggressive', 0.8], ['West', 'aggressive', 0.8]]",2025-08-12 06:30:05.672051191,2025-08-12,6
bcc96bc2-eddf-4b6e-af11-28080276d9df,1754980208.9240067,opportunistic_vs_aggressive,team2,4,10,14,4.388235092163086,"[['North', 'opportunistic', 0.7], ['South', 'opportunistic', 0.7]]","[['East', 'aggressive', 0.8], ['West', 'aggressive', 0.8]]",2025-08-12 06:30:08.924006701,2025-08-12,6
0c83a143-c52f-4935-a67c-d66fe9d20ce3,1754978144.5314124,aggressive_vs_balanced,team1,10,5,15,1.847024917602539,"[['North', 'aggressive', 0.8], ['South', 'aggressive', 0.8]]","[['East', 'balanced', 0.5], ['West', 'balanced', 0.5]]",2025-08-12 05:55:44.531412363,2025-08-12,5
4225971a-7855-4f58-8d14-7f9c8c0e54a7,1754980199.3640473,conservative_vs_balanced,team1,10,8,18,4.352497577667236,"[['North', 'conservative', 0.2], ['South', 'conservative', 0.2]]","[['East', 'balanced', 0.5], ['West', 'balanced', 0.5]]",2025-08-12 06:29:59.364047289,2025-08-12,6
2566980f-7479-4e9d-9a0c-9b66aea83fe1,1754980285.3638306,aggressive_vs_conservative,team2,6,10,16,2.601973295211792,"[['North', 'aggressive', 0.8], ['South', 'aggressive', 0.8]]","[['East', 'conservative', 0.2], ['West', 'conservative', 0.2]]",2025-08-12 06:31:25.363830566,2025-08-12,6
a2d80c9f-7ca7-486a-bf20-7c2c89937d2e,1754978143.4043152,aggressive_vs_balanced,team1,10,5,15,0.7199742794036865,"[['North', 'aggressive', 0.8], ['South', 'aggressive', 0.8]]","[['East', 'balanced', 0.5], ['West', 'balanced', 0.5]]",2025-08-12 05:55:43.404315233,2025-08-12,5
4521ae29-e5bd-45bb-b901-22e8c106abef,1754978151.187881,conservative_vs_balanced,team2,7,10,17,4.655593156814575,"[['North', 'conservative', 0.2], ['South', 'conservative', 0.2]]","[['East', 'balanced', 0.5], ['West', 'balanced', 0.5]]",2025-08-12 05:55:51.187880993,2025-08-12,5
fe50a62c-3f0c-4fc1-93b5-cb8031145d26,1754980199.7637784,conservative_vs_balanced,team1,10,9,19,4.754215955734253,"[['North', 'conservative', 0.2], ['South', 'conservative', 0.2]]","[['East', 'balanced', 0.5], ['West', 'balanced', 0.5]]",2025-08-12 06:29:59.763778448,2025-08-12,6
524761f0-36f0-491a-b8bc-5be162adf4a2,1754978146.3868356,aggressive_vs_balanced,team1,10,9,19,3.7023732662200928,"[['North', 'aggressive', 0.8], ['South', 'aggressive', 0.8]]","[['East', 'balanced', 0.5], ['West', 'balanced', 0.5]]",2025-08-12 05:55:46.386835575,2025-08-12,5
147ba08c-c8cc-4366-955c-9c71fad7821d,1754980288.8879316,aggressive_vs_balanced,team1,10,9,19,2.23602294921875,"[['North', 'aggressive', 0.8], ['South', 'aggressive', 0.8]]","[['East', 'balanced', 0.5], ['West', 'balanced', 0.5]]",2025-08-12 06:31:28.887931585,2025-08-12,6
db4081cb-ebfb-4e24-98d4-e0b984c052ef,1754980300.3981745,mixed_vs_mixed,team1,10,7,17,3.1628012657165527,"[['North', 'aggressive', 0.8], ['South', 'conservative', 0.2]]","[['East', 'balanced', 0.5], ['West', 'opportunistic', 0.7]]",2025-08-12 06:31:40.398174524,2025-08-12,6
e7ce58ab-c033-4d6e-965a-faecf422a45f,1754980188.9753065,aggressive_vs_conservative,team1,10,8,18,7.026322841644287,"[['North', 'aggressive', 0.8], ['South', 'aggressive', 0.8]]","[['East', 'conservative', 0.2], ['West', 'conservative', 0.2]]",2025-08-12 06:29:48.975306511,2025-08-12,6
633075d0-bc0f-411c-a548-4612b09ee21a,1754978148.2626963,conservative_vs_balanced,team2,7,10,17,1.730513334274292,"[['North', 'conservative', 0.2], ['South', 'conservative', 0.2]]","[['East', 'balanced', 0.5], ['West', 'balanced', 0.5]]",2025-08-12 05:55:48.262696266,2025-08-12,5
f2b08962-7238-4455-ab34-6ba4c1358605,1754980208.5452948,opportunistic_vs_aggressive,team2,9,10,19,4.009537696838379,"[['North', 'opportunistic', 0.7], ['South', 'opportunistic', 0.7]]","[['East', 'aggressive', 0.8], ['West', 'aggressive', 0.8]]",2025-08-12 06:30:08.545294762,2025-08-12,6
ceb27a6e-4dd2-4f16-b24b-549ac9a91aa2,1754978140.905794,aggressive_vs_conservative,team1,10,7,17,2.606905698776245,"[['North', 'aggressive', 0.8], ['South', 'aggressive', 0.8]]","[['East', 'conservative', 0.2], ['West', 'conservative', 0.2]]",2025-08-12 05:55:40.905793905,2025-08-12,5
ed7ae325-fb23-4ee9-a8f7-4de42020f07b,1754980184.6615703,aggressive_vs_conservative,team2,8,10,18,2.712707281112671,"[['North', 'aggressive', 0.8], ['South', 'aggressive', 0.8]]","[['East', 'conservative', 0.2], ['West', 'conservative', 0.2]]",2025-08-12 06:29:44.661570311,2025-08-12,6
f8167d4c-ef87-47e5-81ad-37d2566fc223,1754980210.960269,opportunistic_vs_aggressive,team2,5,10,15,6.424442291259766,"[['North', 'opportunistic', 0.7], ['South', 'opportunistic', 0.7]]","[['East', 'aggressive', 0.8], ['West', 'aggressive', 0.8]]",2025-08-12 06:30:10.960268974,2025-08-12,6
3253b75f-00e2-4e34-95df-fe62b14e84a8,1754980196.293606,conservative_vs_balanced,team1,10,5,15,1.2821044921875,"[['North', 'conservative', 0.2], ['South', 'conservative', 0.2]]","[['East', 'balanced', 0.5], ['West', 'balanced', 0.5]]",2025-08-12 06:29:56.293606043,2025-08-12,6
04630e6d-2960-45e6-a0ba-14715c522b57,1754980288.5253143,aggressive_vs_balanced,team2,7,10,17,1.8734149932861328,"[['North', 'aggressive', 0.8], ['South', 'aggressive', 0.8]]","[['East', 'balanced', 0.5], ['West', 'balanced', 0.5]]",2025-08-12 06:31:28.525314331,2025-08-12,6
8a8b148b-76e4-4b5e-810f-33377d0797c3,1754980299.6265032,mixed_vs_mixed,team1,10,4,14,2.391139507293701,"[['North', 'aggressive', 0.8], ['South', 'conservative', 0.2]]","[['East', 'balanced', 0.5], ['West', 'opportunistic', 0.7]]",2025-08-12 06:31:39.626503229,2025-08-12,6
c123ed0b-0513-44b5-8109-7ae5a87de9f1,1754978148.193975,conservative_vs_balanced,team2,8,10,18,1.6617980003356934,"[['North', 'conservative', 0.2], ['South', 'conservative', 0.2]]","[['East', 'balanced', 0.5], ['West', 'balanced', 0.5]]",2025-08-12 05:55:48.193974972,2025-08-12,5
97ab2454-42f4-473b-b772-37ddc008f0b0,1754980184.533156,aggressive_vs_conservative,team1,10,9,19,2.5843007564544678,"[['North', 'aggressive', 0.8], ['South', 'aggressive', 0.8]]","[['East', 'conservative', 0.2], ['West', 'conservative', 0.2]]",2025-08-12 06:29:44.533155917,2025-08-12,6
559ed6db-4d5e-4c0d-a189-4c9f7dab6342,1754978158.4394443,mixed_vs_mixed,team2,8,10,18,3.6397576332092285,"[['North', 'aggressive', 0.8], ['South', 'conservative', 0.2]]","[['East', 'balanced', 0.5], ['West', 'opportunistic', 0.7]]",2025-08-12 05:55:58.439444304,2025-08-12,5
868a752b-1c62-4e37-aa84-5b02155d9008,1754980186.096095,aggressive_vs_conservative,team2,4,10,14,4.147192478179932,"[['North', 'aggressive', 0.8], ['South', 'aggressive', 0.8]]","[['East', 'conservative', 0.2], ['West', 'conservative', 0.2]]",2025-08-12 06:29:46.096095085,2025-08-12,6
d7c950cc-e52a-469c-bc65-5218038c2abc,1754980200.8659003,conservative_vs_balanced,team1,10,7,17,5.854312419891357,"[['North', 'conservative', 0.2], ['South', 'conservative', 0.2]]","[['East', 'balanced', 0.5], ['West', 'balanced', 0.5]]",2025-08-12 06:30:00.865900278,2025-08-12,6
642d74fa-391b-4bde-bc76-830e67dfd6a6,1754978151.5065675,conservative_vs_balanced,team2,9,10,19,4.9742512702941895,"[['North', 'conservative', 0.2], ['South', 'conservative', 0.2]]","[['East', 'balanced', 0.5], ['West', 'balanced', 0.5]]",2025-08-12 05:55:51.506567478,2025-08-12,5
c9689501-41fc-4edc-a2ab-11cc87fca44b,1754980186.773702,aggressive_vs_conservative,team2,8,10,18,4.824785947799683,"[['North', 'aggressive', 0.8], ['South', 'aggressive', 0.8]]","[['East', 'conservative', 0.2], ['West', 'conservative', 0.2]]",2025-08-12 06:29:46.773701906,2025-08-12,6
879a404f-25c7-4457-879e-baee37af60b2,1754980196.8497882,conservative_vs_balanced,team1,10,9,19,1.83827805519104,"[['North', 'conservative', 0.2], ['South', 'conservative', 0.2]]","[['East', 'balanced', 0.5], ['West', 'balanced', 0.5]]",2025-08-12 06:29:56.849788189,2025-08-12,6
d6fa219d-3b88-47d4-89d5-f945489c7513,1754978148.6726756,conservative_vs_balanced,team1,10,9,19,2.1404733657836914,"[['North', 'conservative', 0.2], ['South', 'conservative', 0.2]]","[['East', 'balanced', 0.5], ['West', 'balanced', 0.5]]",2025-08-12 05:55:48.672675610,2025-08-12,5
baaa7d81-fe72-4864-8e33-06dbb8e06c3b,1754980183.2443025,aggressive_vs_conservative,team2,5,10,15,1.295478343963623,"[['North', 'aggressive', 0.8], ['South', 'aggressive', 0.8]]","[['East', 'conservative', 0.2], ['West', 'conservative', 0.2]]",2025-08-12 06:29:43.244302511,2025-08-12,6
972ad4cb-6a77-4771-bef7-059983a8812e,1754980287.679959,aggressive_vs_balanced,team2,4,10,14,1.0280845165252686,"[['North', 'aggressive', 0.8], ['South', 'aggressive', 0.8]]","[['East', 'balanced', 0.5], ['West', 'balanced', 0.5]]",2025-08-12 06:31:27.679959059,2025-08-12,6
c2f41183-9247-4463-bf44-ede393ad7b2c,1754978144.0307436,aggressive_vs_balanced,team1,10,5,15,1.346367597579956,"[['North', 'aggressive', 0.8], ['South', 'aggressive', 0.8]]","[['East', 'balanced', 0.5], ['West', 'balanced', 0.5]]",2025-08-12 05:55:44.030743599,2025-08-12,5
79d64f21-7a7a-4c98-9f4a-60e98cf4259f,1754978158.4160526,mixed_vs_mixed,team2,9,10,19,3.6163723468780518,"[['North', 'aggressive', 0.8], ['South', 'conservative', 0.2]]","[['East', 'balanced', 0.5], ['West', 'opportunistic', 0.7]]",2025-08-12 05:55:58.416052580,2025-08-12,5
409beab0-2fb6-45ac-861e-f468ee5d1d1d,1754980208.727368,opportunistic_vs_aggressive,team2,5,10,15,4.191605806350708,"[['North', 'opportunistic', 0.7], ['South', 'opportunistic', 0.7]]","[['East', 'aggressive', 0.8], ['West', 'aggressive', 0.8]]",2025-08-12 06:30:08.727368116,2025-08-12,6
0d9df61a-dd71-4e04-89bc-c280f413cda3,1754980209.9350395,opportunistic_vs_aggressive,team1,10,7,17,5.399243593215942,"[['North', 'opportunistic', 0.7], ['South', 'opportunistic', 0.7]]","[['East', 'aggressive', 0.8], ['West', 'aggressive', 0.8]]",2025-08-12 06:30:09.935039520,2025-08-12,6
baa45d9d-051b-4d70-a359-2645715dc20a,1754980204.1608424,conservative_vs_balanced,team1,10,8,18,9.149189233779907,"[['North', 'conservative', 0.2], ['South', 'conservative', 0.2]]","[['East', 'balanced', 0.5], ['West', 'balanced', 0.5]]",2025-08-12 06:30:04.160842419,2025-08-12,6
16efbc7f-18d4-4115-a6eb-fcc968defad9,1754980217.9127662,mixed_vs_mixed,team1,10,8,18,6.609356641769409,"[['North', 'aggressive', 0.8], ['South', 'conservative', 0.2]]","[['East', 'balanced', 0.5], ['West', 'opportunistic', 0.7]]",2025-08-12 06:30:17.912766218,2025-08-12,6
32abae6e-0cfd-4daf-b58b-0701951aacff,1754978145.63014,aggressive_vs_balanced,team1,10,5,15,2.9457051753997803,"[['North', 'aggressive', 0.8], ['South', 'aggressive', 0.8]]","[['East', 'balanced', 0.5], ['West', 'balanced', 0.5]]",2025-08-12 05:55:45.630140066,2025-08-12,5
c854cd8f-4f9e-4f65-9a6c-264064ee9d01,1754978143.4204836,aggressive_vs_balanced,team1,10,9,19,0.736149787902832,"[['North', 'aggressive', 0.8], ['South', 'aggressive', 0.8]]","[['East', 'balanced', 0.5], ['West', 'balanced', 0.5]]",2025-08-12 05:55:43.420483589,2025-08-12,5
43f3c78f-dc50-4234-8ea8-25a602ed4d03,1754980188.0146484,aggressive_vs_conservative,team1,10,3,13,6.065690755844116,"[['North', 'aggressive', 0.8], ['South', 'aggressive', 0.8]]","[['East', 'conservative', 0.2], ['West', 'conservative', 0.2]]",2025-08-12 06:29:48.014648438,2025-08-12,6
98cd6668-f3e9-476a-b0e7-b70f2ed92f37,1754980191.7318487,aggressive_vs_balanced,team1,10,4,14,2.662806272506714,"[['North', 'aggressive', 0.8], ['South', 'aggressive', 0.8]]","[['East', 'balanced', 0.5], ['West', 'balanced', 0.5]]",2025-08-12 06:29:51.731848717,2025-08-12,6
cc90f576-d06b-402c-847f-b9f04fc2c5d9,1754980190.9425414,aggressive_vs_balanced,team1,10,4,14,1.8735122680664062,"[['North', 'aggressive', 0.8], ['South', 'aggressive', 0.8]]","[['East', 'balanced', 0.5], ['West', 'balanced', 0.5]]",2025-08-12 06:29:50.942541361,2025-08-12,6
ff33d402-5d36-4cdc-9bdb-c76bfccd88d5,1754978157.141278,mixed_vs_mixed,team1,10,7,17,2.341646909713745,"[['North', 'aggressive', 0.8], ['South', 'conservative', 0.2]]","[['East', 'balanced', 0.5], ['West', 'opportunistic', 0.7]]",2025-08-12 05:55:57.141278028,2025-08-12,5
589a74de-d5bb-454a-be98-c39dca273368,1754980285.0498366,aggressive_vs_conservative,team1,10,9,19,2.2880003452301025,"[['North', 'aggressive', 0.8], ['South', 'aggressive', 0.8]]","[['East', 'conservative', 0.2], ['West', 'conservative', 0.2]]",2025-08-12 06:31:25.049836636,2025-08-12,6
ebf984fd-753f-4525-bd79-0294d090c774,1754980293.666584,conservative_vs_balanced,team1,10,7,17,3.8655877113342285,"[['North', 'conservative', 0.2], ['South', 'conservative', 0.2]]","[['East', 'balanced', 0.5], ['West', 'balanced', 0.5]]",2025-08-12 06:31:33.666584015,2025-08-12,6
1c5b0b36-8d30-45b7-82fb-7936db985410,1754980196.97558,conservative_vs_balanced,team2,7,10,17,1.964064598083496,"[['North', 'conservative', 0.2], ['South', 'conservative', 0.2]]","[['East', 'balanced', 0.5], ['West', 'balanced', 0.5]]",2025-08-12 06:29:56.975579977,2025-08-12,6
a240b708-c4c6-4a39-9c36-b2bc27825189,1754980288.6845605,aggressive_vs_balanced,team2,4,10,14,2.0326430797576904,"[['North', 'aggressive', 0.8], ['South', 'aggressive', 0.8]]","[['East', 'balanced', 0.5], ['West', 'balanced', 0.5]]",2025-08-12 06:31:28.684560537,2025-08-12,6
c431c22b-4c24-4139-bbd4-8c49cdc3c3e5,1754978145.8748868,aggressive_vs_balanced,team1,10,9,19,3.1904456615448,"[['North', 'aggressive', 0.8], ['South', 'aggressive', 0.8]]","[['East', 'balanced', 0.5], ['West', 'balanced', 0.5]]",2025-08-12 05:55:45.874886751,2025-08-12,5
f449fde2-fb5f-4ffd-8f07-1e3026f8c3f9,1754978156.6020293,mixed_vs_mixed,team1,10,9,19,1.8024239540100098,"[['North', 'aggressive', 0.8], ['South', 'conservative', 0.2]]","[['East', 'balanced', 0.5], ['West', 'opportunistic', 0.7]]",2025-08-12 05:55:56.602029324,2025-08-12,5
04da92b1-1029-406f-85b8-bbaa462d82fa,1754978142.659193,aggressive_vs_conservative,team1,10,7,17,4.36023473739624,"[['North', 'aggressive', 0.8], ['South', 'aggressive', 0.8]]","[['East', 'conservative', 0.2], ['West', 'conservative', 0.2]]",2025-08-12 05:55:42.659193039,2025-08-12,5
6f0d67b6-5155-476e-a99a-1d67845aa344,1754978142.6083615,aggressive_vs_conservative,team2,2,10,12,4.309406757354736,"[['North', 'aggressive', 0.8], ['South', 'aggressive', 0.8]]","[['East', 'conservative', 0.2], ['West', 'conservative', 0.2]]",2025-08-12 05:55:42.608361483,2025-08-12,5
f2a20aff-0ec6-4b02-8c29-9dbafce12030,1754978151.5099611,conservative_vs_balanced,team2,9,10,19,4.977644443511963,"[['North', 'conservative', 0.2], ['South', 'conservative', 0.2]]","[['East', 'balanced', 0.5], ['West', 'balanced', 0.5]]",2025-08-12 05:55:51.509961128,2025-08-12,5
38ab1ac8-87ec-41b5-8efc-5656a7c25321,1754980205.9606264,opportunistic_vs_aggressive,team1,10,9,19,1.4249348640441895,"[['North', 'opportunistic', 0.7], ['South', 'opportunistic', 0.7]]","[['East', 'aggressive', 0.8], ['West', 'aggressive', 0.8]]",2025-08-12 06:30:05.960626364,2025-08-12,6
794baf67-8bb5-49fb-95e2-3c8f7a30490a,1754980292.21647,conservative_vs_balanced,team1,10,5,15,2.415518045425415,"[['North', 'conservative', 0.2], ['South', 'conservative', 0.2]]","[['East', 'balanced', 0.5], ['West', 'balanced', 0.5]]",2025-08-12 06:31:32.216470003,2025-08-12,6
95fdb281-356e-461e-852c-120bb72b8d63,1754980212.7047987,mixed_vs_mixed,team1,10,9,19,1.4016361236572266,"[['North', 'aggressive', 0.8], ['South', 'conservative', 0.2]]","[['East', 'balanced', 0.5], ['West', 'opportunistic', 0.7]]",2025-08-12 06:30:12.704798698,2025-08-12,6
257ec063-5d81-4f12-a331-102a8964523f,1754980298.6031656,mixed_vs_mixed,team2,8,10,18,1.3678407669067383,"[['North', 'aggressive', 0.8], ['South', 'conservative', 0.2]]","[['East', 'balanced', 0.5], ['West', 'opportunistic', 0.7]]",2025-08-12 06:31:38.603165627,2025-08-12,6
f4bcc953-a2df-408a-90bd-b7009c179346,1754980193.7250216,aggressive_vs_balanced,team2,5,10,15,4.6558837890625,"[['North', 'aggressive', 0.8], ['South', 'aggressive', 0.8]]","[['East', 'balanced', 0.5], ['West', 'balanced', 0.5]]",2025-08-12 06:29:53.725021601,2025-08-12,6
8497d1e9-193e-4f93-aa08-dda1a3a36753,1754978148.1230545,conservative_vs_balanced,team1,10,3,13,1.5908637046813965,"[['North', 'conservative', 0.2], ['South', 'conservative', 0.2]]","[['East', 'balanced', 0.5], ['West', 'balanced', 0.5]]",2025-08-12 05:55:48.123054504,2025-08-12,5
505b3466-bd5c-4716-bc61-aacf54726ffe,1754980183.4708076,aggressive_vs_conservative,team2,9,10,19,1.5219793319702148,"[['North', 'aggressive', 0.8], ['South', 'aggressive', 0.8]]","[['East', 'conservative', 0.2], ['West', 'conservative', 0.2]]",2025-08-12 06:29:43.470807552,2025-08-12,6
3a38aa25-545f-4d9a-8537-41f064a40f3c,1754978154.4020498,opportunistic_vs_aggressive,team2,8,10,18,2.8261263370513916,"[['North', 'opportunistic', 0.7], ['South', 'opportunistic', 0.7]]","[['East', 'aggressive', 0.8], ['West', 'aggressive', 0.8]]",2025-08-12 05:55:54.402049780,2025-08-12,5
36236d94-a3e4-439e-8a48-b2018040ba8f,1754980295.9587655,opportunistic_vs_aggressive,team1,10,6,16,1.8094708919525146,"[['North', 'opportunistic', 0.7], ['South', 'opportunistic', 0.7]]","[['East', 'aggressive', 0.8], ['West', 'aggressive', 0.8]]",2025-08-12 06:31:35.958765507,2025-08-12,6
80d93ae7-9096-45c5-ab2a-ecb9e635b0cd,1754978139.6937385,aggressive_vs_conservative,team1,10,4,14,1.3948945999145508,"[['North', 'aggressive', 0.8], ['South', 'aggressive', 0.8]]","[['East', 'conservative', 0.2], ['West', 'conservative', 0.2]]",2025-08-12 05:55:39.693738461,2025-08-12,5
7e29359a-b5a1-49ed-a7b7-fa4cb0d09661,1754978150.4151082,conservative_vs_balanced,team1,10,7,17,3.8828625679016113,"[['North', 'conservative', 0.2], ['South', 'conservative', 0.2]]","[['East', 'balanced', 0.5], ['West', 'balanced', 0.5]]",2025-08-12 05:55:50.415108204,2025-08-12,5
3c252638-417b-4d81-8cf8-94a8d9241512,1754980217.7916126,mixed_vs_mixed,team2,8,10,18,6.488208293914795,"[['North', 'aggressive', 0.8], ['South', 'conservative', 0.2]]","[['East', 'balanced', 0.5], ['West', 'opportunistic', 0.7]]",2025-08-12 06:30:17.791612625,2025-08-12,6
b4fc015f-c7de-4629-add8-fe10877f47da,1754978155.9825914,mixed_vs_mixed,team2,5,10,15,1.1829955577850342,"[['North', 'aggressive', 0.8], ['South', 'conservative', 0.2]]","[['East', 'balanced', 0.5], ['West', 'opportunistic', 0.7]]",2025-08-12 05:55:55.982591391,2025-08-12,5
e4027f8c-d7d1-4f17-9dac-9a7e428c68c5,1754978147.8778067,conservative_vs_balanced,team2,4,10,14,1.345632553100586,"[['North', 'conservative', 0.2], ['South', 'conservative', 0.2]]","[['East', 'balanced', 0.5], ['West', 'balanced', 0.5]]",2025-08-12 05:55:47.877806664,2025-08-12,5
dfa040e0-63db-4cfc-a6f5-1b1d2cccdfb2,1754978140.4856603,aggressive_vs_conservative,team2,5,10,15,2.18678879737854,"[['North', 'aggressive', 0.8], ['South', 'aggressive', 0.8]]","[['East', 'conservative', 0.2], ['West', 'conservative', 0.2]]",2025-08-12 05:55:40.485660315,2025-08-12,5
426ee86e-2de8-4b75-b235-711184e564b7,1754980208.1942575,opportunistic_vs_aggressive,team2,9,10,19,3.65851092338562,"[['North', 'opportunistic', 0.7], ['South', 'opportunistic', 0.7]]","[['East', 'aggressive', 0.8], ['West', 'aggressive', 0.8]]",2025-08-12 06:30:08.194257498,2025-08-12,6
504fdd32-7a7f-4346-92b6-c25824bf126f,1754978152.608092,opportunistic_vs_aggressive,team1,10,4,14,1.0322513580322266,"[['North', 'opportunistic', 0.7], ['South', 'opportunistic', 0.7]]","[['East', 'aggressive', 0.8], ['West', 'aggressive', 0.8]]",2025-08-12 05:55:52.608092070,2025-08-12,5
c29216cd-b505-4d48-9ac6-c1ce850d354e,1754978149.0959404,conservative_vs_balanced,team1,10,8,18,2.5637269020080566,"[['North', 'conservative', 0.2], ['South', 'conservative', 0.2]]","[['East', 'balanced', 0.5], ['West', 'balanced', 0.5]]",2025-08-12 05:55:49.095940351,2025-08-12,5
72912b78-d392-45ea-a855-047c7061e8ff,1754978145.095176,aggressive_vs_balanced,team1,10,5,15,2.410757064819336,"[['North', 'aggressive', 0.8], ['South', 'aggressive', 0.8]]","[['East', 'balanced', 0.5], ['West', 'balanced', 0.5]]",2025-08-12 05:55:45.095175982,2025-08-12,5
974f90cf-673e-46ab-9582-4ed4fec87e48,1754980213.3974366,mixed_vs_mixed,team2,7,10,17,2.0942530632019043,"[['North', 'aggressive', 0.8], ['South', 'conservative', 0.2]]","[['East', 'balanced', 0.5], ['West', 'opportunistic', 0.7]]",2025-08-12 06:30:13.397436619,2025-08-12,6
5f4f3226-4320-49d1-bd5f-8ee47220fe59,1754980288.6421063,aggressive_vs_balanced,team1,10,6,16,1.990217685699463,"[['North', 'aggressive', 0.8], ['South', 'aggressive', 0.8]]","[['East', 'balanced', 0.5], ['West', 'balanced', 0.5]]",2025-08-12 06:31:28.642106295,2025-08-12,6
2026e47f-b0ee-48f4-a4fe-b8e58e59ea9d,1754978155.4557214,mixed_vs_mixed,team2,7,10,17,0.6561532020568848,"[['North', 'aggressive', 0.8], ['South', 'conservative', 0.2]]","[['East', 'balanced', 0.5], ['West', 'opportunistic', 0.7]]",2025-08-12 05:55:55.455721378,2025-08-12,5
c485b8e7-f073-4c1a-800f-8e345122f495,1754978152.6672885,opportunistic_vs_aggressive,team2,7,10,17,1.0914554595947266,"[['North', 'opportunistic', 0.7], ['South', 'opportunistic', 0.7]]","[['East', 'aggressive', 0.8], ['West', 'aggressive', 0.8]]",2025-08-12 05:55:52.667288542,2025-08-12,5
89f47f57-fd41-4a6f-b50b-9aec20e180e9,1754978151.2663367,conservative_vs_balanced,team1,10,8,18,4.734035968780518,"[['North', 'conservative', 0.2], ['South', 'conservative', 0.2]]","[['East', 'balanced', 0.5], ['West', 'balanced', 0.5]]",2025-08-12 05:55:51.266336679,2025-08-12,5
9c228579-ec6a-481b-941b-11d5cadfda19,1754978153.1545544,opportunistic_vs_aggressive,team1,10,9,19,1.5786964893341064,"[['North', 'opportunistic', 0.7], ['South', 'opportunistic', 0.7]]","[['East', 'aggressive', 0.8], ['West', 'aggressive', 0.8]]",2025-08-12 05:55:53.154554367,2025-08-12,5
dad6cce4-ea8e-4c8c-9142-7c9b2ad9af43,1754980185.905593,aggressive_vs_conservative,team2,8,10,18,3.956695556640625,"[['North', 'aggressive', 0.8], ['South', 'aggressive', 0.8]]","[['East', 'conservative', 0.2], ['West', 'conservative', 0.2]]",2025-08-12 06:29:45.905592918,2025-08-12,6
7897c269-4782-4f11-a00b-ef3ea3bc3d36,1754978141.2925642,aggressive_vs_conservative,team1,10,7,17,2.9936604499816895,"[['North', 'aggressive', 0.8], ['South', 'aggressive', 0.8]]","[['East', 'conservative', 0.2], ['West', 'conservative', 0.2]]",2025-08-12 05:55:41.292564154,2025-08-12,5
eeef23f3-6e09-4e71-853c-e14c7ad07b82,1754978154.7814634,opportunistic_vs_aggressive,team2,9,10,19,3.2055091857910156,"[['North', 'opportunistic', 0.7], ['South', 'opportunistic', 0.7]]","[['East', 'aggressive', 0.8], ['West', 'aggressive', 0.8]]",2025-08-12 05:55:54.781463385,2025-08-12,5
4575d59f-ea8f-4081-83da-3c9964d371f2,1754980203.060648,conservative_vs_balanced,team2,9,10,19,8.049020528793335,"[['North', 'conservative', 0.2], ['South', 'conservative', 0.2]]","[['East', 'balanced', 0.5], ['West', 'balanced', 0.5]]",2025-08-12 06:30:03.060647964,2025-08-12,6
3a6fd8b8-c44a-412c-b4ba-d6fc1cc9a5af,1754980187.943062,aggressive_vs_conservative,team1,10,3,13,5.994107961654663,"[['North', 'aggressive', 0.8], ['South', 'aggressive', 0.8]]","[['East', 'conservative', 0.2], ['West', 'conservative', 0.2]]",2025-08-12 06:29:47.943062067,2025-08-12,6
5c22d12d-a016-435b-817d-75425d39c4bb,1754980300.7695117,mixed_vs_mixed,team2,8,10,18,3.534116744995117,"[['North', 'aggressive', 0.8], ['South', 'conservative', 0.2]]","[['East', 'balanced', 0.5], ['West', 'opportunistic', 0.7]]",2025-08-12 06:31:40.769511700,2025-08-12,6
1397df52-2d0a-452c-a7d0-a4dcb3787d7f,1754980192.6488252,aggressive_vs_balanced,team1,10,8,18,3.579763174057007,"[['North', 'aggressive', 0.8], ['South', 'aggressive', 0.8]]","[['East', 'balanced', 0.5], ['West', 'balanced', 0.5]]",2025-08-12 06:29:52.648825169,2025-08-12,6
9d2d4110-8608-4582-ab2c-ebd8cd1205eb,1754980194.6978445,aggressive_vs_balanced,team1,10,9,19,5.6286845207214355,"[['North', 'aggressive', 0.8], ['South', 'aggressive', 0.8]]","[['East', 'balanced', 0.5], ['West', 'balanced', 0.5]]",2025-08-12 06:29:54.697844505,2025-08-12,6
05f84b5c-7a13-49ff-a6bb-1142fcb5634f,1754978150.4920983,conservative_vs_balanced,team2,8,10,18,3.9598324298858643,"[['North', 'conservative', 0.2], ['South', 'conservative', 0.2]]","[['East', 'balanced', 0.5], ['West', 'balanced', 0.5]]",2025-08-12 05:55:50.492098331,2025-08-12,5
62adccb3-755b-4962-b082-8202a85ebbd6,1754980192.6278996,aggressive_vs_balanced,team1,10,9,19,3.558840751647949,"[['North', 'aggressive', 0.8], ['South', 'aggressive', 0.8]]","[['East', 'balanced', 0.5], ['West', 'balanced', 0.5]]",2025-08-12 06:29:52.627899647,2025-08-12,6
b60e7c8f-5b5f-4a48-ad5d-5e19c51c37d6,1754978153.8955646,opportunistic_vs_aggressive,team2,9,10,19,2.319666624069214,"[['North', 'opportunistic', 0.7], ['South', 'opportunistic', 0.7]]","[['East', 'aggressive', 0.8], ['West', 'aggressive', 0.8]]",2025-08-12 05:55:53.895564556,2025-08-12,5
9f6c9ac6-e99a-423a-8df5-b6cff7203f68,1754978148.9821813,conservative_vs_balanced,team1,10,7,17,2.4499640464782715,"[['North', 'conservative', 0.2], ['South', 'conservative', 0.2]]","[['East', 'balanced', 0.5], ['West', 'balanced', 0.5]]",2025-08-12 05:55:48.982181311,2025-08-12,5
d8bd7bd2-43c6-4035-a564-3dd408532fe3,1754980211.0445638,opportunistic_vs_aggressive,team1,10,8,18,6.508732795715332,"[['North', 'opportunistic', 0.7], ['South', 'opportunistic', 0.7]]","[['East', 'aggressive', 0.8], ['West', 'aggressive', 0.8]]",2025-08-12 06:30:11.044563770,2025-08-12,6
f1388a52-c2cb-465a-94e3-56d269592e62,1754978157.9645734,mixed_vs_mixed,team1,10,8,18,3.164915084838867,"[['North', 'aggressive', 0.8], ['South', 'conservative', 0.2]]","[['East', 'balanced', 0.5], ['West', 'opportunistic', 0.7]]",2025-08-12 05:55:57.964573383,2025-08-12,5
0e317733-51ca-4ffa-9536-d03df3b5cc59,1754980188.7715533,aggressive_vs_conservative,team1,10,7,17,6.822582244873047,"[['North', 'aggressive', 0.8], ['South', 'aggressive', 0.8]]","[['East', 'conservative', 0.2], ['West', 'conservative', 0.2]]",2025-08-12 06:29:48.771553278,2025-08-12,6
6c2af85b-ecdf-4e57-b86f-289aa17f1008,1754980296.7159433,opportunistic_vs_aggressive,team2,3,10,13,2.5666139125823975,"[['North', 'opportunistic', 0.7], ['South', 'opportunistic', 0.7]]","[['East', 'aggressive', 0.8], ['West', 'aggressive', 0.8]]",2025-08-12 06:31:36.715943336,2025-08-12,6
aba472d8-0c31-46ca-896f-ebf012ce71e8,1754980299.3927033,mixed_vs_mixed,team1,10,7,17,2.1573545932769775,"[['North', 'aggressive', 0.8], ['South', 'conservative', 0.2]]","[['East', 'balanced', 0.5], ['West', 'opportunistic', 0.7]]",2025-08-12 06:31:39.392703295,2025-08-12,6
691f51cb-7407-407d-940c-77accbf274c6,1754978151.4755886,conservative_vs_balanced,team2,5,10,15,4.943269968032837,"[['North', 'conservative', 0.2], ['South', 'conservative', 0.2]]","[['East', 'balanced', 0.5], ['West', 'balanced', 0.5]]",2025-08-12 05:55:51.475588560,2025-08-12,5
174e7ef0-4124-452b-9b2c-a57868fe1d75,1754980188.766907,aggressive_vs_conservative,team1,10,6,16,6.817927360534668,"[['North', 'aggressive', 0.8], ['South', 'aggressive', 0.8]]","[['East', 'conservative', 0.2], ['West', 'conservative', 0.2]]",2025-08-12 06:29:48.766906977,2025-08-12,6
2f9f6623-cf99-4c8b-96fb-0d428cfcdeeb,1754980190.2648103,aggressive_vs_balanced,team1,10,8,18,1.1958258152008057,"[['North', 'aggressive', 0.8], ['South', 'aggressive', 0.8]]","[['East', 'balanced', 0.5], ['West', 'balanced', 0.5]]",2025-08-12 06:29:50.264810324,2025-08-12,6
21d5a326-0b4b-4c19-83d6-2fa128835adb,1754980184.7000895,aggressive_vs_conservative,team1,10,7,17,2.7512154579162598,"[['North', 'aggressive', 0.8], ['South', 'aggressive', 0.8]]","[['East', 'conservative', 0.2], ['West', 'conservative', 0.2]]",2025-08-12 06:29:44.700089455,2025-08-12,6
12d3eb3f-271b-4a36-ba49-b55c19b0826c,1754980190.9539464,aggressive_vs_balanced,team2,4,10,14,1.884918451309204,"[['North', 'aggressive', 0.8], ['South', 'aggressive', 0.8]]","[['East', 'balanced', 0.5], ['West', 'balanced', 0.5]]",2025-08-12 06:29:50.953946352,2025-08-12,6
cd224b6b-fd85-4a70-9fd6-e23a862a02e5,1754978145.3102431,aggressive_vs_balanced,team2,5,10,15,2.625819444656372,"[['North', 'aggressive', 0.8], ['South', 'aggressive', 0.8]]","[['East', 'balanced', 0.5], ['West', 'balanced', 0.5]]",2025-08-12 05:55:45.310243130,2025-08-12,5
213e2cbd-e380-4bfa-bbb4-b6ffb83bec0c,1754980216.776184,mixed_vs_mixed,team2,9,10,19,5.472816705703735,"[['North', 'aggressive', 0.8], ['South', 'conservative', 0.2]]","[['East', 'balanced', 0.5], ['West', 'opportunistic', 0.7]]",2025-08-12 06:30:16.776184082,2025-08-12,6
bf3f6a0f-723a-41b4-9a2e-34ed229f03e2,1754980289.4168615,aggressive_vs_balanced,team1,10,9,19,2.764935255050659,"[['North', 'aggressive', 0.8], ['South', 'aggressive', 0.8]]","[['East', 'balanced', 0.5], ['West', 'balanced', 0.5]]",2025-08-12 06:31:29.416861534,2025-08-12,6
3501c583-e37d-448a-b7da-0f92202bc7ea,1754980286.2297854,aggressive_vs_conservative,team1,10,9,19,3.467916965484619,"[['North', 'aggressive', 0.8], ['South', 'aggressive', 0.8]]","[['East', 'conservative', 0.2], ['West', 'conservative', 0.2]]",2025-08-12 06:31:26.229785442,2025-08-12,6
465695ca-66e0-4941-b962-ed814762ad22,1754980292.6978266,conservative_vs_balanced,team2,9,10,19,2.896862030029297,"[['North', 'conservative', 0.2], ['South', 'conservative', 0.2]]","[['East', 'balanced', 0.5], ['West', 'balanced', 0.5]]",2025-08-12 06:31:32.697826624,2025-08-12,6
a0fd5be8-9f47-404c-8b2c-be8d2fcc103e,1754980284.284503,aggressive_vs_conservative,team1,10,8,18,1.5226702690124512,"[['North', 'aggressive', 0.8], ['South', 'aggressive', 0.8]]","[['East', 'conservative', 0.2], ['West', 'conservative', 0.2]]",2025-08-12 06:31:24.284502983,2025-08-12,6
950a84d9-71ac-4c95-8feb-fcffe5719d08,1754978145.0051842,aggressive_vs_balanced,team2,9,10,19,2.32077693939209,"[['North', 'aggressive', 0.8], ['South', 'aggressive', 0.8]]","[['East', 'balanced', 0.5], ['West', 'balanced', 0.5]]",2025-08-12 05:55:45.005184174,2025-08-12,5
bc5a42ed-c693-445c-9ffc-f03e1d409db4,1754980199.742559,conservative_vs_balanced,team2,8,10,18,4.730998992919922,"[['North', 'conservative', 0.2], ['South', 'conservative', 0.2]]","[['East', 'balanced', 0.5], ['West', 'balanced', 0.5]]",2025-08-12 06:29:59.742558956,2025-08-12,6
631350ba-e9a0-4e39-bed9-8cb9c3f38bfd,1754978152.150075,opportunistic_vs_aggressive,team1,10,3,13,0.5742595195770264,"[['North', 'opportunistic', 0.7], ['South', 'opportunistic', 0.7]]","[['East', 'aggressive', 0.8], ['West', 'aggressive', 0.8]]",2025-08-12 05:55:52.150074959,2025-08-12,5
349c1a8b-ce21-47cf-9181-fe3f12a04797,1754978144.1103225,aggressive_vs_balanced,team2,6,10,16,1.4259428977966309,"[['North', 'aggressive', 0.8], ['South', 'aggressive', 0.8]]","[['East', 'balanced', 0.5], ['West', 'balanced', 0.5]]",2025-08-12 05:55:44.110322475,2025-08-12,5
f4af96af-09c7-4411-bd0e-96786b2779b5,1754978154.756613,opportunistic_vs_aggressive,team2,5,10,15,3.1806602478027344,"[['North', 'opportunistic', 0.7], ['South', 'opportunistic', 0.7]]","[['East', 'aggressive', 0.8], ['West', 'aggressive', 0.8]]",2025-08-12 05:55:54.756613016,2025-08-12,5
79180147-5faa-4f6c-b414-b117b6180558,1754978148.9657648,conservative_vs_balanced,team1,10,5,15,2.4335556030273438,"[['North', 'conservative', 0.2], ['South', 'conservative', 0.2]]","[['East', 'balanced', 0.5], ['West', 'balanced', 0.5]]",2025-08-12 05:55:48.965764761,2025-08-12,5
85debe8f-de1c-415f-b76f-a086caaa7985,1754980291.1028967,conservative_vs_balanced,team1,10,5,15,1.301971673965454,"[['North', 'conservative', 0.2], ['South', 'conservative', 0.2]]","[['East', 'balanced', 0.5], ['West', 'balanced', 0.5]]",2025-08-12 06:31:31.102896690,2025-08-12,6
84c15960-eca9-430f-a529-8995a09532a3,1754980212.52809,mixed_vs_mixed,team1,10,7,17,1.2270054817199707,"[['North', 'aggressive', 0.8], ['South', 'conservative', 0.2]]","[['East', 'balanced', 0.5], ['West', 'opportunistic', 0.7]]",2025-08-12 06:30:12.528089999,2025-08-12,6
e2613314-a64b-43a3-90dd-1e2f1d91fb7c,1754978140.6419795,aggressive_vs_conservative,team2,7,10,17,2.34309983253479,"[['North', 'aggressive', 0.8], ['South', 'aggressive', 0.8]]","[['East', 'conservative', 0.2], ['West', 'conservative', 0.2]]",2025-08-12 05:55:40.641979456,2025-08-12,5
b1f387f1-6371-4fc8-b9ae-cc20088287ca,1754980210.0003595,opportunistic_vs_aggressive,team1,10,8,18,5.464565277099609,"[['North', 'opportunistic', 0.7], ['South', 'opportunistic', 0.7]]","[['East', 'aggressive', 0.8], ['West', 'aggressive', 0.8]]",2025-08-12 06:30:10.000359535,2025-08-12,6
25058c68-5e61-4ee4-bb4a-1d65f8c3e0c4,1754980207.0131595,opportunistic_vs_aggressive,team2,9,10,19,2.4774329662323,"[['North', 'opportunistic', 0.7], ['South', 'opportunistic', 0.7]]","[['East', 'aggressive', 0.8], ['West', 'aggressive', 0.8]]",2025-08-12 06:30:07.013159513,2025-08-12,6
ee143be8-dd6a-4019-b6dc-353ab859a44e,1754978158.4783347,mixed_vs_mixed,team1,10,6,16,3.6786386966705322,"[['North', 'aggressive', 0.8], ['South', 'conservative', 0.2]]","[['East', 'balanced', 0.5], ['West', 'opportunistic', 0.7]]",2025-08-12 05:55:58.478334665,2025-08-12,5
75121193-1192-40b0-9e50-7c2496eadef3,1754980296.0258849,opportunistic_vs_aggressive,team1,10,8,18,1.876601219177246,"[['North', 'opportunistic', 0.7], ['South', 'opportunistic', 0.7]]","[['East', 'aggressive', 0.8], ['West', 'aggressive', 0.8]]",2025-08-12 06:31:36.025884867,2025-08-12,6
3d7ae240-ed4c-4d75-9f13-84ffef610114,1754978140.7385728,aggressive_vs_conservative,team1,10,4,14,2.4396893978118896,"[['North', 'aggressive', 0.8], ['South', 'aggressive', 0.8]]","[['East', 'conservative', 0.2], ['West', 'conservative', 0.2]]",2025-08-12 05:55:40.738572836,2025-08-12,5
ddc9c489-915d-4180-8f2f-a3e8b205f226,1754980192.6182544,aggressive_vs_balanced,team2,9,10,19,3.549194097518921,"[['North', 'aggressive', 0.8], ['South', 'aggressive', 0.8]]","[['East', 'balanced', 0.5], ['West', 'balanced', 0.5]]",2025-08-12 06:29:52.618254423,2025-08-12,6
e4686eb8-eb1f-4250-a064-366a37959295,1754978153.6162364,opportunistic_vs_aggressive,team1,10,5,15,2.0403499603271484,"[['North', 'opportunistic', 0.7], ['South', 'opportunistic', 0.7]]","[['East', 'aggressive', 0.8], ['West', 'aggressive', 0.8]]",2025-08-12 05:55:53.616236448,2025-08-12,5
34b5c2cf-5dc6-41b9-a7d8-b7f3ddc90821,1754978158.479326,mixed_vs_mixed,team2,7,10,17,3.6796321868896484,"[['North', 'aggressive', 0.8], ['South', 'conservative', 0.2]]","[['East', 'balanced', 0.5], ['West', 'opportunistic', 0.7]]",2025-08-12 05:55:58.479326010,2025-08-12,5
19fe92fe-87c4-4f1c-ae6d-3afda6a2d996,1754978153.4573982,opportunistic_vs_aggressive,team2,4,10,14,1.8815219402313232,"[['North', 'opportunistic', 0.7], ['South', 'opportunistic', 0.7]]","[['East', 'aggressive', 0.8], ['West', 'aggressive', 0.8]]",2025-08-12 05:55:53.457398176,2025-08-12,5
fce59656-4e66-4b10-bdb5-05fd66a59c78,1754980212.4175413,mixed_vs_mixed,team1,10,7,17,1.1144046783447266,"[['North', 'aggressive', 0.8], ['South', 'conservative', 0.2]]","[['East', 'balanced', 0.5], ['West', 'opportunistic', 0.7]]",2025-08-12 06:30:12.417541265,2025-08-12,6
14899105-2a4d-488e-b640-28f51541dd90,1754978157.2164006,mixed_vs_mixed,team2,9,10,19,2.4167721271514893,"[['North', 'aggressive', 0.8], ['South', 'conservative', 0.2]]","[['East', 'balanced', 0.5], ['West', 'opportunistic', 0.7]]",2025-08-12 05:55:57.216400623,2025-08-12,5
eed0460d-08f9-4085-8d5e-c87d322d8ca5,1754978151.3228111,conservative_vs_balanced,team2,6,10,16,4.7905049324035645,"[['North', 'conservative', 0.2], ['South', 'conservative', 0.2]]","[['East', 'balanced', 0.5], ['West', 'balanced', 0.5]]",2025-08-12 05:55:51.322811127,2025-08-12,5
19527dc3-98ad-41fd-84f7-00a8c93fa1e5,1754978149.3399074,conservative_vs_balanced,team2,6,10,16,2.8076765537261963,"[['North', 'conservative', 0.2], ['South', 'conservative', 0.2]]","[['East', 'balanced', 0.5], ['West', 'balanced', 0.5]]",2025-08-12 05:55:49.339907408,2025-08-12,5
e9170ea9-7b1f-45a8-a956-884f9d41b644,1754980184.58209,aggressive_vs_conservative,team2,9,10,19,2.633234977722168,"[['North', 'aggressive', 0.8], ['South', 'aggressive', 0.8]]","[['East', 'conservative', 0.2], ['West', 'conservative', 0.2]]",2025-08-12 06:29:44.582089901,2025-08-12,6
a76c05c8-c64c-406d-86e8-ad6827d34c5c,1754980214.6090455,mixed_vs_mixed,team1,10,9,19,3.30574369430542,"[['North', 'aggressive', 0.8], ['South', 'conservative', 0.2]]","[['East', 'balanced', 0.5], ['West', 'opportunistic', 0.7]]",2025-08-12 06:30:14.609045506,2025-08-12,6
19c864c2-ea1f-469b-b63a-a4e2b6f21bab,1754980197.7027884,conservative_vs_balanced,team1,10,5,15,2.691253185272217,"[['North', 'conservative', 0.2], ['South', 'conservative', 0.2]]","[['East', 'balanced', 0.5], ['West', 'balanced', 0.5]]",2025-08-12 06:29:57.702788353,2025-08-12,6
6c69c0c3-621c-4d70-85f0-407cec804bc0,1754978146.27119,aggressive_vs_balanced,team2,6,10,16,3.586730480194092,"[['North', 'aggressive', 0.8], ['South', 'aggressive', 0.8]]","[['East', 'balanced', 0.5], ['West', 'balanced', 0.5]]",2025-08-12 05:55:46.271189928,2025-08-12,5
7823482b-f8eb-4d12-a07c-a60cc5b019df,1754980183.3884437,aggressive_vs_conservative,team1,10,8,18,1.4396073818206787,"[['North', 'aggressive', 0.8], ['South', 'aggressive', 0.8]]","[['East', 'conservative', 0.2], ['West', 'conservative', 0.2]]",2025-08-12 06:29:43.388443708,2025-08-12,6
1126167b-04a4-4bdb-8c91-bd94704f8fb1,1754980291.233271,conservative_vs_balanced,team2,4,10,14,1.4323601722717285,"[['North', 'conservative', 0.2], ['South', 'conservative', 0.2]]","[['East', 'balanced', 0.5], ['West', 'balanced', 0.5]]",2025-08-12 06:31:31.233270884,2025-08-12,6
10df7f12-3f59-4d10-b239-43e42eafcd4d,1754978147.4503188,conservative_vs_balanced,team2,6,10,16,0.9181461334228516,"[['North', 'conservative', 0.2], ['South', 'conservative', 0.2]]","[['East', 'balanced', 0.5], ['West', 'balanced', 0.5]]",2025-08-12 05:55:47.450318813,2025-08-12,5
28c7c284-3184-4639-bb60-dfacaf174b22,1754980198.057045,conservative_vs_balanced,team2,9,10,19,3.0455162525177,"[['North', 'conservative', 0.2], ['South', 'conservative', 0.2]]","[['East', 'balanced', 0.5], ['West', 'balanced', 0.5]]",2025-08-12 06:29:58.057044983,2025-08-12,6
e8b7de51-d051-4087-ac04-3eeb6a818354,1754980205.958207,opportunistic_vs_aggressive,team1,10,7,17,1.422504186630249,"[['North', 'opportunistic', 0.7], ['South', 'opportunistic', 0.7]]","[['East', 'aggressive', 0.8], ['West', 'aggressive', 0.8]]",2025-08-12 06:30:05.958206892,2025-08-12,6
e24161da-881a-410f-a9e9-219bca058715,1754980207.8494081,opportunistic_vs_aggressive,team2,4,10,14,3.313664436340332,"[['North', 'opportunistic', 0.7], ['South', 'opportunistic', 0.7]]","[['East', 'aggressive', 0.8], ['West', 'aggressive', 0.8]]",2025-08-12 06:30:07.849408150,2025-08-12,6
7cf72707-b4ce-4df0-85e4-011400f57362,1754978141.4127657,aggressive_vs_conservative,team1,10,4,14,3.1138575077056885,"[['North', 'aggressive', 0.8], ['South', 'aggressive', 0.8]]","[['East', 'conservative', 0.2], ['West', 'conservative', 0.2]]",2025-08-12 05:55:41.412765741,2025-08-12,5
d19a8976-6840-4d86-a4cc-a8949de319b6,1754980203.9405363,conservative_vs_balanced,team1,10,5,15,8.928890466690063,"[['North', 'conservative', 0.2], ['South', 'conservative', 0.2]]","[['East', 'balanced', 0.5], ['West', 'balanced', 0.5]]",2025-08-12 06:30:03.940536261,2025-08-12,6
1df69eaf-92a1-4943-881c-c281bd4ba0bf,1754980190.7639914,aggressive_vs_balanced,team1,10,7,17,1.6949856281280518,"[['North', 'aggressive', 0.8], ['South', 'aggressive', 0.8]]","[['East', 'balanced', 0.5], ['West', 'balanced', 0.5]]",2025-08-12 06:29:50.763991356,2025-08-12,6
631849e8-8033-4a27-b7b3-2ea7d7973680,1754980198.3356638,conservative_vs_balanced,team1,10,9,19,3.324129343032837,"[['North', 'conservative', 0.2], ['South', 'conservative', 0.2]]","[['East', 'balanced', 0.5], ['West', 'balanced', 0.5]]",2025-08-12 06:29:58.335663795,2025-08-12,6
96b2177b-e2bf-40c5-aa15-aa89c88cbdb1,1754978147.547273,conservative_vs_balanced,team2,8,10,18,1.0151026248931885,"[['North', 'conservative', 0.2], ['South', 'conservative', 0.2]]","[['East', 'balanced', 0.5], ['West', 'balanced', 0.5]]",2025-08-12 05:55:47.547272921,2025-08-12,5
360e9362-aa43-4d04-9bc8-b48478e51ac3,1754980196.0642846,conservative_vs_balanced,team1,10,0,10,1.0527918338775635,"[['North', 'conservative', 0.2], ['South', 'conservative', 0.2]]","[['East', 'balanced', 0.5], ['West', 'balanced', 0.5]]",2025-08-12 06:29:56.064284563,2025-08-12,6
1821939e-1620-44a0-a187-b26cef3ddf78,1754980291.3111465,conservative_vs_balanced,team1,10,5,15,1.510206937789917,"[['North', 'conservative', 0.2], ['South', 'conservative', 0.2]]","[['East', 'balanced', 0.5], ['West', 'balanced', 0.5]]",2025-08-12 06:31:31.311146498,2025-08-12,6
37758764-038d-414b-9ef0-45eb9e6cdfef,1754978140.560279,aggressive_vs_conservative,team2,7,10,17,2.261404514312744,"[['North', 'aggressive', 0.8], ['South', 'aggressive', 0.8]]","[['East', 'conservative', 0.2], ['West', 'conservative', 0.2]]",2025-08-12 05:55:40.560278893,2025-08-12,5
05d36bf5-894b-47a8-8b82-bb1425005271,1754978157.02354,mixed_vs_mixed,team2,5,10,15,2.2239158153533936,"[['North', 'aggressive', 0.8], ['South', 'conservative', 0.2]]","[['East', 'balanced', 0.5], ['West', 'opportunistic', 0.7]]",2025-08-12 05:55:57.023540020,2025-08-12,5
6665ef4d-4049-4ef3-9879-882dc26bde9f,1754980194.2924297,aggressive_vs_balanced,team2,7,10,17,5.223284959793091,"[['North', 'aggressive', 0.8], ['South', 'aggressive', 0.8]]","[['East', 'balanced', 0.5], ['West', 'balanced', 0.5]]",2025-08-12 06:29:54.292429686,2025-08-12,6
04446974-e534-42ea-aafe-7d5891080cf6,1754978149.875447,conservative_vs_balanced,team1,10,8,18,3.343196392059326,"[['North', 'conservative', 0.2], ['South', 'conservative', 0.2]]","[['East', 'balanced', 0.5], ['West', 'balanced', 0.5]]",2025-08-12 05:55:49.875447035,2025-08-12,5
8ca9bf37-b2d7-4520-9a97-ff7bc27baf61,1754980210.7653036,opportunistic_vs_aggressive,team1,10,7,17,6.229488134384155,"[['North', 'opportunistic', 0.7], ['South', 'opportunistic', 0.7]]","[['East', 'aggressive', 0.8], ['West', 'aggressive', 0.8]]",2025-08-12 06:30:10.765303612,2025-08-12,6
f597ebd7-84ef-4124-a18a-1a866e9c9764,1754978146.3086123,aggressive_vs_balanced,team1,10,9,19,3.6241507530212402,"[['North', 'aggressive', 0.8], ['South', 'aggressive', 0.8]]","[['East', 'balanced', 0.5], ['West', 'balanced', 0.5]]",2025-08-12 05:55:46.308612347,2025-08-12,5
d4dd4cb0-cc33-46c8-8057-903a55ecbb9e,1754980287.935792,aggressive_vs_balanced,team1,10,8,18,1.2839138507843018,"[['North', 'aggressive', 0.8], ['South', 'aggressive', 0.8]]","[['East', 'balanced', 0.5], ['West', 'balanced', 0.5]]",2025-08-12 06:31:27.935791969,2025-08-12,6
e4711345-5e80-4359-830e-ee2d45834c50,1754980214.3747873,mixed_vs_mixed,team1,10,1,11,3.071474075317383,"[['North', 'aggressive', 0.8], ['South', 'conservative', 0.2]]","[['East', 'balanced', 0.5], ['West', 'opportunistic', 0.7]]",2025-08-12 06:30:14.374787331,2025-08-12,6
f6a3cdad-c30b-4d66-a6a4-7ee7c72369b1,1754980212.4262407,mixed_vs_mixed,team2,5,10,15,1.1231048107147217,"[['North', 'aggressive', 0.8], ['South', 'conservative', 0.2]]","[['East', 'balanced', 0.5], ['West', 'opportunistic', 0.7]]",2025-08-12 06:30:12.426240683,2025-08-12,6
62909eb6-2a9e-47ea-b61c-ddb52ebf8702,1754980300.608019,mixed_vs_mixed,team2,7,10,17,3.372631072998047,"[['North', 'aggressive', 0.8], ['South', 'conservative', 0.2]]","[['East', 'balanced', 0.5], ['West', 'opportunistic', 0.7]]",2025-08-12 06:31:40.608019114,2025-08-12,6
5882e221-f41b-46b5-bf75-29e82c11b693,1754980206.8528676,opportunistic_vs_aggressive,team2,7,10,17,2.3171463012695312,"[['North', 'opportunistic', 0.7], ['South', 'opportunistic', 0.7]]","[['East', 'aggressive', 0.8], ['West', 'aggressive', 0.8]]",2025-08-12 06:30:06.852867603,2025-08-12,6
74013b25-c579-4128-96bd-d75a7b1e6c45,1754980217.3360167,mixed_vs_mixed,team1,10,8,18,6.032631874084473,"[['North', 'aggressive', 0.8], ['South', 'conservative', 0.2]]","[['East', 'balanced', 0.5], ['West', 'opportunistic', 0.7]]",2025-08-12 06:30:17.336016655,2025-08-12,6
a4f1d234-8ca5-40cf-aa3e-15b1e42a9790,1754978142.203339,aggressive_vs_conservative,team2,9,10,19,3.9044079780578613,"[['North', 'aggressive', 0.8], ['South', 'aggressive', 0.8]]","[['East', 'conservative', 0.2], ['West', 'conservative', 0.2]]",2025-08-12 05:55:42.203339100,2025-08-12,5
481a29df-873e-40fb-b17b-a95762cf21f9,1754980204.216579,conservative_vs_balanced,team2,7,10,17,9.204923868179321,"[['North', 'conservative', 0.2], ['South', 'conservative', 0.2]]","[['East', 'balanced', 0.5], ['West', 'balanced', 0.5]]",2025-08-12 06:30:04.216578960,2025-08-12,6
33cf6535-6df8-4417-ac30-0d67c1e6f207,1754978152.333046,opportunistic_vs_aggressive,team1,10,9,19,0.7572207450866699,"[['North', 'opportunistic', 0.7], ['South', 'opportunistic', 0.7]]","[['East', 'aggressive', 0.8], ['West', 'aggressive', 0.8]]",2025-08-12 05:55:52.333045959,2025-08-12,5
e964d5fe-9a23-4d41-83e3-1bc52ee74ddb,1754980210.4960284,opportunistic_vs_aggressive,team2,9,10,19,5.960219621658325,"[['North', 'opportunistic', 0.7], ['South', 'opportunistic', 0.7]]","[['East', 'aggressive', 0.8], ['West', 'aggressive', 0.8]]",2025-08-12 06:30:10.496028423,2025-08-12,6
cf6b7e8a-50e3-49f0-9e18-70c778c42bb0,1754980214.6975255,mixed_vs_mixed,team1,10,6,16,3.3942151069641113,"[['North', 'aggressive', 0.8], ['South', 'conservative', 0.2]]","[['East', 'balanced', 0.5], ['West', 'opportunistic', 0.7]]",2025-08-12 06:30:14.697525501,2025-08-12,6
08dc3c1b-dc98-43d7-b2a6-6c7692a2d8d6,1754980210.4557726,opportunistic_vs_aggressive,team2,9,10,19,5.919965982437134,"[['North', 'opportunistic', 0.7], ['South', 'opportunistic', 0.7]]","[['East', 'aggressive', 0.8], ['West', 'aggressive', 0.8]]",2025-08-12 06:30:10.455772638,2025-08-12,6
d24bdb0e-3de9-4533-98dd-b1805c60d4f5,1754978154.3087118,opportunistic_vs_aggressive,team2,9,10,19,2.7327940464019775,"[['North', 'opportunistic', 0.7], ['South', 'opportunistic', 0.7]]","[['East', 'aggressive', 0.8], ['West', 'aggressive', 0.8]]",2025-08-12 05:55:54.308711767,2025-08-12,5
47b1f211-e775-4d64-bdcb-a3736c5c0c6b,1754980196.7376738,conservative_vs_balanced,team1,10,8,18,1.726175308227539,"[['North', 'conservative', 0.2], ['South', 'conservative', 0.2]]","[['East', 'balanced', 0.5], ['West', 'balanced', 0.5]]",2025-08-12 06:29:56.737673759,2025-08-12,6
e97fa61a-5c77-4e97-bf8d-951012ed9328,1754980291.2804296,conservative_vs_balanced,team2,6,10,16,1.4794962406158447,"[['North', 'conservative', 0.2], ['South', 'conservative', 0.2]]","[['East', 'balanced', 0.5], ['West', 'balanced', 0.5]]",2025-08-12 06:31:31.280429602,2025-08-12,6
88d7cf40-9886-44eb-ad27-8a3c9b3b5b4d,1754980215.2250607,mixed_vs_mixed,team2,6,10,16,3.9217374324798584,"[['North', 'aggressive', 0.8], ['South', 'conservative', 0.2]]","[['East', 'balanced', 0.5], ['West', 'opportunistic', 0.7]]",2025-08-12 06:30:15.225060701,2025-08-12,6
2362bc57-45c2-48e1-9cea-88fad781359c,1754980212.611919,mixed_vs_mixed,team1,10,9,19,1.3087620735168457,"[['North', 'aggressive', 0.8], ['South', 'conservative', 0.2]]","[['East', 'balanced', 0.5], ['West', 'opportunistic', 0.7]]",2025-08-12 06:30:12.611918926,2025-08-12,6
ac39b799-a2bd-4969-81eb-b0dd370bdaa1,1754978156.0543332,mixed_vs_mixed,team2,7,10,17,1.2547454833984375,"[['North', 'aggressive', 0.8], ['South', 'conservative', 0.2]]","[['East', 'balanced', 0.5], ['West', 'opportunistic', 0.7]]",2025-08-12 05:55:56.054333210,2025-08-12,5
cf4274bf-354b-4183-afa7-0bd96c58fd0f,1754980203.5086427,conservative_vs_balanced,team1,10,8,18,8.4970121383667,"[['North', 'conservative', 0.2], ['South', 'conservative', 0.2]]","[['East', 'balanced', 0.5], ['West', 'balanced', 0.5]]",2025-08-12 06:30:03.508642673,2025-08-12,6
00e1653f-5f35-40e4-b9cc-4a9019eedf46,1754978152.1019206,opportunistic_vs_aggressive,team1,10,2,12,0.5261118412017822,"[['North', 'opportunistic', 0.7], ['South', 'opportunistic', 0.7]]","[['East', 'aggressive', 0.8], ['West', 'aggressive', 0.8]]",2025-08-12 05:55:52.101920605,2025-08-12,5
561f42c1-0a9c-4589-a2ad-1d6007a0c5c3,1754978139.9534345,aggressive_vs_conservative,team2,9,10,19,1.654588222503662,"[['North', 'aggressive', 0.8], ['South', 'aggressive', 0.8]]","[['East', 'conservative', 0.2], ['West', 'conservative', 0.2]]",2025-08-12 05:55:39.953434467,2025-08-12,5
454d44d3-b4fd-4e22-973c-740edba9af70,1754980288.4502625,aggressive_vs_balanced,team1,10,6,16,1.7983651161193848,"[['North', 'aggressive', 0.8], ['South', 'aggressive', 0.8]]","[['East', 'balanced', 0.5], ['West', 'balanced', 0.5]]",2025-08-12 06:31:28.450262547,2025-08-12,6
85193060-b51c-4d1c-8463-a833b3588cb2,1754980291.0050755,conservative_vs_balanced,team1,10,4,14,1.2041516304016113,"[['North', 'conservative', 0.2], ['South', 'conservative', 0.2]]","[['East', 'balanced', 0.5], ['West', 'balanced', 0.5]]",2025-08-12 06:31:31.005075455,2025-08-12,6
aa90ba3b-a90b-4b03-99d0-1cf93cc29c87,1754980283.9773722,aggressive_vs_conservative,team2,4,10,14,1.21555495262146,"[['North', 'aggressive', 0.8], ['South', 'aggressive', 0.8]]","[['East', 'conservative', 0.2], ['West', 'conservative', 0.2]]",2025-08-12 06:31:23.977372169,2025-08-12,6
f6bb548b-eab4-442b-8342-7d1ac6636108,1754980300.44436,mixed_vs_mixed,team2,5,10,15,3.2089736461639404,"[['North', 'aggressive', 0.8], ['South', 'conservative', 0.2]]","[['East', 'balanced', 0.5], ['West', 'opportunistic', 0.7]]",2025-08-12 06:31:40.444360018,2025-08-12,6
d7989727-3130-4e7d-bfc1-ec7e658df921,1754978154.0822425,opportunistic_vs_aggressive,team2,6,10,16,2.506333351135254,"[['North', 'opportunistic', 0.7], ['South', 'opportunistic', 0.7]]","[['East', 'aggressive', 0.8], ['West', 'aggressive', 0.8]]",2025-08-12 05:55:54.082242489,2025-08-12,5
e739a83e-eaf4-48b8-82b9-f0efce09216c,1754980183.5226424,aggressive_vs_conservative,team2,8,10,18,1.5738017559051514,"[['North', 'aggressive', 0.8], ['South', 'aggressive', 0.8]]","[['East', 'conservative', 0.2], ['West', 'conservative', 0.2]]",2025-08-12 06:29:43.522642374,2025-08-12,6
807ed06f-e627-4584-9b69-d4cbe70ff5c7,1754980188.818858,aggressive_vs_conservative,team2,7,10,17,6.869880437850952,"[['North', 'aggressive', 0.8], ['South', 'aggressive', 0.8]]","[['East', 'conservative', 0.2], ['West', 'conservative', 0.2]]",2025-08-12 06:29:48.818857908,2025-08-12,6
6d1c75fd-63df-41d6-90a7-e1e6ba3a35ea,1754980299.380067,mixed_vs_mixed,team2,5,10,15,2.1447205543518066,"[['North', 'aggressive', 0.8], ['South', 'conservative', 0.2]]","[['East', 'balanced', 0.5], ['West', 'opportunistic', 0.7]]",2025-08-12 06:31:39.380067110,2025-08-12,6
2e710812-7ed0-4e66-bd84-b4cb885905e6,1754980217.6546657,mixed_vs_mixed,team1,10,7,17,6.351269483566284,"[['North', 'aggressive', 0.8], ['South', 'conservative', 0.2]]","[['East', 'balanced', 0.5], ['West', 'opportunistic', 0.7]]",2025-08-12 06:30:17.654665709,2025-08-12,6
3c084b4a-e3d0-4917-bef4-0d0c618e361d,1754978139.479318,aggressive_vs_conservative,team2,2,10,12,1.1804816722869873,"[['North', 'aggressive', 0.8], ['South', 'aggressive', 0.8]]","[['East', 'conservative', 0.2], ['West', 'conservative', 0.2]]",2025-08-12 05:55:39.479317904,2025-08-12,5
4fec9a7b-a60b-418e-b2b6-2735771c39e8,1754980299.4958043,mixed_vs_mixed,team2,6,10,16,2.260453224182129,"[['North', 'aggressive', 0.8], ['South', 'conservative', 0.2]]","[['East', 'balanced', 0.5], ['West', 'opportunistic', 0.7]]",2025-08-12 06:31:39.495804310,2025-08-12,6
c29e5dcd-8793-4ad7-878d-5664f6bce61b,1754980209.2215142,opportunistic_vs_aggressive,team1,10,7,17,4.685739755630493,"[['North', 'opportunistic', 0.7], ['South', 'opportunistic', 0.7]]","[['East', 'aggressive', 0.8], ['West', 'aggressive', 0.8]]",2025-08-12 06:30:09.221514225,2025-08-12,6
bea8fd26-5dbc-4630-8dae-86d1cffbffc1,1754978154.0508225,opportunistic_vs_aggressive,team2,9,10,19,2.474921464920044,"[['North', 'opportunistic', 0.7], ['South', 'opportunistic', 0.7]]","[['East', 'aggressive', 0.8], ['West', 'aggressive', 0.8]]",2025-08-12 05:55:54.050822496,2025-08-12,5
5abe1b0a-36b1-4e30-b949-63cbe7f9df19,1754978153.218543,opportunistic_vs_aggressive,team2,6,10,16,1.6426761150360107,"[['North', 'opportunistic', 0.7], ['South', 'opportunistic', 0.7]]","[['East', 'aggressive', 0.8], ['West', 'aggressive', 0.8]]",2025-08-12 05:55:53.218543053,2025-08-12,5
a3142672-0a09-4783-a80b-4a6a38496204,1754980190.1233478,aggressive_vs_balanced,team1,10,5,15,1.0543696880340576,"[['North', 'aggressive', 0.8], ['South', 'aggressive', 0.8]]","[['East', 'balanced', 0.5], ['West', 'balanced', 0.5]]",2025-08-12 06:29:50.123347759,2025-08-12,6
bae83c42-d996-4b5b-978b-40392a341f1d,1754978153.9665937,opportunistic_vs_aggressive,team2,3,10,13,2.390688419342041,"[['North', 'opportunistic', 0.7], ['South', 'opportunistic', 0.7]]","[['East', 'aggressive', 0.8], ['West', 'aggressive', 0.8]]",2025-08-12 05:55:53.966593742,2025-08-12,5
136a732a-551b-4cda-9909-495a91b40625,1754980192.7682958,aggressive_vs_balanced,team2,7,10,17,3.699223041534424,"[['North', 'aggressive', 0.8], ['South', 'aggressive', 0.8]]","[['East', 'balanced', 0.5], ['West', 'balanced', 0.5]]",2025-08-12 06:29:52.768295765,2025-08-12,6
d504b643-6bdb-44c9-832e-4c4196f5d989,1754980291.2724097,conservative_vs_balanced,team2,7,10,17,1.4714889526367188,"[['North', 'conservative', 0.2], ['South', 'conservative', 0.2]]","[['East', 'balanced', 0.5], ['West', 'balanced', 0.5]]",2025-08-12 06:31:31.272409678,2025-08-12,6
f38f9770-0a90-4e46-864a-2844ee615f25,1754978147.4745436,conservative_vs_balanced,team1,10,7,17,0.9423727989196777,"[['North', 'conservative', 0.2], ['South', 'conservative', 0.2]]","[['East', 'balanced', 0.5], ['West', 'balanced', 0.5]]",2025-08-12 05:55:47.474543571,2025-08-12,5
63f7812e-94d8-4398-af37-0ba0d170f66a,1754980289.5184634,aggressive_vs_balanced,team1,10,8,18,2.8665287494659424,"[['North', 'aggressive', 0.8], ['South', 'aggressive', 0.8]]","[['East', 'balanced', 0.5], ['West', 'balanced', 0.5]]",2025-08-12 06:31:29.518463373,2025-08-12,6
977bdb0a-373f-43f5-8c6e-b27762198253,1754980184.5650508,aggressive_vs_conservative,team1,10,6,16,2.616185426712036,"[['North', 'aggressive', 0.8], ['South', 'aggressive', 0.8]]","[['East', 'conservative', 0.2], ['West', 'conservative', 0.2]]",2025-08-12 06:29:44.565050840,2025-08-12,6
84bb5e7e-9f9d-405d-b09e-f368ccffffe4,1754980187.800221,aggressive_vs_conservative,team1,10,8,18,5.851274251937866,"[['North', 'aggressive', 0.8], ['South', 'aggressive', 0.8]]","[['East', 'conservative', 0.2], ['West', 'conservative', 0.2]]",2025-08-12 06:29:47.800220966,2025-08-12,6
6a0ce0ec-06c2-4e97-856e-773b481c1cd4,1754980188.8552704,aggressive_vs_conservative,team2,6,10,16,6.90629243850708,"[['North', 'aggressive', 0.8], ['South', 'aggressive', 0.8]]","[['East', 'conservative', 0.2], ['West', 'conservative', 0.2]]",2025-08-12 06:29:48.855270386,2025-08-12,6
a54e9940-ebb3-4c59-973c-89d1a6473cb2,1754980206.651722,opportunistic_vs_aggressive,team2,9,10,19,2.116013288497925,"[['North', 'opportunistic', 0.7], ['South', 'opportunistic', 0.7]]","[['East', 'aggressive', 0.8], ['West', 'aggressive', 0.8]]",2025-08-12 06:30:06.651721954,2025-08-12,6
8ab8c953-890c-4c81-8f8b-33988bbeb868,1754980211.0298004,opportunistic_vs_aggressive,team2,8,10,18,6.493975639343262,"[['North', 'opportunistic', 0.7], ['South', 'opportunistic', 0.7]]","[['East', 'aggressive', 0.8], ['West', 'aggressive', 0.8]]",2025-08-12 06:30:11.029800415,2025-08-12,6
5d2a3ed5-350e-4bc6-aeff-f2bf881401ff,1754980212.4317777,mixed_vs_mixed,team1,10,5,15,1.128631353378296,"[['North', 'aggressive', 0.8], ['South', 'conservative', 0.2]]","[['East', 'balanced', 0.5], ['West', 'opportunistic', 0.7]]",2025-08-12 06:30:12.431777716,2025-08-12,6
99da51c9-86f0-4da3-929a-171bcd463fc9,1754980216.2556102,mixed_vs_mixed,team2,6,10,16,4.952249526977539,"[['North', 'aggressive', 0.8], ['South', 'conservative', 0.2]]","[['East', 'balanced', 0.5], ['West', 'opportunistic', 0.7]]",2025-08-12 06:30:16.255610228,2025-08-12,6
04d5d40c-e73d-41b2-9ec5-983bf9f898fc,1754978145.3848522,aggressive_vs_balanced,team2,9,10,19,2.7004315853118896,"[['North', 'aggressive', 0.8], ['South', 'aggressive', 0.8]]","[['East', 'balanced', 0.5], ['West', 'balanced', 0.5]]",2025-08-12 05:55:45.384852171,2025-08-12,5
1b2b07ba-caac-4476-ac8f-428391f069cb,1754980187.2315454,aggressive_vs_conservative,team1,10,3,13,5.282614469528198,"[['North', 'aggressive', 0.8], ['South', 'aggressive', 0.8]]","[['East', 'conservative', 0.2], ['West', 'conservative', 0.2]]",2025-08-12 06:29:47.231545448,2025-08-12,6
ce5cadd7-3203-4c58-bf50-6b58a218a70c,1754980212.564385,mixed_vs_mixed,team2,7,10,17,1.2612314224243164,"[['North', 'aggressive', 0.8], ['South', 'conservative', 0.2]]","[['East', 'balanced', 0.5], ['West', 'opportunistic', 0.7]]",2025-08-12 06:30:12.564384937,2025-08-12,6
5a8a1d88-98e9-4a26-b07c-c7b9460228c6,1754978139.9732661,aggressive_vs_conservative,team1,10,8,18,1.6744146347045898,"[['North', 'aggressive', 0.8], ['South', 'aggressive', 0.8]]","[['East', 'conservative', 0.2], ['West', 'conservative', 0.2]]",2025-08-12 05:55:39.973266125,2025-08-12,5
044b2261-791d-45c1-bfe1-cb3e8c45ea80,1754980187.0887353,aggressive_vs_conservative,team1,10,7,17,5.139810562133789,"[['North', 'aggressive', 0.8], ['South', 'aggressive', 0.8]]","[['East', 'conservative', 0.2], ['West', 'conservative', 0.2]]",2025-08-12 06:29:47.088735342,2025-08-12,6
d687a617-7a5e-499d-9a80-a86c05e572b5,1754980207.011954,opportunistic_vs_aggressive,team2,8,10,18,2.4762258529663086,"[['North', 'opportunistic', 0.7], ['South', 'opportunistic', 0.7]]","[['East', 'aggressive', 0.8], ['West', 'aggressive', 0.8]]",2025-08-12 06:30:07.011954069,2025-08-12,6
3b7218ee-3fa5-43b8-8f2a-9043fa7ac078,1754980187.5268002,aggressive_vs_conservative,team1,10,4,14,5.5778586864471436,"[['North', 'aggressive', 0.8], ['South', 'aggressive', 0.8]]","[['East', 'conservative', 0.2], ['West', 'conservative', 0.2]]",2025-08-12 06:29:47.526800155,2025-08-12,6
de456400-02c4-41f2-a743-9ac4a241c839,1754978149.3607247,conservative_vs_balanced,team1,10,9,19,2.8284947872161865,"[['North', 'conservative', 0.2], ['South', 'conservative', 0.2]]","[['East', 'balanced', 0.5], ['West', 'balanced', 0.5]]",2025-08-12 05:55:49.360724688,2025-08-12,5
5022dcdc-1e65-4344-b472-43f61d33b739,1754980198.5548298,conservative_vs_balanced,team2,7,10,17,3.543283700942993,"[['North', 'conservative', 0.2], ['South', 'conservative', 0.2]]","[['East', 'balanced', 0.5], ['West', 'balanced', 0.5]]",2025-08-12 06:29:58.554829836,2025-08-12,6
85908904-251e-4688-8923-f2c9b2c178e7,1754980289.5953114,aggressive_vs_balanced,team1,10,5,15,2.943366765975952,"[['North', 'aggressive', 0.8], ['South', 'aggressive', 0.8]]","[['East', 'balanced', 0.5], ['West', 'balanced', 0.5]]",2025-08-12 06:31:29.595311403,2025-08-12,6
2a8d93bd-56bf-47ba-ad33-cfa5e99aacc8,1754978144.0126855,aggressive_vs_balanced,team1,10,7,17,1.3283133506774902,"[['North', 'aggressive', 0.8], ['South', 'aggressive', 0.8]]","[['East', 'balanced', 0.5], ['West', 'balanced', 0.5]]",2025-08-12 05:55:44.012685537,2025-08-12,5
1f4bbe08-d9b0-428a-9295-9417cc3b6557,1754980295.8424075,opportunistic_vs_aggressive,team2,7,10,17,1.6931266784667969,"[['North', 'opportunistic', 0.7], ['South', 'opportunistic', 0.7]]","[['East', 'aggressive', 0.8], ['West', 'aggressive', 0.8]]",2025-08-12 06:31:35.842407465,2025-08-12,6
692fe86c-cbe2-4906-aaa4-66f5e56f0a89,1754980285.4878125,aggressive_vs_conservative,team2,7,10,17,2.725954294204712,"[['North', 'aggressive', 0.8], ['South', 'aggressive', 0.8]]","[['East', 'conservative', 0.2], ['West', 'conservative', 0.2]]",2025-08-12 06:31:25.487812519,2025-08-12,6
78163fcb-9b26-4170-8884-0d181db75f67,1754978143.9108758,aggressive_vs_balanced,team2,5,10,15,1.226513147354126,"[['North', 'aggressive', 0.8], ['South', 'aggressive', 0.8]]","[['East', 'balanced', 0.5], ['West', 'balanced', 0.5]]",2025-08-12 05:55:43.910875797,2025-08-12,5
7e72d1be-f827-4558-8e7b-080127e711bd,1754978143.7623289,aggressive_vs_balanced,team2,6,10,16,1.077972173690796,"[['North', 'aggressive', 0.8], ['South', 'aggressive', 0.8]]","[['East', 'balanced', 0.5], ['West', 'balanced', 0.5]]",2025-08-12 05:55:43.762328863,2025-08-12,5
24a2ebec-cc85-4388-947f-6c264eb72765,1754980216.2175386,mixed_vs_mixed,team1,10,6,16,4.914186477661133,"[['North', 'aggressive', 0.8], ['South', 'conservative', 0.2]]","[['East', 'balanced', 0.5], ['West', 'opportunistic', 0.7]]",2025-08-12 06:30:16.217538595,2025-08-12,6
df33d68b-a32c-469f-8a54-10ea4ffb1e7b,1754980296.9852498,opportunistic_vs_aggressive,team1,10,8,18,2.8359155654907227,"[['North', 'opportunistic', 0.7], ['South', 'opportunistic', 0.7]]","[['East', 'aggressive', 0.8], ['West', 'aggressive', 0.8]]",2025-08-12 06:31:36.985249758,2025-08-12,6
3630b40f-7fe7-4caf-b025-5b2d7a7616ca,1754978154.1493177,opportunistic_vs_aggressive,team1,10,7,17,2.5734095573425293,"[['North', 'opportunistic', 0.7], ['South', 'opportunistic', 0.7]]","[['East', 'aggressive', 0.8], ['West', 'aggressive', 0.8]]",2025-08-12 05:55:54.149317741,2025-08-12,5
adc79062-832f-470d-a0ac-bc95998fca25,1754980296.1088028,opportunistic_vs_aggressive,team1,10,9,19,1.9595141410827637,"[['North', 'opportunistic', 0.7], ['South', 'opportunistic', 0.7]]","[['East', 'aggressive', 0.8], ['West', 'aggressive', 0.8]]",2025-08-12 06:31:36.108802795,2025-08-12,6
1a90c7cb-ffe4-42af-9c9c-a1aa79767468,1754978152.234541,opportunistic_vs_aggressive,team2,5,10,15,0.6587278842926025,"[['North', 'opportunistic', 0.7], ['South', 'opportunistic', 0.7]]","[['East', 'aggressive', 0.8], ['West', 'aggressive', 0.8]]",2025-08-12 05:55:52.234540939,2025-08-12,5
638afe52-25d4-4f20-8bc1-e1f81e982215,1754980296.8531604,opportunistic_vs_aggressive,team2,7,10,17,2.7038347721099854,"[['North', 'opportunistic', 0.7], ['South', 'opportunistic', 0.7]]","[['East', 'aggressive', 0.8], ['West', 'aggressive', 0.8]]",2025-08-12 06:31:36.853160381,2025-08-12,6
13cb0663-8c10-45d3-a7ed-fdfc9db3de94,1754980193.1515741,aggressive_vs_balanced,team2,4,10,14,4.082490921020508,"[['North', 'aggressive', 0.8], ['South', 'aggressive', 0.8]]","[['East', 'balanced', 0.5], ['West', 'balanced', 0.5]]",2025-08-12 06:29:53.151574135,2025-08-12,6
046b5e04-68fd-4667-9bd8-cbd6f07b9902,1754978143.43823,aggressive_vs_balanced,team2,8,10,18,0.7538838386535645,"[['North', 'aggressive', 0.8], ['South', 'aggressive', 0.8]]","[['East', 'balanced', 0.5], ['West', 'balanced', 0.5]]",2025-08-12 05:55:43.438230038,2025-08-12,5
cf85803e-3fd8-4b2f-899e-cc5df4336ad1,1754980191.902539,aggressive_vs_balanced,team1,10,4,14,2.8334848880767822,"[['North', 'aggressive', 0.8], ['South', 'aggressive', 0.8]]","[['East', 'balanced', 0.5], ['West', 'balanced', 0.5]]",2025-08-12 06:29:51.902539015,2025-08-12,6
5f614741-4a0f-4dac-8930-1fd77bc57551,1754980191.8294258,aggressive_vs_balanced,team1,10,9,19,2.760392904281616,"[['North', 'aggressive', 0.8], ['South', 'aggressive', 0.8]]","[['East', 'balanced', 0.5], ['West', 'balanced', 0.5]]",2025-08-12 06:29:51.829425812,2025-08-12,6
27b05e39-ec7d-4817-ab40-9f313721c4f3,1754980216.6629868,mixed_vs_mixed,team1,10,6,16,5.359622955322266,"[['North', 'aggressive', 0.8], ['South', 'conservative', 0.2]]","[['East', 'balanced', 0.5], ['West', 'opportunistic', 0.7]]",2025-08-12 06:30:16.662986755,2025-08-12,6
6f2c839e-c14c-46d3-b4b2-013478f4d3d4,1754980194.8401675,aggressive_vs_balanced,team2,5,10,15,5.770996332168579,"[['North', 'aggressive', 0.8], ['South', 'aggressive', 0.8]]","[['East', 'balanced', 0.5], ['West', 'balanced', 0.5]]",2025-08-12 06:29:54.840167522,2025-08-12,6
25396577-74e8-4dde-a90e-e8eea58c6062,1754980198.267756,conservative_vs_balanced,team1,10,2,12,3.256207227706909,"[['North', 'conservative', 0.2], ['South', 'conservative', 0.2]]","[['East', 'balanced', 0.5], ['West', 'balanced', 0.5]]",2025-08-12 06:29:58.267755984,2025-08-12,6
1e6f20af-4f70-40fc-9a84-8e240d71c02a,1754980209.1606693,opportunistic_vs_aggressive,team2,9,10,19,4.624895334243774,"[['North', 'opportunistic', 0.7], ['South', 'opportunistic', 0.7]]","[['East', 'aggressive', 0.8], ['West', 'aggressive', 0.8]]",2025-08-12 06:30:09.160669327,2025-08-12,6
c6f0c187-fc04-41d7-b10a-5bcda34aba9b,1754978143.6982963,aggressive_vs_balanced,team2,2,10,12,1.013936996459961,"[['North', 'aggressive', 0.8], ['South', 'aggressive', 0.8]]","[['East', 'balanced', 0.5], ['West', 'balanced', 0.5]]",2025-08-12 05:55:43.698296309,2025-08-12,5
16d52a37-c99a-46c9-a51d-fec1b620d76d,1754980295.840322,opportunistic_vs_aggressive,team1,10,2,12,1.691019058227539,"[['North', 'opportunistic', 0.7], ['South', 'opportunistic', 0.7]]","[['East', 'aggressive', 0.8], ['West', 'aggressive', 0.8]]",2025-08-12 06:31:35.840322018,2025-08-12,6
ffa5132e-e6b2-47bf-947d-307c125d02be,1754980191.0132716,aggressive_vs_balanced,team1,10,8,18,1.944253921508789,"[['North', 'aggressive', 0.8], ['South', 'aggressive', 0.8]]","[['East', 'balanced', 0.5], ['West', 'balanced', 0.5]]",2025-08-12 06:29:51.013271570,2025-08-12,6
c1d02064-c50d-4247-ba80-0f48d54d31e9,1754980207.8782318,opportunistic_vs_aggressive,team1,10,3,13,3.342484474182129,"[['North', 'opportunistic', 0.7], ['South', 'opportunistic', 0.7]]","[['East', 'aggressive', 0.8], ['West', 'aggressive', 0.8]]",2025-08-12 06:30:07.878231764,2025-08-12,6
a99ba22b-5e69-49fd-894a-affa6d94bca2,1754980295.3303208,opportunistic_vs_aggressive,team2,8,10,18,1.1810438632965088,"[['North', 'opportunistic', 0.7], ['South', 'opportunistic', 0.7]]","[['East', 'aggressive', 0.8], ['West', 'aggressive', 0.8]]",2025-08-12 06:31:35.330320835,2025-08-12,6
a5e8efe9-0f6c-4ab6-b55b-ed749c8639b7,1754978145.0520687,aggressive_vs_balanced,team1,10,5,15,2.367654800415039,"[['North', 'aggressive', 0.8], ['South', 'aggressive', 0.8]]","[['East', 'balanced', 0.5], ['West', 'balanced', 0.5]]",2025-08-12 05:55:45.052068710,2025-08-12,5
fd66185b-63fa-445e-a9f6-59a75fe3149a,1754978155.4414976,mixed_vs_mixed,team1,10,8,18,0.641939640045166,"[['North', 'aggressive', 0.8], ['South', 'conservative', 0.2]]","[['East', 'balanced', 0.5], ['West', 'opportunistic', 0.7]]",2025-08-12 05:55:55.441497564,2025-08-12,5
59952ce4-57ae-4df9-b54d-c0e6d597fecd,1754980190.2124205,aggressive_vs_balanced,team2,7,10,17,1.1434178352355957,"[['North', 'aggressive', 0.8], ['South', 'aggressive', 0.8]]","[['East', 'balanced', 0.5], ['West', 'balanced', 0.5]]",2025-08-12 06:29:50.212420464,2025-08-12,6
911496e2-1c45-4cf2-b18e-a7de06f40140,1754978153.1542459,opportunistic_vs_aggressive,team2,5,10,15,1.5783753395080566,"[['North', 'opportunistic', 0.7], ['South', 'opportunistic', 0.7]]","[['East', 'aggressive', 0.8], ['West', 'aggressive', 0.8]]",2025-08-12 05:55:53.154245853,2025-08-12,5
256428e0-7410-4f0f-a6bb-2c67a1796b61,1754980186.6380394,aggressive_vs_conservative,team2,5,10,15,4.689120292663574,"[['North', 'aggressive', 0.8], ['South', 'aggressive', 0.8]]","[['East', 'conservative', 0.2], ['West', 'conservative', 0.2]]",2025-08-12 06:29:46.638039351,2025-08-12,6
d414d270-d957-4bfb-bfa3-9a73d7c0be8a,1754980208.1497197,opportunistic_vs_aggressive,team2,7,10,17,3.6139702796936035,"[['North', 'opportunistic', 0.7], ['South', 'opportunistic', 0.7]]","[['East', 'aggressive', 0.8], ['West', 'aggressive', 0.8]]",2025-08-12 06:30:08.149719715,2025-08-12,6
bc645b4a-6994-4ddb-99b2-404d995f9ba2,1754980197.90095,conservative_vs_balanced,team2,9,10,19,2.889422655105591,"[['North', 'conservative', 0.2], ['South', 'conservative', 0.2]]","[['East', 'balanced', 0.5], ['West', 'balanced', 0.5]]",2025-08-12 06:29:57.900949955,2025-08-12,6
88009d74-ae56-40ca-8f3c-71cfda04a18f,1754980300.8154795,mixed_vs_mixed,team1,10,7,17,3.580082416534424,"[['North', 'aggressive', 0.8], ['South', 'conservative', 0.2]]","[['East', 'balanced', 0.5], ['West', 'opportunistic', 0.7]]",2025-08-12 06:31:40.815479517,2025-08-12,6
d9d3dc29-788d-4f21-9079-b1080198be8e,1754978145.4286618,aggressive_vs_balanced,team2,7,10,17,2.7442355155944824,"[['North', 'aggressive', 0.8], ['South', 'aggressive', 0.8]]","[['East', 'balanced', 0.5], ['West', 'balanced', 0.5]]",2025-08-12 05:55:45.428661823,2025-08-12,5
449ab3f0-0dff-4adb-be16-4fb681e925a9,1754978152.7533574,opportunistic_vs_aggressive,team1,10,8,18,1.1775188446044922,"[['North', 'opportunistic', 0.7], ['South', 'opportunistic', 0.7]]","[['East', 'aggressive', 0.8], ['West', 'aggressive', 0.8]]",2025-08-12 05:55:52.753357410,2025-08-12,5
3fd7b13c-0025-4ef5-9d2c-9ab3f44e174d,1754980208.4831305,opportunistic_vs_aggressive,team2,1,10,11,3.947366237640381,"[['North', 'opportunistic', 0.7], ['South', 'opportunistic', 0.7]]","[['East', 'aggressive', 0.8], ['West', 'aggressive', 0.8]]",2025-08-12 06:30:08.483130455,2025-08-12,6
9068e6b0-5bc1-46e5-a1a0-334c106efcda,1754980204.4133136,conservative_vs_balanced,team1,10,8,18,9.401655912399292,"[['North', 'conservative', 0.2], ['South', 'conservative', 0.2]]","[['East', 'balanced', 0.5], ['West', 'balanced', 0.5]]",2025-08-12 06:30:04.413313627,2025-08-12,6
cc994095-4168-4bce-a8f6-ddc307dedc20,1754978152.7487109,opportunistic_vs_aggressive,team1,10,6,16,1.172865867614746,"[['North', 'opportunistic', 0.7], ['South', 'opportunistic', 0.7]]","[['East', 'aggressive', 0.8], ['West', 'aggressive', 0.8]]",2025-08-12 05:55:52.748710871,2025-08-12,5
9b5463db-dfe5-45b6-bea1-591ca1c801ff,1754980207.9242387,opportunistic_vs_aggressive,team2,7,10,17,3.3884966373443604,"[['North', 'opportunistic', 0.7], ['South', 'opportunistic', 0.7]]","[['East', 'aggressive', 0.8], ['West', 'aggressive', 0.8]]",2025-08-12 06:30:07.924238682,2025-08-12,6
10e67db1-4594-4cbd-99d3-d4e2ab4ba0ac,1754980291.3274043,conservative_vs_balanced,team1,10,6,16,1.5264675617218018,"[['North', 'conservative', 0.2], ['South', 'conservative', 0.2]]","[['East', 'balanced', 0.5], ['West', 'balanced', 0.5]]",2025-08-12 06:31:31.327404261,2025-08-12,6
b380363b-0aa6-46a9-994a-79eb4557bce0,1754980295.2912176,opportunistic_vs_aggressive,team1,10,8,18,1.1419398784637451,"[['North', 'opportunistic', 0.7], ['South', 'opportunistic', 0.7]]","[['East', 'aggressive', 0.8], ['West', 'aggressive', 0.8]]",2025-08-12 06:31:35.291217566,2025-08-12,6
da634ba7-b47b-4d19-bc10-a8408e684a19,1754978149.0818086,conservative_vs_balanced,team2,8,10,18,2.549588441848755,"[['North', 'conservative', 0.2], ['South', 'conservative', 0.2]]","[['East', 'balanced', 0.5], ['West', 'balanced', 0.5]]",2025-08-12 05:55:49.081808567,2025-08-12,5
47d9ee91-5809-48cd-8bd8-d4cc9d94aa45,1754980289.7366254,aggressive_vs_balanced,team2,7,10,17,3.0846798419952393,"[['North', 'aggressive', 0.8], ['South', 'aggressive', 0.8]]","[['East', 'balanced', 0.5], ['West', 'balanced', 0.5]]",2025-08-12 06:31:29.736625433,2025-08-12,6
e9f0194c-0484-4a45-a8e2-2be62ff28307,1754980217.7954183,mixed_vs_mixed,team1,10,5,15,6.492006778717041,"[['North', 'aggressive', 0.8], ['South', 'conservative', 0.2]]","[['East', 'balanced', 0.5], ['West', 'opportunistic', 0.7]]",2025-08-12 06:30:17.795418262,2025-08-12,6
d19fcff6-ce6e-4de0-a22b-b7b008689d46,1754980192.9061933,aggressive_vs_balanced,team2,9,10,19,3.83711576461792,"[['North', 'aggressive', 0.8], ['South', 'aggressive', 0.8]]","[['East', 'balanced', 0.5], ['West', 'balanced', 0.5]]",2025-08-12 06:29:52.906193256,2025-08-12,6
16651521-5a27-4b4e-9775-bbd1c48f7a62,1754978154.5788383,opportunistic_vs_aggressive,team1,10,5,15,3.002901554107666,"[['North', 'opportunistic', 0.7], ['South', 'opportunistic', 0.7]]","[['East', 'aggressive', 0.8], ['West', 'aggressive', 0.8]]",2025-08-12 05:55:54.578838348,2025-08-12,5
100ba12c-5dd1-494b-9a93-e3f72cc02c43,1754978144.301892,aggressive_vs_balanced,team1,10,2,12,1.6175048351287842,"[['North', 'aggressive', 0.8], ['South', 'aggressive', 0.8]]","[['East', 'balanced', 0.5], ['West', 'balanced', 0.5]]",2025-08-12 05:55:44.301892042,2025-08-12,5
21da96b7-e060-446f-99b2-ba993e0fba1b,1754978148.4515305,conservative_vs_balanced,team2,9,10,19,1.9193360805511475,"[['North', 'conservative', 0.2], ['South', 'conservative', 0.2]]","[['East', 'balanced', 0.5], ['West', 'balanced', 0.5]]",2025-08-12 05:55:48.451530457,2025-08-12,5
7e7ce3c3-da37-48cb-be42-188da1b09530,1754980197.7262022,conservative_vs_balanced,team1,10,7,17,2.714672565460205,"[['North', 'conservative', 0.2], ['South', 'conservative', 0.2]]","[['East', 'balanced', 0.5], ['West', 'balanced', 0.5]]",2025-08-12 06:29:57.726202250,2025-08-12,6
43314bed-a16b-48cc-8894-bb55920ea950,1754980286.4648306,aggressive_vs_conservative,team1,10,7,17,3.7029426097869873,"[['North', 'aggressive', 0.8], ['South', 'aggressive', 0.8]]","[['East', 'conservative', 0.2], ['West', 'conservative', 0.2]]",2025-08-12 06:31:26.464830637,2025-08-12,6
26bd5b8d-642f-423f-98ff-b100755fc843,1754978140.8848503,aggressive_vs_conservative,team1,10,6,16,2.585965871810913,"[['North', 'aggressive', 0.8], ['South', 'aggressive', 0.8]]","[['East', 'conservative', 0.2], ['West', 'conservative', 0.2]]",2025-08-12 05:55:40.884850264,2025-08-12,5
52fb3c80-95b1-4f8c-b9b8-20881e43f660,1754980215.6371486,mixed_vs_mixed,team1,10,6,16,4.33380389213562,"[['North', 'aggressive', 0.8], ['South', 'conservative', 0.2]]","[['East', 'balanced', 0.5], ['West', 'opportunistic', 0.7]]",2025-08-12 06:30:15.637148619,2025-08-12,6
99594c18-d454-46a8-8caa-d11c0d5828d8,1754980191.1636403,aggressive_vs_balanced,team2,9,10,19,2.094621419906616,"[['North', 'aggressive', 0.8], ['South', 'aggressive', 0.8]]","[['East', 'balanced', 0.5], ['West', 'balanced', 0.5]]",2025-08-12 06:29:51.163640261,2025-08-12,6
23b6b080-43c6-4694-a941-932074768096,1754980196.3861964,conservative_vs_balanced,team2,5,10,15,1.3746957778930664,"[['North', 'conservative', 0.2], ['South', 'conservative', 0.2]]","[['East', 'balanced', 0.5], ['West', 'balanced', 0.5]]",2025-08-12 06:29:56.386196375,2025-08-12,6
5eefe00f-6925-4403-9a2e-62a9e245f663,1754980192.8317919,aggressive_vs_balanced,team1,10,9,19,3.762727737426758,"[['North', 'aggressive', 0.8], ['South', 'aggressive', 0.8]]","[['East', 'balanced', 0.5], ['West', 'balanced', 0.5]]",2025-08-12 06:29:52.831791878,2025-08-12,6
b047411f-def8-42d0-8bd1-28d9efd6f107,1754980197.071389,conservative_vs_balanced,team1,10,4,14,2.0598669052124023,"[['North', 'conservative', 0.2], ['South', 'conservative', 0.2]]","[['East', 'balanced', 0.5], ['West', 'balanced', 0.5]]",2025-08-12 06:29:57.071388960,2025-08-12,6
69ab8f57-224d-4d53-88db-9969c2ecac94,1754978139.3391411,aggressive_vs_conservative,team1,10,9,19,1.0403053760528564,"[['North', 'aggressive', 0.8], ['South', 'aggressive', 0.8]]","[['East', 'conservative', 0.2], ['West', 'conservative', 0.2]]",2025-08-12 05:55:39.339141130,2025-08-12,5
c396d050-adf6-4081-81ca-bc7013bd8bd6,1754980188.8290253,aggressive_vs_conservative,team2,9,10,19,6.88005256652832,"[['North', 'aggressive', 0.8], ['South', 'aggressive', 0.8]]","[['East', 'conservative', 0.2], ['West', 'conservative', 0.2]]",2025-08-12 06:29:48.829025269,2025-08-12,6
de495db2-0186-4b1a-91ef-ea10dab61b31,1754980207.6479886,opportunistic_vs_aggressive,team2,4,10,14,3.112255573272705,"[['North', 'opportunistic', 0.7], ['South', 'opportunistic', 0.7]]","[['East', 'aggressive', 0.8], ['West', 'aggressive', 0.8]]",2025-08-12 06:30:07.647988558,2025-08-12,6
650addca-eb76-4569-95b7-79d4285f3551,1754980217.9652014,mixed_vs_mixed,team1,10,9,19,6.661785840988159,"[['North', 'aggressive', 0.8], ['South', 'conservative', 0.2]]","[['East', 'balanced', 0.5], ['West', 'opportunistic', 0.7]]",2025-08-12 06:30:17.965201378,2025-08-12,6
ee425a1f-0eb1-437c-8058-8825432b85d8,1754980193.997593,aggressive_vs_balanced,team1,10,8,18,4.928454637527466,"[['North', 'aggressive', 0.8], ['South', 'aggressive', 0.8]]","[['East', 'balanced', 0.5], ['West', 'balanced', 0.5]]",2025-08-12 06:29:53.997592926,2025-08-12,6
5252457b-a246-4c99-a44a-440b48acb36c,1754980199.946472,conservative_vs_balanced,team2,9,10,19,4.934908390045166,"[['North', 'conservative', 0.2], ['South', 'conservative', 0.2]]","[['East', 'balanced', 0.5], ['West', 'balanced', 0.5]]",2025-08-12 06:29:59.946471930,2025-08-12,6
0c2af3d2-3deb-41f5-b4ff-28c761351c73,1754980197.9176455,conservative_vs_balanced,team2,8,10,18,2.9061129093170166,"[['North', 'conservative', 0.2], ['South', 'conservative', 0.2]]","[['East', 'balanced', 0.5], ['West', 'balanced', 0.5]]",2025-08-12 06:29:57.917645454,2025-08-12,6
311d048d-08c7-4cce-ae71-3f980e756523,1754980296.152763,opportunistic_vs_aggressive,team2,7,10,17,2.0034584999084473,"[['North', 'opportunistic', 0.7], ['South', 'opportunistic', 0.7]]","[['East', 'aggressive', 0.8], ['West', 'aggressive', 0.8]]",2025-08-12 06:31:36.152762890,2025-08-12,6
c3ccc452-6be7-4d63-acac-8b4a18cdacd8,1754980217.3470926,mixed_vs_mixed,team2,0,10,10,6.043699502944946,"[['North', 'aggressive', 0.8], ['South', 'conservative', 0.2]]","[['East', 'balanced', 0.5], ['West', 'opportunistic', 0.7]]",2025-08-12 06:30:17.347092628,2025-08-12,6
51f2c6a9-f60d-40fd-8305-cf6be90dfe3d,1754978155.3691092,mixed_vs_mixed,team1,10,4,14,0.5695486068725586,"[['North', 'aggressive', 0.8], ['South', 'conservative', 0.2]]","[['East', 'balanced', 0.5], ['West', 'opportunistic', 0.7]]",2025-08-12 05:55:55.369109154,2025-08-12,5
f36e8ee6-b93d-4b73-84ab-0080c9e6d1f4,1754980288.5110624,aggressive_vs_balanced,team1,10,8,18,1.8591690063476562,"[['North', 'aggressive', 0.8], ['South', 'aggressive', 0.8]]","[['East', 'balanced', 0.5], ['West', 'balanced', 0.5]]",2025-08-12 06:31:28.511062384,2025-08-12,6
deecd896-a518-4ba9-bb16-200ca8b4fa65,1754980214.0024164,mixed_vs_mixed,team2,2,10,12,2.6991262435913086,"[['North', 'aggressive', 0.8], ['South', 'conservative', 0.2]]","[['East', 'balanced', 0.5], ['West', 'opportunistic', 0.7]]",2025-08-12 06:30:14.002416372,2025-08-12,6
bf47f0a5-fb71-45e9-a03e-1c611cc9a732,1754980214.3089893,mixed_vs_mixed,team1,10,5,15,3.0056893825531006,"[['North', 'aggressive', 0.8], ['South', 'conservative', 0.2]]","[['East', 'balanced', 0.5], ['West', 'opportunistic', 0.7]]",2025-08-12 06:30:14.308989286,2025-08-12,6
be511c96-1310-41c6-955d-953a1f6c590b,1754978156.1300895,mixed_vs_mixed,team1,10,9,19,1.3305034637451172,"[['North', 'aggressive', 0.8], ['South', 'conservative', 0.2]]","[['East', 'balanced', 0.5], ['West', 'opportunistic', 0.7]]",2025-08-12 05:55:56.130089521,2025-08-12,5
aa286eaf-88ff-4481-981e-f64b2232dc38,1754978150.7417488,conservative_vs_balanced,team2,9,10,19,4.209475755691528,"[['North', 'conservative', 0.2], ['South', 'conservative', 0.2]]","[['East', 'balanced', 0.5], ['West', 'balanced', 0.5]]",2025-08-12 05:55:50.741748810,2025-08-12,5
dfc2fce5-1686-471d-9602-16e76b3649b3,1754978144.966843,aggressive_vs_balanced,team2,9,10,19,2.2824368476867676,"[['North', 'aggressive', 0.8], ['South', 'aggressive', 0.8]]","[['East', 'balanced', 0.5], ['West', 'balanced', 0.5]]",2025-08-12 05:55:44.966842890,2025-08-12,5
4e07b2ea-4e63-4ebc-bcea-3f3c8dc61d9b,1754980287.649752,aggressive_vs_balanced,team2,3,10,13,0.9978704452514648,"[['North', 'aggressive', 0.8], ['South', 'aggressive', 0.8]]","[['East', 'balanced', 0.5], ['West', 'balanced', 0.5]]",2025-08-12 06:31:27.649751902,2025-08-12,6
bd437b84-4cdf-4e9d-a491-ef19c55a90fd,1754978155.4391541,mixed_vs_mixed,team1,10,6,16,0.6395931243896484,"[['North', 'aggressive', 0.8], ['South', 'conservative', 0.2]]","[['East', 'balanced', 0.5], ['West', 'opportunistic', 0.7]]",2025-08-12 05:55:55.439154148,2025-08-12,5
55bbe824-a607-4859-a4c6-319200d5e5f9,1754980206.8649366,opportunistic_vs_aggressive,team1,10,8,18,2.329219341278076,"[['North', 'opportunistic', 0.7], ['South', 'opportunistic', 0.7]]","[['East', 'aggressive', 0.8], ['West', 'aggressive', 0.8]]",2025-08-12 06:30:06.864936590,2025-08-12,6
0d25314b-a2ba-42b1-b928-97a703d1b1b7,1754980194.4284167,aggressive_vs_balanced,team2,5,10,15,5.359262228012085,"[['North', 'aggressive', 0.8], ['South', 'aggressive', 0.8]]","[['East', 'balanced', 0.5], ['West', 'balanced', 0.5]]",2025-08-12 06:29:54.428416729,2025-08-12,6
7909ded5-b125-44c2-9695-ffd4d714e020,1754980196.8307068,conservative_vs_balanced,team2,7,10,17,1.8191852569580078,"[['North', 'conservative', 0.2], ['South', 'conservative', 0.2]]","[['East', 'balanced', 0.5], ['West', 'balanced', 0.5]]",2025-08-12 06:29:56.830706835,2025-08-12,6
4076859e-6269-4c33-b2c8-ee96f5f63f38,1754980185.5976949,aggressive_vs_conservative,team1,10,5,15,3.6487998962402344,"[['North', 'aggressive', 0.8], ['South', 'aggressive', 0.8]]","[['East', 'conservative', 0.2], ['West', 'conservative', 0.2]]",2025-08-12 06:29:45.597694874,2025-08-12,6
f27f58c0-f3c5-4f30-9a18-a65b12843606,1754980284.4204779,aggressive_vs_conservative,team2,9,10,19,1.6586482524871826,"[['North', 'aggressive', 0.8], ['South', 'aggressive', 0.8]]","[['East', 'conservative', 0.2], ['West', 'conservative', 0.2]]",2025-08-12 06:31:24.420477867,2025-08-12,6
9edc6627-47d6-4f36-8fbd-a897d0e42ba3,1754980209.5541778,opportunistic_vs_aggressive,team1,10,9,19,5.0183961391448975,"[['North', 'opportunistic', 0.7], ['South', 'opportunistic', 0.7]]","[['East', 'aggressive', 0.8], ['West', 'aggressive', 0.8]]",2025-08-12 06:30:09.554177761,2025-08-12,6
fb3749a7-c6f2-49da-8943-03ccdd2ab2bd,1754980193.45051,aggressive_vs_balanced,team1,10,5,15,4.381411552429199,"[['North', 'aggressive', 0.8], ['South', 'aggressive', 0.8]]","[['East', 'balanced', 0.5], ['West', 'balanced', 0.5]]",2025-08-12 06:29:53.450510025,2025-08-12,6
f7fc4521-23dc-468c-b472-9f44ac973697,1754980201.126081,conservative_vs_balanced,team2,7,10,17,6.114500045776367,"[['North', 'conservative', 0.2], ['South', 'conservative', 0.2]]","[['East', 'balanced', 0.5], ['West', 'balanced', 0.5]]",2025-08-12 06:30:01.126080990,2025-08-12,6
82b78fc0-433f-4c4a-b293-9f67ee502622,1754980203.5602877,conservative_vs_balanced,team2,8,10,18,8.548654794692993,"[['North', 'conservative', 0.2], ['South', 'conservative', 0.2]]","[['East', 'balanced', 0.5], ['West', 'balanced', 0.5]]",2025-08-12 06:30:03.560287714,2025-08-12,6
4c4d0d83-af52-4bea-b769-e6bc2d932f34,1754978156.8264818,mixed_vs_mixed,team1,10,8,18,2.0268616676330566,"[['North', 'aggressive', 0.8], ['South', 'conservative', 0.2]]","[['East', 'balanced', 0.5], ['West', 'opportunistic', 0.7]]",2025-08-12 05:55:56.826481819,2025-08-12,5
1fec1109-7ee7-4030-801f-196534dcb5d5,1754980210.80496,opportunistic_vs_aggressive,team2,6,10,16,6.269140005111694,"[['North', 'opportunistic', 0.7], ['South', 'opportunistic', 0.7]]","[['East', 'aggressive', 0.8], ['West', 'aggressive', 0.8]]",2025-08-12 06:30:10.804960012,2025-08-12,6
38dfec3e-0d79-4c04-8623-a38284bc2666,1754980296.7628856,opportunistic_vs_aggressive,team1,10,6,16,2.613565683364868,"[['North', 'opportunistic', 0.7], ['South', 'opportunistic', 0.7]]","[['East', 'aggressive', 0.8], ['West', 'aggressive', 0.8]]",2025-08-12 06:31:36.762885571,2025-08-12,6
723f5056-4866-4569-8f94-f07f2426d709,1754978142.5342228,aggressive_vs_conservative,team2,8,10,18,4.235280275344849,"[['North', 'aggressive', 0.8], ['South', 'aggressive', 0.8]]","[['East', 'conservative', 0.2], ['West', 'conservative', 0.2]]",2025-08-12 05:55:42.534222840,2025-08-12,5
8eeb81b8-591b-4ce8-b589-0226dadc0e40,1754978153.1920989,opportunistic_vs_aggressive,team2,7,10,17,1.6162352561950684,"[['North', 'opportunistic', 0.7], ['South', 'opportunistic', 0.7]]","[['East', 'aggressive', 0.8], ['West', 'aggressive', 0.8]]",2025-08-12 05:55:53.192098856,2025-08-12,5
90174288-4b28-41d2-8696-b5cab8565547,1754980185.5961351,aggressive_vs_conservative,team1,10,7,17,3.6472463607788086,"[['North', 'aggressive', 0.8], ['South', 'aggressive', 0.8]]","[['East', 'conservative', 0.2], ['West', 'conservative', 0.2]]",2025-08-12 06:29:45.596135139,2025-08-12,6
980cc01c-54de-4820-b7e0-fb4d0d36791e,1754978156.5993886,mixed_vs_mixed,team1,10,7,17,1.7997791767120361,"[['North', 'aggressive', 0.8], ['South', 'conservative', 0.2]]","[['East', 'balanced', 0.5], ['West', 'opportunistic', 0.7]]",2025-08-12 05:55:56.599388599,2025-08-12,5
936f40c7-7857-4eef-98a5-996c64c64814,1754978144.728812,aggressive_vs_balanced,team2,9,10,19,2.0444140434265137,"[['North', 'aggressive', 0.8], ['South', 'aggressive', 0.8]]","[['East', 'balanced', 0.5], ['West', 'balanced', 0.5]]",2025-08-12 05:55:44.728811979,2025-08-12,5
6eb53fe8-1860-43cc-a944-9bf3a72213bd,1754980204.1414762,conservative_vs_balanced,team1,10,9,19,9.129827737808228,"[['North', 'conservative', 0.2], ['South', 'conservative', 0.2]]","[['East', 'balanced', 0.5], ['West', 'balanced', 0.5]]",2025-08-12 06:30:04.141476154,2025-08-12,6
805b6250-2d1b-40e9-89e1-1e0202fe85ef,1754978152.2834206,opportunistic_vs_aggressive,team2,7,10,17,0.7076029777526855,"[['North', 'opportunistic', 0.7], ['South', 'opportunistic', 0.7]]","[['East', 'aggressive', 0.8], ['West', 'aggressive', 0.8]]",2025-08-12 05:55:52.283420563,2025-08-12,5
2ed443c8-562a-4277-8e56-7ec4cc3a2aba,1754980216.1894715,mixed_vs_mixed,team1,10,7,17,4.886115074157715,"[['North', 'aggressive', 0.8], ['South', 'conservative', 0.2]]","[['East', 'balanced', 0.5], ['West', 'opportunistic', 0.7]]",2025-08-12 06:30:16.189471483,2025-08-12,6
8a15920b-cfcb-4fc7-93ce-393607e958f6,1754980189.006462,aggressive_vs_conservative,team1,10,6,16,7.057476997375488,"[['North', 'aggressive', 0.8], ['South', 'aggressive', 0.8]]","[['East', 'conservative', 0.2], ['West', 'conservative', 0.2]]",2025-08-12 06:29:49.006462097,2025-08-12,6
47c3cc9f-d977-4a8d-b69d-e5a76ce028a4,1754978144.1057289,aggressive_vs_balanced,team1,10,8,18,1.4213533401489258,"[['North', 'aggressive', 0.8], ['South', 'aggressive', 0.8]]","[['East', 'balanced', 0.5], ['West', 'balanced', 0.5]]",2025-08-12 05:55:44.105728865,2025-08-12,5
af5caac2-5ffd-48c5-8482-d86afc55e4ed,1754980213.4258022,mixed_vs_mixed,team1,10,6,16,2.1226227283477783,"[['North', 'aggressive', 0.8], ['South', 'conservative', 0.2]]","[['East', 'balanced', 0.5], ['West', 'opportunistic', 0.7]]",2025-08-12 06:30:13.425802231,2025-08-12,6
1b649be8-4c25-4ca9-bf12-a5e6c32d5984,1754980191.6739082,aggressive_vs_balanced,team2,3,10,13,2.6048669815063477,"[['North', 'aggressive', 0.8], ['South', 'aggressive', 0.8]]","[['East', 'balanced', 0.5], ['West', 'balanced', 0.5]]",2025-08-12 06:29:51.673908234,2025-08-12,6
6771bba7-bd03-48c9-8499-fe299e42a05f,1754978151.242568,conservative_vs_balanced,team1,10,7,17,4.71026349067688,"[['North', 'conservative', 0.2], ['South', 'conservative', 0.2]]","[['East', 'balanced', 0.5], ['West', 'balanced', 0.5]]",2025-08-12 05:55:51.242568016,2025-08-12,5
8ccbb6d5-e555-48da-a1bd-d86ba23b54b3,1754980288.5940235,aggressive_vs_balanced,team1,10,5,15,1.9421184062957764,"[['North', 'aggressive', 0.8], ['South', 'aggressive', 0.8]]","[['East', 'balanced', 0.5], ['West', 'balanced', 0.5]]",2025-08-12 06:31:28.594023466,2025-08-12,6
9b9b0454-1986-4492-9497-5f04fd1df4df,1754978148.3202221,conservative_vs_balanced,team2,6,10,16,1.7880232334136963,"[['North', 'conservative', 0.2], ['South', 'conservative', 0.2]]","[['East', 'balanced', 0.5], ['West', 'balanced', 0.5]]",2025-08-12 05:55:48.320222139,2025-08-12,5
ff38d375-178c-450b-ae6b-0a6e2e6ddbb2,1754980206.00882,opportunistic_vs_aggressive,team1,10,9,19,1.4731223583221436,"[['North', 'opportunistic', 0.7], ['South', 'opportunistic', 0.7]]","[['East', 'aggressive', 0.8], ['West', 'aggressive', 0.8]]",2025-08-12 06:30:06.008820057,2025-08-12,6
c45100fa-d1d6-4f10-91fa-0499a902cf1e,1754978150.549186,conservative_vs_balanced,team2,9,10,19,4.016921520233154,"[['North', 'conservative', 0.2], ['South', 'conservative', 0.2]]","[['East', 'balanced', 0.5], ['West', 'balanced', 0.5]]",2025-08-12 05:55:50.549185991,2025-08-12,5
a2da12d7-880c-4e62-bafd-b047f034d8dd,1754980202.5974524,conservative_vs_balanced,team2,8,10,18,7.585829019546509,"[['North', 'conservative', 0.2], ['South', 'conservative', 0.2]]","[['East', 'balanced', 0.5], ['West', 'balanced', 0.5]]",2025-08-12 06:30:02.597452402,2025-08-12,6
e882a8da-e0a7-45ee-9334-b663658dbd3e,1754980216.5347307,mixed_vs_mixed,team2,7,10,17,5.2313690185546875,"[['North', 'aggressive', 0.8], ['South', 'conservative', 0.2]]","[['East', 'balanced', 0.5], ['West', 'opportunistic', 0.7]]",2025-08-12 06:30:16.534730673,2025-08-12,6
a21d2572-7ae5-4520-b42c-c14c1630df8a,1754978146.4058368,aggressive_vs_balanced,team1,10,5,15,3.7213661670684814,"[['North', 'aggressive', 0.8], ['South', 'aggressive', 0.8]]","[['East', 'balanced', 0.5], ['West', 'balanced', 0.5]]",2025-08-12 05:55:46.405836821,2025-08-12,5
4da69c7b-cb72-4ae0-a137-7b50ac688083,1754980204.156065,conservative_vs_balanced,team2,7,10,17,9.144412994384766,"[['North', 'conservative', 0.2], ['South', 'conservative', 0.2]]","[['East', 'balanced', 0.5], ['West', 'balanced', 0.5]]",2025-08-12 06:30:04.156064987,2025-08-12,6
c5927063-c9ed-4f1d-a32d-b0b518a2e5d8,1754980296.6993809,opportunistic_vs_aggressive,team1,10,9,19,2.5500686168670654,"[['North', 'opportunistic', 0.7], ['South', 'opportunistic', 0.7]]","[['East', 'aggressive', 0.8], ['West', 'aggressive', 0.8]]",2025-08-12 06:31:36.699380875,2025-08-12,6
845d2aaa-5cc2-4894-ae84-cfdc288456de,1754978146.0310428,aggressive_vs_balanced,team2,8,10,18,3.34659481048584,"[['North', 'aggressive', 0.8], ['South', 'aggressive', 0.8]]","[['East', 'balanced', 0.5], ['West', 'balanced', 0.5]]",2025-08-12 05:55:46.031042814,2025-08-12,5
2e6b260b-9a19-4433-8cab-124f5adb6d6f,1754978152.3360388,opportunistic_vs_aggressive,team2,9,10,19,0.7602200508117676,"[['North', 'opportunistic', 0.7], ['South', 'opportunistic', 0.7]]","[['East', 'aggressive', 0.8], ['West', 'aggressive', 0.8]]",2025-08-12 05:55:52.336038828,2025-08-12,5
164d127a-668f-41c5-9c09-fdb9f6a0b8f4,1754978153.0691586,opportunistic_vs_aggressive,team1,10,6,16,1.4933013916015625,"[['North', 'opportunistic', 0.7], ['South', 'opportunistic', 0.7]]","[['East', 'aggressive', 0.8], ['West', 'aggressive', 0.8]]",2025-08-12 05:55:53.069158554,2025-08-12,5
ead08f84-c1a3-4d75-b8e8-2ae20af8c7d1,1754980200.7007027,conservative_vs_balanced,team2,6,10,16,5.6891233921051025,"[['North', 'conservative', 0.2], ['South', 'conservative', 0.2]]","[['East', 'balanced', 0.5], ['West', 'balanced', 0.5]]",2025-08-12 06:30:00.700702667,2025-08-12,6
33244d15-775b-4329-8578-edc98f0d1950,1754980292.7631426,conservative_vs_balanced,team1,10,8,18,2.9621741771698,"[['North', 'conservative', 0.2], ['South', 'conservative', 0.2]]","[['East', 'balanced', 0.5], ['West', 'balanced', 0.5]]",2025-08-12 06:31:32.763142586,2025-08-12,6
ba391b0d-95f2-4eef-ad9f-59caf2d6fe74,1754978158.3393807,mixed_vs_mixed,team2,9,10,19,3.5397047996520996,"[['North', 'aggressive', 0.8], ['South', 'conservative', 0.2]]","[['East', 'balanced', 0.5], ['West', 'opportunistic', 0.7]]",2025-08-12 05:55:58.339380741,2025-08-12,5
ff7053c4-b240-4de4-a32c-d5c774a59081,1754980213.3515553,mixed_vs_mixed,team2,6,10,16,2.0483808517456055,"[['North', 'aggressive', 0.8], ['South', 'conservative', 0.2]]","[['East', 'balanced', 0.5], ['West', 'opportunistic', 0.7]]",2025-08-12 06:30:13.351555347,2025-08-12,6
f96322bd-f912-4726-8183-700f8cf695bd,1754978142.4695432,aggressive_vs_conservative,team1,10,7,17,4.170600891113281,"[['North', 'aggressive', 0.8], ['South', 'aggressive', 0.8]]","[['East', 'conservative', 0.2], ['West', 'conservative', 0.2]]",2025-08-12 05:55:42.469543219,2025-08-12,5
71170867-acc1-47c2-9036-7370440f8ed8,1754978146.3638234,aggressive_vs_balanced,team2,7,10,17,3.6793582439422607,"[['North', 'aggressive', 0.8], ['South', 'aggressive', 0.8]]","[['East', 'balanced', 0.5], ['West', 'balanced', 0.5]]",2025-08-12 05:55:46.363823414,2025-08-12,5
b9ae8433-bed4-4e29-b88d-49b173a732f2,1754980216.0320117,mixed_vs_mixed,team1,10,9,19,4.728665828704834,"[['North', 'aggressive', 0.8], ['South', 'conservative', 0.2]]","[['East', 'balanced', 0.5], ['West', 'opportunistic', 0.7]]",2025-08-12 06:30:16.032011747,2025-08-12,6
393230ab-10db-474e-8f96-28bb51f877cd,1754978148.3049748,conservative_vs_balanced,team1,10,7,17,1.772789478302002,"[['North', 'conservative', 0.2], ['South', 'conservative', 0.2]]","[['East', 'balanced', 0.5], ['West', 'balanced', 0.5]]",2025-08-12 05:55:48.304974794,2025-08-12,5
99e72d55-b169-410c-977b-24e8af04d56d,1754980184.3496265,aggressive_vs_conservative,team1,10,4,14,2.4007678031921387,"[['North', 'aggressive', 0.8], ['South', 'aggressive', 0.8]]","[['East', 'conservative', 0.2], ['West', 'conservative', 0.2]]",2025-08-12 06:29:44.349626541,2025-08-12,6
c75b20ad-e25b-4554-be89-2462be44fea2,1754980207.991789,opportunistic_vs_aggressive,team2,6,10,16,3.456038475036621,"[['North', 'opportunistic', 0.7], ['South', 'opportunistic', 0.7]]","[['East', 'aggressive', 0.8], ['West', 'aggressive', 0.8]]",2025-08-12 06:30:07.991789103,2025-08-12,6
cda398a3-495b-4176-9934-23b3e42260be,1754978143.3645048,aggressive_vs_balanced,team1,10,7,17,0.6801559925079346,"[['North', 'aggressive', 0.8], ['South', 'aggressive', 0.8]]","[['East', 'balanced', 0.5], ['West', 'balanced', 0.5]]",2025-08-12 05:55:43.364504814,2025-08-12,5
f0dc468d-2f63-418b-b7ad-4fb2f17277e8,1754980197.9889436,conservative_vs_balanced,team1,10,3,13,2.9774045944213867,"[['North', 'conservative', 0.2], ['South', 'conservative', 0.2]]","[['East', 'balanced', 0.5], ['West', 'balanced', 0.5]]",2025-08-12 06:29:57.988943577,2025-08-12,6
f1753115-ddef-455b-90ec-455ff2216208,1754978143.4069326,aggressive_vs_balanced,team1,10,6,16,0.7225849628448486,"[['North', 'aggressive', 0.8], ['South', 'aggressive', 0.8]]","[['East', 'balanced', 0.5], ['West', 'balanced', 0.5]]",2025-08-12 05:55:43.406932592,2025-08-12,5
8b4060ec-ab50-4c45-90cb-79e87a599015,1754980187.2585304,aggressive_vs_conservative,team1,10,7,17,5.309599876403809,"[['North', 'aggressive', 0.8], ['South', 'aggressive', 0.8]]","[['East', 'conservative', 0.2], ['West', 'conservative', 0.2]]",2025-08-12 06:29:47.258530378,2025-08-12,6
ae734b03-cf46-492a-84b0-43d84abe0468,1754978143.509396,aggressive_vs_balanced,team1,10,9,19,0.8250653743743896,"[['North', 'aggressive', 0.8], ['South', 'aggressive', 0.8]]","[['East', 'balanced', 0.5], ['West', 'balanced', 0.5]]",2025-08-12 05:55:43.509396076,2025-08-12,5
1692003a-d64d-4246-8bc0-4af7a4beea22,1754980212.4343147,mixed_vs_mixed,team1,10,7,17,1.131173849105835,"[['North', 'aggressive', 0.8], ['South', 'conservative', 0.2]]","[['East', 'balanced', 0.5], ['West', 'opportunistic', 0.7]]",2025-08-12 06:30:12.434314728,2025-08-12,6
510d7af0-4449-4bcc-9058-46ce48fbabbf,1754980294.0664814,conservative_vs_balanced,team2,8,10,18,4.265474557876587,"[['North', 'conservative', 0.2], ['South', 'conservative', 0.2]]","[['East', 'balanced', 0.5], ['West', 'balanced', 0.5]]",2025-08-12 06:31:34.066481351,2025-08-12,6
0a381b14-f8cf-4a87-a9e9-62c000571665,1754980188.6230052,aggressive_vs_conservative,team1,10,7,17,6.674037456512451,"[['North', 'aggressive', 0.8], ['South', 'aggressive', 0.8]]","[['East', 'conservative', 0.2], ['West', 'conservative', 0.2]]",2025-08-12 06:29:48.623005152,2025-08-12,6
a3952dc3-e599-4da0-b311-5605148d263d,1754978154.7070682,opportunistic_vs_aggressive,team2,5,10,15,3.131122350692749,"[['North', 'opportunistic', 0.7], ['South', 'opportunistic', 0.7]]","[['East', 'aggressive', 0.8], ['West', 'aggressive', 0.8]]",2025-08-12 05:55:54.707068205,2025-08-12,5
0f3d13ca-f1d2-4bd0-bb5b-9c53fc0304ad,1754978141.3146923,aggressive_vs_conservative,team2,8,10,18,3.015789747238159,"[['North', 'aggressive', 0.8], ['South', 'aggressive', 0.8]]","[['East', 'conservative', 0.2], ['West', 'conservative', 0.2]]",2025-08-12 05:55:41.314692259,2025-08-12,5
bd71e213-eca1-4d51-a93f-7d1d706a1b4e,1754980213.507188,mixed_vs_mixed,team2,9,10,19,2.2040157318115234,"[['North', 'aggressive', 0.8], ['South', 'conservative', 0.2]]","[['East', 'balanced', 0.5], ['West', 'opportunistic', 0.7]]",2025-08-12 06:30:13.507188082,2025-08-12,6
bc62c7e7-d59f-48f3-9bdf-d73fb7058a8b,1754980287.891728,aggressive_vs_balanced,team2,8,10,18,1.239858627319336,"[['North', 'aggressive', 0.8], ['South', 'aggressive', 0.8]]","[['East', 'balanced', 0.5], ['West', 'balanced', 0.5]]",2025-08-12 06:31:27.891727924,2025-08-12,6
e2a13158-b3ba-4915-8fc8-63cf7d49168c,1754978150.8116126,conservative_vs_balanced,team1,10,9,19,4.279332399368286,"[['North', 'conservative', 0.2], ['South', 'conservative', 0.2]]","[['East', 'balanced', 0.5], ['West', 'balanced', 0.5]]",2025-08-12 05:55:50.811612606,2025-08-12,5
f5fb5a67-5ba6-4957-9f40-d4a7d5072bf5,1754980187.022621,aggressive_vs_conservative,team1,10,7,17,5.0736939907073975,"[['North', 'aggressive', 0.8], ['South', 'aggressive', 0.8]]","[['East', 'conservative', 0.2], ['West', 'conservative', 0.2]]",2025-08-12 06:29:47.022620916,2025-08-12,6
c8ec8339-5f44-46ae-ac9c-19cfa91532b0,1754980213.6180131,mixed_vs_mixed,team1,10,8,18,2.314826488494873,"[['North', 'aggressive', 0.8], ['South', 'conservative', 0.2]]","[['East', 'balanced', 0.5], ['West', 'opportunistic', 0.7]]",2025-08-12 06:30:13.618013144,2025-08-12,6
1ee4724c-3910-4cae-a895-e1d370a51eb9,1754978139.2330809,aggressive_vs_conservative,team1,10,7,17,0.9342482089996338,"[['North', 'aggressive', 0.8], ['South', 'aggressive', 0.8]]","[['East', 'conservative', 0.2], ['West', 'conservative', 0.2]]",2025-08-12 05:55:39.233080864,2025-08-12,5
ff10926c-7e3b-4b81-9325-2afc032b2e4e,1754980190.1486204,aggressive_vs_balanced,team2,5,10,15,1.0796287059783936,"[['North', 'aggressive', 0.8], ['South', 'aggressive', 0.8]]","[['East', 'balanced', 0.5], ['West', 'balanced', 0.5]]",2025-08-12 06:29:50.148620367,2025-08-12,6
ddf1a867-2257-473a-95d3-c1480de4840d,1754980186.5560448,aggressive_vs_conservative,team2,9,10,19,4.607140064239502,"[['North', 'aggressive', 0.8], ['South', 'aggressive', 0.8]]","[['East', 'conservative', 0.2], ['West', 'conservative', 0.2]]",2025-08-12 06:29:46.556044817,2025-08-12,6
25eed7a3-6ccd-4906-acfc-d10842d0951a,1754980283.8686717,aggressive_vs_conservative,team2,3,10,13,1.1068577766418457,"[['North', 'aggressive', 0.8], ['South', 'aggressive', 0.8]]","[['East', 'conservative', 0.2], ['West', 'conservative', 0.2]]",2025-08-12 06:31:23.868671656,2025-08-12,6
209be8f6-1e8b-44b7-a78b-07c3aa7fdfb6,1754978144.5162683,aggressive_vs_balanced,team2,4,10,14,1.831878662109375,"[['North', 'aggressive', 0.8], ['South', 'aggressive', 0.8]]","[['East', 'balanced', 0.5], ['West', 'balanced', 0.5]]",2025-08-12 05:55:44.516268253,2025-08-12,5
269e01a6-91fb-447b-9dca-e8673bcb4a7f,1754980200.7325613,conservative_vs_balanced,team2,7,10,17,5.720982074737549,"[['North', 'conservative', 0.2], ['South', 'conservative', 0.2]]","[['East', 'balanced', 0.5], ['West', 'balanced', 0.5]]",2025-08-12 06:30:00.732561350,2025-08-12,6
5eede460-e133-4602-ab37-d1d83fe3fea1,1754978145.0910382,aggressive_vs_balanced,team2,7,10,17,2.4066295623779297,"[['North', 'aggressive', 0.8], ['South', 'aggressive', 0.8]]","[['East', 'balanced', 0.5], ['West', 'balanced', 0.5]]",2025-08-12 05:55:45.091038227,2025-08-12,5
f6f636fa-74fa-43c5-8b63-b3b89cfb80d7,1754980283.8368874,aggressive_vs_conservative,team2,2,10,12,1.075061321258545,"[['North', 'aggressive', 0.8], ['South', 'aggressive', 0.8]]","[['East', 'conservative', 0.2], ['West', 'conservative', 0.2]]",2025-08-12 06:31:23.836887360,2025-08-12,6
89df4ba6-05f1-4841-8dbd-9dd80d766bf1,1754978154.5620706,opportunistic_vs_aggressive,team1,10,6,16,2.9861392974853516,"[['North', 'opportunistic', 0.7], ['South', 'opportunistic', 0.7]]","[['East', 'aggressive', 0.8], ['West', 'aggressive', 0.8]]",2025-08-12 05:55:54.562070608,2025-08-12,5
2fce6169-ccee-477d-889c-a40ad4b73f73,1754978143.5013237,aggressive_vs_balanced,team1,10,9,19,0.8169870376586914,"[['North', 'aggressive', 0.8], ['South', 'aggressive', 0.8]]","[['East', 'balanced', 0.5], ['West', 'balanced', 0.5]]",2025-08-12 05:55:43.501323700,2025-08-12,5
cbdde0b2-f2a3-4944-8702-266de669d37a,1754980192.6260812,aggressive_vs_balanced,team2,5,10,15,3.5570108890533447,"[['North', 'aggressive', 0.8], ['South', 'aggressive', 0.8]]","[['East', 'balanced', 0.5], ['West', 'balanced', 0.5]]",2025-08-12 06:29:52.626081228,2025-08-12,6
b939eed6-94a6-4bec-99d7-b8c2e878081c,1754978151.205848,conservative_vs_balanced,team1,10,7,17,4.673559665679932,"[['North', 'conservative', 0.2], ['South', 'conservative', 0.2]]","[['East', 'balanced', 0.5], ['West', 'balanced', 0.5]]",2025-08-12 05:55:51.205847979,2025-08-12,5
1e5f67a7-5687-4d82-8678-9c36da41bba9,1754980211.1999407,opportunistic_vs_aggressive,team1,10,9,19,6.664108514785767,"[['North', 'opportunistic', 0.7], ['South', 'opportunistic', 0.7]]","[['East', 'aggressive', 0.8], ['West', 'aggressive', 0.8]]",2025-08-12 06:30:11.199940681,2025-08-12,6
f832e42f-dc4d-467c-8b47-e9b1614be0b4,1754978148.2649581,conservative_vs_balanced,team1,10,7,17,1.7327768802642822,"[['North', 'conservative', 0.2], ['South', 'conservative', 0.2]]","[['East', 'balanced', 0.5], ['West', 'balanced', 0.5]]",2025-08-12 05:55:48.264958142,2025-08-12,5
008281cb-e84d-469e-9530-b8380074c07a,1754978143.2146957,aggressive_vs_balanced,team1,10,2,12,0.5303406715393066,"[['North', 'aggressive', 0.8], ['South', 'aggressive', 0.8]]","[['East', 'balanced', 0.5], ['West', 'balanced', 0.5]]",2025-08-12 05:55:43.214695692,2025-08-12,5
d9b4bdf7-8841-473a-aba1-322314254e61,1754978152.822792,opportunistic_vs_aggressive,team1,10,8,18,1.2469420433044434,"[['North', 'opportunistic', 0.7], ['South', 'opportunistic', 0.7]]","[['East', 'aggressive', 0.8], ['West', 'aggressive', 0.8]]",2025-08-12 05:55:52.822792053,2025-08-12,5
a1ba055d-706b-4cdf-8625-f3a6b561e591,1754978142.3611643,aggressive_vs_conservative,team1,10,7,17,4.062225103378296,"[['North', 'aggressive', 0.8], ['South', 'aggressive', 0.8]]","[['East', 'conservative', 0.2], ['West', 'conservative', 0.2]]",2025-08-12 05:55:42.361164331,2025-08-12,5
d5203862-9297-4963-8b59-01d73fae2d6b,1754980204.042641,conservative_vs_balanced,team1,10,7,17,9.030993700027466,"[['North', 'conservative', 0.2], ['South', 'conservative', 0.2]]","[['East', 'balanced', 0.5], ['West', 'balanced', 0.5]]",2025-08-12 06:30:04.042640924,2025-08-12,6
2bd7603e-e472-4b66-ad4b-1de9d51cc45f,1754980205.559786,opportunistic_vs_aggressive,team1,10,3,13,1.024101972579956,"[['North', 'opportunistic', 0.7], ['South', 'opportunistic', 0.7]]","[['East', 'aggressive', 0.8], ['West', 'aggressive', 0.8]]",2025-08-12 06:30:05.559786081,2025-08-12,6
6017330d-ae39-4715-b223-d8d80f6dade6,1754978153.59901,opportunistic_vs_aggressive,team2,8,10,18,2.0231311321258545,"[['North', 'opportunistic', 0.7], ['South', 'opportunistic', 0.7]]","[['East', 'aggressive', 0.8], ['West', 'aggressive', 0.8]]",2025-08-12 05:55:53.599009991,2025-08-12,5
24ee4668-1afb-4a46-9853-2e699f47a7ab,1754980193.8689327,aggressive_vs_balanced,team2,4,10,14,4.799790859222412,"[['North', 'aggressive', 0.8], ['South', 'aggressive', 0.8]]","[['East', 'balanced', 0.5], ['West', 'balanced', 0.5]]",2025-08-12 06:29:53.868932724,2025-08-12,6
97160efe-fbd0-49cf-b022-4fd2c6667378,1754980285.3190408,aggressive_vs_conservative,team2,7,10,17,2.5571908950805664,"[['North', 'aggressive', 0.8], ['South', 'aggressive', 0.8]]","[['East', 'conservative', 0.2], ['West', 'conservative', 0.2]]",2025-08-12 06:31:25.319040775,2025-08-12,6
d75336d7-4bee-4071-8829-ae1581aa7209,1754978158.3986433,mixed_vs_mixed,team2,9,10,19,3.598965644836426,"[['North', 'aggressive', 0.8], ['South', 'conservative', 0.2]]","[['East', 'balanced', 0.5], ['West', 'opportunistic', 0.7]]",2025-08-12 05:55:58.398643255,2025-08-12,5
a44c526b-a19e-4641-86d4-472a042b5996,1754980183.4540873,aggressive_vs_conservative,team2,8,10,18,1.5052480697631836,"[['North', 'aggressive', 0.8], ['South', 'aggressive', 0.8]]","[['East', 'conservative', 0.2], ['West', 'conservative', 0.2]]",2025-08-12 06:29:43.454087257,2025-08-12,6
18eb7d36-8b5d-4c2e-bdb8-06bf7d326805,1754980293.6690273,conservative_vs_balanced,team1,10,8,18,3.8680355548858643,"[['North', 'conservative', 0.2], ['South', 'conservative', 0.2]]","[['East', 'balanced', 0.5], ['West', 'balanced', 0.5]]",2025-08-12 06:31:33.669027328,2025-08-12,6
269ce0bf-1019-4efd-adf5-d8dd8905b3eb,1754978141.882187,aggressive_vs_conservative,team1,10,6,16,3.583266258239746,"[['North', 'aggressive', 0.8], ['South', 'aggressive', 0.8]]","[['East', 'conservative', 0.2], ['West', 'conservative', 0.2]]",2025-08-12 05:55:41.882186890,2025-08-12,5
7362a768-fc48-429b-9557-88687682af4c,1754978141.4801884,aggressive_vs_conservative,team1,10,7,17,3.1812829971313477,"[['North', 'aggressive', 0.8], ['South', 'aggressive', 0.8]]","[['East', 'conservative', 0.2], ['West', 'conservative', 0.2]]",2025-08-12 05:55:41.480188370,2025-08-12,5
8579b1a8-a830-4eca-9de8-023d3ed9f1b9,1754978149.7563307,conservative_vs_balanced,team1,10,9,19,3.2240893840789795,"[['North', 'conservative', 0.2], ['South', 'conservative', 0.2]]","[['East', 'balanced', 0.5], ['West', 'balanced', 0.5]]",2025-08-12 05:55:49.756330729,2025-08-12,5
102a4dff-5d5f-49ab-ba8f-114b310e4dcc,1754978155.39737,mixed_vs_mixed,team1,10,7,17,0.597813606262207,"[['North', 'aggressive', 0.8], ['South', 'conservative', 0.2]]","[['East', 'balanced', 0.5], ['West', 'opportunistic', 0.7]]",2025-08-12 05:55:55.397370100,2025-08-12,5
3dc85d9e-76fc-42f2-aa8b-334d9ffa932c,1754980210.193909,opportunistic_vs_aggressive,team1,10,6,16,5.658102989196777,"[['North', 'opportunistic', 0.7], ['South', 'opportunistic', 0.7]]","[['East', 'aggressive', 0.8], ['West', 'aggressive', 0.8]]",2025-08-12 06:30:10.193908930,2025-08-12,6
009447d2-705c-43b6-97f0-0af196be825d,1754978149.5921378,conservative_vs_balanced,team2,6,10,16,3.0599050521850586,"[['North', 'conservative', 0.2], ['South', 'conservative', 0.2]]","[['East', 'balanced', 0.5], ['West', 'balanced', 0.5]]",2025-08-12 05:55:49.592137814,2025-08-12,5
14173295-0932-4917-89ef-764b32174ad7,1754980289.6764865,aggressive_vs_balanced,team2,7,10,17,3.024545907974243,"[['North', 'aggressive', 0.8], ['South', 'aggressive', 0.8]]","[['East', 'balanced', 0.5], ['West', 'balanced', 0.5]]",2025-08-12 06:31:29.676486492,2025-08-12,6
9be65a71-6fc9-46a7-ba1a-e48a65795fd1,1754980184.7590592,aggressive_vs_conservative,team1,10,8,18,2.8101861476898193,"[['North', 'aggressive', 0.8], ['South', 'aggressive', 0.8]]","[['East', 'conservative', 0.2], ['West', 'conservative', 0.2]]",2025-08-12 06:29:44.759059191,2025-08-12,6
9059633a-c351-4eec-b857-0dc720e33a38,1754980185.3355012,aggressive_vs_conservative,team2,7,10,17,3.3866240978240967,"[['North', 'aggressive', 0.8], ['South', 'aggressive', 0.8]]","[['East', 'conservative', 0.2], ['West', 'conservative', 0.2]]",2025-08-12 06:29:45.335501194,2025-08-12,6
bd086535-6636-481b-b99b-d5e06bdc203a,1754980286.396007,aggressive_vs_conservative,team2,9,10,19,3.6341238021850586,"[['North', 'aggressive', 0.8], ['South', 'aggressive', 0.8]]","[['East', 'conservative', 0.2], ['West', 'conservative', 0.2]]",2025-08-12 06:31:26.396007061,2025-08-12,6
2aeabdf5-d93e-4666-9b0a-f1a74f507a62,1754980292.5954952,conservative_vs_balanced,team2,7,10,17,2.7945237159729004,"[['North', 'conservative', 0.2], ['South', 'conservative', 0.2]]","[['East', 'balanced', 0.5], ['West', 'balanced', 0.5]]",2025-08-12 06:31:32.595495224,2025-08-12,6
84ed9676-0acf-4dbf-9043-0c6a6e89eaaa,1754980183.4543746,aggressive_vs_conservative,team1,10,6,16,1.5055532455444336,"[['North', 'aggressive', 0.8], ['South', 'aggressive', 0.8]]","[['East', 'conservative', 0.2], ['West', 'conservative', 0.2]]",2025-08-12 06:29:43.454374552,2025-08-12,6
27bfd7b2-4c9f-441c-8f91-ff10edb84dc2,1754978153.6777766,opportunistic_vs_aggressive,team2,6,10,16,2.101886034011841,"[['North', 'opportunistic', 0.7], ['South', 'opportunistic', 0.7]]","[['East', 'aggressive', 0.8], ['West', 'aggressive', 0.8]]",2025-08-12 05:55:53.677776575,2025-08-12,5
743affde-c6c0-4ba3-8c64-19d2c4998227,1754978145.8077803,aggressive_vs_balanced,team2,8,10,18,3.1233372688293457,"[['North', 'aggressive', 0.8], ['South', 'aggressive', 0.8]]","[['East', 'balanced', 0.5], ['West', 'balanced', 0.5]]",2025-08-12 05:55:45.807780266,2025-08-12,5
378c3e1c-c8dd-45e9-8ef2-63502655061f,1754978141.5415747,aggressive_vs_conservative,team1,10,5,15,3.2426645755767822,"[['North', 'aggressive', 0.8], ['South', 'aggressive', 0.8]]","[['East', 'conservative', 0.2], ['West', 'conservative', 0.2]]",2025-08-12 05:55:41.541574717,2025-08-12,5
aea4307e-31b0-480c-ad86-60f4feebd7d7,1754978152.8596416,opportunistic_vs_aggressive,team1,10,8,18,1.28379487991333,"[['North', 'opportunistic', 0.7], ['South', 'opportunistic', 0.7]]","[['East', 'aggressive', 0.8], ['West', 'aggressive', 0.8]]",2025-08-12 05:55:52.859641552,2025-08-12,5
150f729c-dd5a-4e71-9fb9-6b4400a74299,1754978146.4840367,aggressive_vs_balanced,team2,8,10,18,3.799563407897949,"[['North', 'aggressive', 0.8], ['South', 'aggressive', 0.8]]","[['East', 'balanced', 0.5], ['West', 'balanced', 0.5]]",2025-08-12 05:55:46.484036684,2025-08-12,5
a36f2b53-3593-4c5a-829d-d8d14941b192,1754980284.139048,aggressive_vs_conservative,team1,10,6,16,1.3772273063659668,"[['North', 'aggressive', 0.8], ['South', 'aggressive', 0.8]]","[['East', 'conservative', 0.2], ['West', 'conservative', 0.2]]",2025-08-12 06:31:24.139048100,2025-08-12,6
a8f09e35-6b9f-47b4-86ef-30f0e327a91f,1754980287.8148265,aggressive_vs_balanced,team1,10,7,17,1.1629586219787598,"[['North', 'aggressive', 0.8], ['South', 'aggressive', 0.8]]","[['East', 'balanced', 0.5], ['West', 'balanced', 0.5]]",2025-08-12 06:31:27.814826488,2025-08-12,6
8219947b-75bc-4893-aa29-759a373a69fe,1754978156.471357,mixed_vs_mixed,team1,10,8,18,1.6717536449432373,"[['North', 'aggressive', 0.8], ['South', 'conservative', 0.2]]","[['East', 'balanced', 0.5], ['West', 'opportunistic', 0.7]]",2025-08-12 05:55:56.471357107,2025-08-12,5
59681a71-7319-42f4-9035-f7f54e9b99f8,1754980188.734366,aggressive_vs_conservative,team2,7,10,17,6.785390615463257,"[['North', 'aggressive', 0.8], ['South', 'aggressive', 0.8]]","[['East', 'conservative', 0.2], ['West', 'conservative', 0.2]]",2025-08-12 06:29:48.734365940,2025-08-12,6
32103fba-5814-4739-902d-45b600486222,1754978141.7722294,aggressive_vs_conservative,team1,10,9,19,3.4733169078826904,"[['North', 'aggressive', 0.8], ['South', 'aggressive', 0.8]]","[['East', 'conservative', 0.2], ['West', 'conservative', 0.2]]",2025-08-12 05:55:41.772229433,2025-08-12,5
9e5fe019-7810-491c-a88d-f36218c7c3e8,1754978144.016531,aggressive_vs_balanced,team1,10,6,16,1.3321568965911865,"[['North', 'aggressive', 0.8], ['South', 'aggressive', 0.8]]","[['East', 'balanced', 0.5], ['West', 'balanced', 0.5]]",2025-08-12 05:55:44.016530990,2025-08-12,5
bf0b1f80-e685-4edc-9c73-719da51eaffc,1754980185.8105288,aggressive_vs_conservative,team2,6,10,16,3.8616325855255127,"[['North', 'aggressive', 0.8], ['South', 'aggressive', 0.8]]","[['East', 'conservative', 0.2], ['West', 'conservative', 0.2]]",2025-08-12 06:29:45.810528755,2025-08-12,6
8b319156-4211-4f15-a7b8-50fd5273114e,1754978140.1637335,aggressive_vs_conservative,team1,10,2,12,1.8648695945739746,"[['North', 'aggressive', 0.8], ['South', 'aggressive', 0.8]]","[['East', 'conservative', 0.2], ['West', 'conservative', 0.2]]",2025-08-12 05:55:40.163733482,2025-08-12,5
bb0a05b6-9d6f-413a-a24c-4996aec8c32f,1754980200.156525,conservative_vs_balanced,team1,10,9,19,5.144959449768066,"[['North', 'conservative', 0.2], ['South', 'conservative', 0.2]]","[['East', 'balanced', 0.5], ['West', 'balanced', 0.5]]",2025-08-12 06:30:00.156524897,2025-08-12,6
5edc9a9b-2cee-4f71-bd94-abdbf509513e,1754978139.690718,aggressive_vs_conservative,team1,10,6,16,1.3918805122375488,"[['North', 'aggressive', 0.8], ['South', 'aggressive', 0.8]]","[['East', 'conservative', 0.2], ['West', 'conservative', 0.2]]",2025-08-12 05:55:39.690717936,2025-08-12,5
909d55c2-d90a-4967-a58b-12b463b7940d,1754978148.9206645,conservative_vs_balanced,team2,9,10,19,2.388460159301758,"[['North', 'conservative', 0.2], ['South', 'conservative', 0.2]]","[['East', 'balanced', 0.5], ['West', 'balanced', 0.5]]",2025-08-12 05:55:48.920664549,2025-08-12,5
8bca9744-03eb-47ce-93c5-c5057e5042e0,1754980289.2638352,aggressive_vs_balanced,team2,7,10,17,2.6119139194488525,"[['North', 'aggressive', 0.8], ['South', 'aggressive', 0.8]]","[['East', 'balanced', 0.5], ['West', 'balanced', 0.5]]",2025-08-12 06:31:29.263835192,2025-08-12,6
5fe6038d-ce50-460a-8f5c-c6940d43fcd6,1754978157.936575,mixed_vs_mixed,team2,7,10,17,3.136911630630493,"[['North', 'aggressive', 0.8], ['South', 'conservative', 0.2]]","[['East', 'balanced', 0.5], ['West', 'opportunistic', 0.7]]",2025-08-12 05:55:57.936574936,2025-08-12,5
073a80c8-3264-4781-968e-50e2b0f2c5ee,1754980293.6427329,conservative_vs_balanced,team2,9,10,19,3.841749906539917,"[['North', 'conservative', 0.2], ['South', 'conservative', 0.2]]","[['East', 'balanced', 0.5], ['West', 'balanced', 0.5]]",2025-08-12 06:31:33.642732859,2025-08-12,6
02131f08-cb19-47b6-92f7-d831dcc81f0d,1754980284.0361927,aggressive_vs_conservative,team1,10,4,14,1.2743809223175049,"[['North', 'aggressive', 0.8], ['South', 'aggressive', 0.8]]","[['East', 'conservative', 0.2], ['West', 'conservative', 0.2]]",2025-08-12 06:31:24.036192656,2025-08-12,6
de5fb55b-e4a0-4857-b439-c9184ea66b97,1754980192.6938536,aggressive_vs_balanced,team1,10,3,13,3.624777317047119,"[['North', 'aggressive', 0.8], ['South', 'aggressive', 0.8]]","[['East', 'balanced', 0.5], ['West', 'balanced', 0.5]]",2025-08-12 06:29:52.693853617,2025-08-12,6
c11d7bb5-92df-4be6-8f7d-a128ee26e606,1754980201.1643722,conservative_vs_balanced,team2,6,10,16,6.1527769565582275,"[['North', 'conservative', 0.2], ['South', 'conservative', 0.2]]","[['East', 'balanced', 0.5], ['West', 'balanced', 0.5]]",2025-08-12 06:30:01.164372206,2025-08-12,6
48565404-bdec-423a-aeae-3ff2e8d9edca,1754980210.7562237,opportunistic_vs_aggressive,team2,7,10,17,6.220407247543335,"[['North', 'opportunistic', 0.7], ['South', 'opportunistic', 0.7]]","[['East', 'aggressive', 0.8], ['West', 'aggressive', 0.8]]",2025-08-12 06:30:10.756223679,2025-08-12,6
0bb95008-2673-406f-ad1c-79bacf3f80b8,1754978151.1114354,conservative_vs_balanced,team1,10,9,19,4.579148054122925,"[['North', 'conservative', 0.2], ['South', 'conservative', 0.2]]","[['East', 'balanced', 0.5], ['West', 'balanced', 0.5]]",2025-08-12 05:55:51.111435413,2025-08-12,5
58b56257-c90f-4a7d-ae2e-b2addfbf763f,1754980292.0694766,conservative_vs_balanced,team2,4,10,14,2.268519401550293,"[['North', 'conservative', 0.2], ['South', 'conservative', 0.2]]","[['East', 'balanced', 0.5], ['West', 'balanced', 0.5]]",2025-08-12 06:31:32.069476604,2025-08-12,6
0fdadf8b-85ea-4223-9a74-a8e80f87bd77,1754980300.3979578,mixed_vs_mixed,team2,9,10,19,3.162585973739624,"[['North', 'aggressive', 0.8], ['South', 'conservative', 0.2]]","[['East', 'balanced', 0.5], ['West', 'opportunistic', 0.7]]",2025-08-12 06:31:40.397957802,2025-08-12,6
261abde1-44c0-4908-a059-c6ecdf3ca9f2,1754978155.4689398,mixed_vs_mixed,team2,6,10,16,0.6693706512451172,"[['North', 'aggressive', 0.8], ['South', 'conservative', 0.2]]","[['East', 'balanced', 0.5], ['West', 'opportunistic', 0.7]]",2025-08-12 05:55:55.468939781,2025-08-12,5
a3c2a65f-d742-490f-92a6-db627233cc82,1754978149.7287133,conservative_vs_balanced,team1,10,4,14,3.1964657306671143,"[['North', 'conservative', 0.2], ['South', 'conservative', 0.2]]","[['East', 'balanced', 0.5], ['West', 'balanced', 0.5]]",2025-08-12 05:55:49.728713274,2025-08-12,5
385b5ed5-8c4c-4a80-a03f-cb98cc26d189,1754980210.8907483,opportunistic_vs_aggressive,team2,8,10,18,6.354928255081177,"[['North', 'opportunistic', 0.7], ['South', 'opportunistic', 0.7]]","[['East', 'aggressive', 0.8], ['West', 'aggressive', 0.8]]",2025-08-12 06:30:10.890748262,2025-08-12,6
db8f3bd9-c36f-4647-9bee-7460974dbe09,1754978139.2060409,aggressive_vs_conservative,team2,7,10,17,0.9072122573852539,"[['North', 'aggressive', 0.8], ['South', 'aggressive', 0.8]]","[['East', 'conservative', 0.2], ['West', 'conservative', 0.2]]",2025-08-12 05:55:39.206040859,2025-08-12,5
5ed3bb5f-82d6-4388-9481-1a8485e9be0b,1754978145.9242735,aggressive_vs_balanced,team1,10,6,16,3.239828586578369,"[['North', 'aggressive', 0.8], ['South', 'aggressive', 0.8]]","[['East', 'balanced', 0.5], ['West', 'balanced', 0.5]]",2025-08-12 05:55:45.924273491,2025-08-12,5
583dd20a-7d53-4297-bf3b-c4cb1a89e8b3,1754980295.237875,opportunistic_vs_aggressive,team1,10,7,17,1.0886237621307373,"[['North', 'opportunistic', 0.7], ['South', 'opportunistic', 0.7]]","[['East', 'aggressive', 0.8], ['West', 'aggressive', 0.8]]",2025-08-12 06:31:35.237874985,2025-08-12,6
a9dce7f8-69c2-4cf8-815c-6bf997fe29e2,1754980201.5031528,conservative_vs_balanced,team1,10,7,17,6.491551637649536,"[['North', 'conservative', 0.2], ['South', 'conservative', 0.2]]","[['East', 'balanced', 0.5], ['West', 'balanced', 0.5]]",2025-08-12 06:30:01.503152846,2025-08-12,6
d54c9e59-1c6f-4ceb-ac6c-ec12fea387d0,1754980216.0118325,mixed_vs_mixed,team1,10,4,14,4.708481788635254,"[['North', 'aggressive', 0.8], ['South', 'conservative', 0.2]]","[['East', 'balanced', 0.5], ['West', 'opportunistic', 0.7]]",2025-08-12 06:30:16.011832476,2025-08-12,6
3df98f53-68d1-4485-ac86-d4fdeda3c8b8,1754980188.651865,aggressive_vs_conservative,team1,10,8,18,6.702897787094116,"[['North', 'aggressive', 0.8], ['South', 'aggressive', 0.8]]","[['East', 'conservative', 0.2], ['West', 'conservative', 0.2]]",2025-08-12 06:29:48.651865005,2025-08-12,6
f29aa3c5-d5e5-4b9d-9bb9-9873d78dd07c,1754980293.6680999,conservative_vs_balanced,team2,7,10,17,3.8671064376831055,"[['North', 'conservative', 0.2], ['South', 'conservative', 0.2]]","[['East', 'balanced', 0.5], ['West', 'balanced', 0.5]]",2025-08-12 06:31:33.668099880,2025-08-12,6
62adbd46-59b9-454d-826b-2ea67bf6e4f8,1754980207.6354234,opportunistic_vs_aggressive,team1,10,4,14,3.0996880531311035,"[['North', 'opportunistic', 0.7], ['South', 'opportunistic', 0.7]]","[['East', 'aggressive', 0.8], ['West', 'aggressive', 0.8]]",2025-08-12 06:30:07.635423422,2025-08-12,6
41bc495a-3f34-4d68-ab29-6df7a5876b5e,1754980205.6611626,opportunistic_vs_aggressive,team1,10,5,15,1.1254613399505615,"[['North', 'opportunistic', 0.7], ['South', 'opportunistic', 0.7]]","[['East', 'aggressive', 0.8], ['West', 'aggressive', 0.8]]",2025-08-12 06:30:05.661162615,2025-08-12,6
e40dda05-72e7-4f0d-87c9-2a1937921040,1754980193.97129,aggressive_vs_balanced,team1,10,1,11,4.902143239974976,"[['North', 'aggressive', 0.8], ['South', 'aggressive', 0.8]]","[['East', 'balanced', 0.5], ['West', 'balanced', 0.5]]",2025-08-12 06:29:53.971290112,2025-08-12,6
a8a7371f-c462-4675-905c-dc3e08e2b7f9,1754980285.4277768,aggressive_vs_conservative,team2,8,10,18,2.6659252643585205,"[['North', 'aggressive', 0.8], ['South', 'aggressive', 0.8]]","[['East', 'conservative', 0.2], ['West', 'conservative', 0.2]]",2025-08-12 06:31:25.427776814,2025-08-12,6
5ded9801-9583-419a-ba32-d7bad5c37a16,1754978158.3972228,mixed_vs_mixed,team2,5,10,15,3.5975394248962402,"[['North', 'aggressive', 0.8], ['South', 'conservative', 0.2]]","[['East', 'balanced', 0.5], ['West', 'opportunistic', 0.7]]",2025-08-12 05:55:58.397222757,2025-08-12,5
24d0d873-5777-487f-aff5-9c9117affb9e,1754980286.2000644,aggressive_vs_conservative,team2,7,10,17,3.4381906986236572,"[['North', 'aggressive', 0.8], ['South', 'aggressive', 0.8]]","[['East', 'conservative', 0.2], ['West', 'conservative', 0.2]]",2025-08-12 06:31:26.200064421,2025-08-12,6
a41c9d73-15e6-40cb-aa7b-6941ab35149d,1754980201.251794,conservative_vs_balanced,team1,10,9,19,6.240202188491821,"[['North', 'conservative', 0.2], ['South', 'conservative', 0.2]]","[['East', 'balanced', 0.5], ['West', 'balanced', 0.5]]",2025-08-12 06:30:01.251794100,2025-08-12,6
42e6ea9e-de48-4c31-8b4a-7f1a8ff94cc8,1754980194.2659094,aggressive_vs_balanced,team2,9,10,19,5.196766138076782,"[['North', 'aggressive', 0.8], ['South', 'aggressive', 0.8]]","[['East', 'balanced', 0.5], ['West', 'balanced', 0.5]]",2025-08-12 06:29:54.265909432,2025-08-12,6
8e6a1958-5c4c-4bfb-bc68-3852e054a8a7,1754978154.7312725,opportunistic_vs_aggressive,team1,10,6,16,3.155325174331665,"[['North', 'opportunistic', 0.7], ['South', 'opportunistic', 0.7]]","[['East', 'aggressive', 0.8], ['West', 'aggressive', 0.8]]",2025-08-12 05:55:54.731272459,2025-08-12,5
7ad5a54c-c5a4-42fa-9fa6-61abfd7134c0,1754980203.9789958,conservative_vs_balanced,team2,7,10,17,8.967354536056519,"[['North', 'conservative', 0.2], ['South', 'conservative', 0.2]]","[['East', 'balanced', 0.5], ['West', 'balanced', 0.5]]",2025-08-12 06:30:03.978995800,2025-08-12,6
7d65fecb-a431-423e-bae3-8bca132450a4,1754980299.25869,mixed_vs_mixed,team2,5,10,15,2.0233399868011475,"[['North', 'aggressive', 0.8], ['South', 'conservative', 0.2]]","[['East', 'balanced', 0.5], ['West', 'opportunistic', 0.7]]",2025-08-12 06:31:39.258690119,2025-08-12,6
38ec5655-41af-4d8d-89ea-0919108128fb,1754978153.7932248,opportunistic_vs_aggressive,team1,10,9,19,2.2173304557800293,"[['North', 'opportunistic', 0.7], ['South', 'opportunistic', 0.7]]","[['East', 'aggressive', 0.8], ['West', 'aggressive', 0.8]]",2025-08-12 05:55:53.793224812,2025-08-12,5
ad19152a-39b2-4c0e-8a08-3f2024130bd4,1754980286.1090887,aggressive_vs_conservative,team2,9,10,19,3.3472206592559814,"[['North', 'aggressive', 0.8], ['South', 'aggressive', 0.8]]","[['East', 'conservative', 0.2], ['West', 'conservative', 0.2]]",2025-08-12 06:31:26.109088659,2025-08-12,6
12d60cc4-2fc9-43d5-b0d7-04a0ab4fbb92,1754980190.227485,aggressive_vs_balanced,team1,10,7,17,1.1585018634796143,"[['North', 'aggressive', 0.8], ['South', 'aggressive', 0.8]]","[['East', 'balanced', 0.5], ['West', 'balanced', 0.5]]",2025-08-12 06:29:50.227484941,2025-08-12,6
38ccfc4a-ad1c-4225-8d08-d6d9aab7329b,1754980188.4567635,aggressive_vs_conservative,team2,9,10,19,6.5078041553497314,"[['North', 'aggressive', 0.8], ['South', 'aggressive', 0.8]]","[['East', 'conservative', 0.2], ['West', 'conservative', 0.2]]",2025-08-12 06:29:48.456763506,2025-08-12,6
2bc41302-3e8c-403e-838d-22b494b1e2be,1754980209.179346,opportunistic_vs_aggressive,team1,10,6,16,4.643567323684692,"[['North', 'opportunistic', 0.7], ['South', 'opportunistic', 0.7]]","[['East', 'aggressive', 0.8], ['West', 'aggressive', 0.8]]",2025-08-12 06:30:09.179346085,2025-08-12,6
c4db084c-38f3-46ae-bb50-a0f98636408c,1754980293.2824092,conservative_vs_balanced,team1,10,6,16,3.4814279079437256,"[['North', 'conservative', 0.2], ['South', 'conservative', 0.2]]","[['East', 'balanced', 0.5], ['West', 'balanced', 0.5]]",2025-08-12 06:31:33.282409191,2025-08-12,6
73a1684f-51af-4fdf-ae94-adaafb69661e,1754978156.6059372,mixed_vs_mixed,team1,10,5,15,1.8063247203826904,"[['North', 'aggressive', 0.8], ['South', 'conservative', 0.2]]","[['East', 'balanced', 0.5], ['West', 'opportunistic', 0.7]]",2025-08-12 05:55:56.605937243,2025-08-12,5
5cc9934f-6aa3-4863-9452-b7f2032be73b,1754978145.7429237,aggressive_vs_balanced,team2,8,10,18,3.0584869384765625,"[['North', 'aggressive', 0.8], ['South', 'aggressive', 0.8]]","[['East', 'balanced', 0.5], ['West', 'balanced', 0.5]]",2025-08-12 05:55:45.742923737,2025-08-12,5
246dd757-dc5f-4795-8014-1a589d53e1e5,1754980196.361683,conservative_vs_balanced,team1,10,2,12,1.3501856327056885,"[['North', 'conservative', 0.2], ['South', 'conservative', 0.2]]","[['East', 'balanced', 0.5], ['West', 'balanced', 0.5]]",2025-08-12 06:29:56.361682892,2025-08-12,6
2248f35e-770a-4c15-9905-d25e87a3f9ac,1754980183.5480824,aggressive_vs_conservative,team2,9,10,19,1.5992648601531982,"[['North', 'aggressive', 0.8], ['South', 'aggressive', 0.8]]","[['East', 'conservative', 0.2], ['West', 'conservative', 0.2]]",2025-08-12 06:29:43.548082352,2025-08-12,6
14bcdc22-7e40-4e91-bebb-45bbef8d349c,1754980203.6603994,conservative_vs_balanced,team2,4,10,14,8.648760318756104,"[['North', 'conservative', 0.2], ['South', 'conservative', 0.2]]","[['East', 'balanced', 0.5], ['West', 'balanced', 0.5]]",2025-08-12 06:30:03.660399437,2025-08-12,6
1f44d281-1d9a-46bf-af4d-f58decbf99c6,1754978139.0869062,aggressive_vs_conservative,team1,10,4,14,0.7880926132202148,"[['North', 'aggressive', 0.8], ['South', 'aggressive', 0.8]]","[['East', 'conservative', 0.2], ['West', 'conservative', 0.2]]",2025-08-12 05:55:39.086906195,2025-08-12,5
132b1559-caca-4e37-ab10-b1653516a77a,1754978142.3586917,aggressive_vs_conservative,team1,10,8,18,4.059753656387329,"[['North', 'aggressive', 0.8], ['South', 'aggressive', 0.8]]","[['East', 'conservative', 0.2], ['West', 'conservative', 0.2]]",2025-08-12 05:55:42.358691692,2025-08-12,5
14bb296c-f136-4240-bc96-3b397bffb9f4,1754980285.2263055,aggressive_vs_conservative,team1,10,9,19,2.4644649028778076,"[['North', 'aggressive', 0.8], ['South', 'aggressive', 0.8]]","[['East', 'conservative', 0.2], ['West', 'conservative', 0.2]]",2025-08-12 06:31:25.226305485,2025-08-12,6
dd044970-7fcd-425d-9f06-8f84fc127267,1754980291.1501374,conservative_vs_balanced,team1,10,5,15,1.3492302894592285,"[['North', 'conservative', 0.2], ['South', 'conservative', 0.2]]","[['East', 'balanced', 0.5], ['West', 'balanced', 0.5]]",2025-08-12 06:31:31.150137424,2025-08-12,6
7e0cd9d5-30a2-4149-b091-706e5edec7f1,1754980292.5742755,conservative_vs_balanced,team1,10,7,17,2.773306369781494,"[['North', 'conservative', 0.2], ['South', 'conservative', 0.2]]","[['East', 'balanced', 0.5], ['West', 'balanced', 0.5]]",2025-08-12 06:31:32.574275494,2025-08-12,6
1ce21c55-0e7e-401d-8fa7-337529d269d8,1754978157.3719025,mixed_vs_mixed,team2,9,10,19,2.5722644329071045,"[['North', 'aggressive', 0.8], ['South', 'conservative', 0.2]]","[['East', 'balanced', 0.5], ['West', 'opportunistic', 0.7]]",2025-08-12 05:55:57.371902466,2025-08-12,5
66b02c8d-8dee-41fe-87fe-fcc0a4c572fd,1754980196.6627536,conservative_vs_balanced,team1,10,6,16,1.6512470245361328,"[['North', 'conservative', 0.2], ['South', 'conservative', 0.2]]","[['East', 'balanced', 0.5], ['West', 'balanced', 0.5]]",2025-08-12 06:29:56.662753582,2025-08-12,6
2557a84e-e9d5-4979-aa2e-ce5033a1184f,1754978157.1753905,mixed_vs_mixed,team2,8,10,18,2.3757638931274414,"[['North', 'aggressive', 0.8], ['South', 'conservative', 0.2]]","[['East', 'balanced', 0.5], ['West', 'opportunistic', 0.7]]",2025-08-12 05:55:57.175390482,2025-08-12,5
e8b386b6-797c-4d54-8da4-f0443c31c5fc,1754980285.4443219,aggressive_vs_conservative,team1,10,6,16,2.682459831237793,"[['North', 'aggressive', 0.8], ['South', 'aggressive', 0.8]]","[['East', 'conservative', 0.2], ['West', 'conservative', 0.2]]",2025-08-12 06:31:25.444321871,2025-08-12,6
91f6e292-6fc6-4361-886b-b47b20f517da,1754978141.781255,aggressive_vs_conservative,team1,10,7,17,3.4823410511016846,"[['North', 'aggressive', 0.8], ['South', 'aggressive', 0.8]]","[['East', 'conservative', 0.2], ['West', 'conservative', 0.2]]",2025-08-12 05:55:41.781255007,2025-08-12,5
f89f9b74-3ada-40cb-a419-3c3e49213ddc,1754980295.3068066,opportunistic_vs_aggressive,team2,7,10,17,1.157538652420044,"[['North', 'opportunistic', 0.7], ['South', 'opportunistic', 0.7]]","[['East', 'aggressive', 0.8], ['West', 'aggressive', 0.8]]",2025-08-12 06:31:35.306806564,2025-08-12,6
073bdd86-56f8-475a-ab7d-ea6a08719550,1754980300.3257246,mixed_vs_mixed,team2,8,10,18,3.090358018875122,"[['North', 'aggressive', 0.8], ['South', 'conservative', 0.2]]","[['East', 'balanced', 0.5], ['West', 'opportunistic', 0.7]]",2025-08-12 06:31:40.325724602,2025-08-12,6
7821d6c9-f2e2-422c-ab2b-6d6db1a8dfc1,1754980200.8784049,conservative_vs_balanced,team2,4,10,14,5.866810321807861,"[['North', 'conservative', 0.2], ['South', 'conservative', 0.2]]","[['East', 'balanced', 0.5], ['West', 'balanced', 0.5]]",2025-08-12 06:30:00.878404856,2025-08-12,6
6a6ee473-680d-4283-ad14-923ac222d6a6,1754980285.5219572,aggressive_vs_conservative,team1,10,9,19,2.760103940963745,"[['North', 'aggressive', 0.8], ['South', 'aggressive', 0.8]]","[['East', 'conservative', 0.2], ['West', 'conservative', 0.2]]",2025-08-12 06:31:25.521957158,2025-08-12,6
b052be69-a7a8-47b6-bb47-f3a96fb06bde,1754980205.8085115,opportunistic_vs_aggressive,team2,6,10,16,1.2728183269500732,"[['North', 'opportunistic', 0.7], ['South', 'opportunistic', 0.7]]","[['East', 'aggressive', 0.8], ['West', 'aggressive', 0.8]]",2025-08-12 06:30:05.808511496,2025-08-12,6
b4c5e934-c588-4fb3-a409-c8e454e5c631,1754978150.1854591,conservative_vs_balanced,team2,9,10,19,3.6532046794891357,"[['North', 'conservative', 0.2], ['South', 'conservative', 0.2]]","[['East', 'balanced', 0.5], ['West', 'balanced', 0.5]]",2025-08-12 05:55:50.185459137,2025-08-12,5
99459694-6c8f-4f37-bc4e-63d7231d0474,1754978155.763551,mixed_vs_mixed,team2,3,10,13,0.9639673233032227,"[['North', 'aggressive', 0.8], ['South', 'conservative', 0.2]]","[['East', 'balanced', 0.5], ['West', 'opportunistic', 0.7]]",2025-08-12 05:55:55.763550997,2025-08-12,5
01993b15-5de9-448d-9443-c89912cb38da,1754980192.535164,aggressive_vs_balanced,team2,4,10,14,3.4660985469818115,"[['North', 'aggressive', 0.8], ['South', 'aggressive', 0.8]]","[['East', 'balanced', 0.5], ['West', 'balanced', 0.5]]",2025-08-12 06:29:52.535164117,2025-08-12,6
4fdc281f-cab6-4ff3-8344-47b30e4ae7cd,1754980190.1838777,aggressive_vs_balanced,team2,6,10,16,1.1148788928985596,"[['North', 'aggressive', 0.8], ['South', 'aggressive', 0.8]]","[['East', 'balanced', 0.5], ['West', 'balanced', 0.5]]",2025-08-12 06:29:50.183877707,2025-08-12,6
d3488d8b-e492-4b93-8542-72568e2551ac,1754980191.4493976,aggressive_vs_balanced,team1,10,9,19,2.380366802215576,"[['North', 'aggressive', 0.8], ['South', 'aggressive', 0.8]]","[['East', 'balanced', 0.5], ['West', 'balanced', 0.5]]",2025-08-12 06:29:51.449397564,2025-08-12,6
1a6849ef-1dc7-4a84-921e-08c40f34433b,1754980210.1324027,opportunistic_vs_aggressive,team1,10,5,15,5.596598386764526,"[['North', 'opportunistic', 0.7], ['South', 'opportunistic', 0.7]]","[['East', 'aggressive', 0.8], ['West', 'aggressive', 0.8]]",2025-08-12 06:30:10.132402658,2025-08-12,6
cab9b8f5-8aa8-4965-b1ff-c42b6a9f4bff,1754978157.766612,mixed_vs_mixed,team2,5,10,15,2.9669573307037354,"[['North', 'aggressive', 0.8], ['South', 'conservative', 0.2]]","[['East', 'balanced', 0.5], ['West', 'opportunistic', 0.7]]",2025-08-12 05:55:57.766612053,2025-08-12,5
500a6397-a38e-4d82-b573-56f248b1811a,1754980216.7110481,mixed_vs_mixed,team1,10,4,14,5.4076762199401855,"[['North', 'aggressive', 0.8], ['South', 'conservative', 0.2]]","[['East', 'balanced', 0.5], ['West', 'opportunistic', 0.7]]",2025-08-12 06:30:16.711048126,2025-08-12,6
b51306a9-64e0-4cf1-841d-acde9c4ed82a,1754980286.340448,aggressive_vs_conservative,team1,10,9,19,3.5785772800445557,"[['North', 'aggressive', 0.8], ['South', 'aggressive', 0.8]]","[['East', 'conservative', 0.2], ['West', 'conservative', 0.2]]",2025-08-12 06:31:26.340447903,2025-08-12,6
91618dcc-1e02-4844-af8d-e2ba38272003,1754980289.7383196,aggressive_vs_balanced,team2,7,10,17,3.0863711833953857,"[['North', 'aggressive', 0.8], ['South', 'aggressive', 0.8]]","[['East', 'balanced', 0.5], ['West', 'balanced', 0.5]]",2025-08-12 06:31:29.738319635,2025-08-12,6
1972912f-38cb-4a1d-9a04-26433433cacf,1754980214.2048073,mixed_vs_mixed,team2,4,10,14,2.9015142917633057,"[['North', 'aggressive', 0.8], ['South', 'conservative', 0.2]]","[['East', 'balanced', 0.5], ['West', 'opportunistic', 0.7]]",2025-08-12 06:30:14.204807281,2025-08-12,6
655443fb-9007-43bc-a420-64333e90915e,1754978152.726136,opportunistic_vs_aggressive,team1,10,9,19,1.1503069400787354,"[['North', 'opportunistic', 0.7], ['South', 'opportunistic', 0.7]]","[['East', 'aggressive', 0.8], ['West', 'aggressive', 0.8]]",2025-08-12 05:55:52.726135969,2025-08-12,5
3e696a31-b629-4968-ab97-54714b93c248,1754980291.145106,conservative_vs_balanced,team1,10,5,15,1.3441963195800781,"[['North', 'conservative', 0.2], ['South', 'conservative', 0.2]]","[['East', 'balanced', 0.5], ['West', 'balanced', 0.5]]",2025-08-12 06:31:31.145106077,2025-08-12,6
bb411ba6-bc00-4981-8dc2-00755624aff3,1754980293.7809958,conservative_vs_balanced,team2,8,10,18,3.9799997806549072,"[['North', 'conservative', 0.2], ['South', 'conservative', 0.2]]","[['East', 'balanced', 0.5], ['West', 'balanced', 0.5]]",2025-08-12 06:31:33.780995846,2025-08-12,6
3e4a1d27-666c-49d4-a9df-3ad3655218b2,1754980200.6991634,conservative_vs_balanced,team1,10,5,15,5.687580108642578,"[['North', 'conservative', 0.2], ['South', 'conservative', 0.2]]","[['East', 'balanced', 0.5], ['West', 'balanced', 0.5]]",2025-08-12 06:30:00.699163437,2025-08-12,6
0dc48076-c5bb-4d8f-89cc-436c4ec494a5,1754980206.8687813,opportunistic_vs_aggressive,team2,9,10,19,2.3330657482147217,"[['North', 'opportunistic', 0.7], ['South', 'opportunistic', 0.7]]","[['East', 'aggressive', 0.8], ['West', 'aggressive', 0.8]]",2025-08-12 06:30:06.868781328,2025-08-12,6
4e02772c-f78b-490c-b2ef-a5d9ed322005,1754980185.418433,aggressive_vs_conservative,team1,10,9,19,3.469555139541626,"[['North', 'aggressive', 0.8], ['South', 'aggressive', 0.8]]","[['East', 'conservative', 0.2], ['West', 'conservative', 0.2]]",2025-08-12 06:29:45.418432951,2025-08-12,6
1d2fcd49-846d-4a46-a844-7913de3b7a97,1754980190.1148646,aggressive_vs_balanced,team2,5,10,15,1.0458776950836182,"[['North', 'aggressive', 0.8], ['South', 'aggressive', 0.8]]","[['East', 'balanced', 0.5], ['West', 'balanced', 0.5]]",2025-08-12 06:29:50.114864588,2025-08-12,6
7b79ee90-9de0-4f24-9fae-29ec87c180b0,1754978139.0402987,aggressive_vs_conservative,team2,4,10,14,0.7414789199829102,"[['North', 'aggressive', 0.8], ['South', 'aggressive', 0.8]]","[['East', 'conservative', 0.2], ['West', 'conservative', 0.2]]",2025-08-12 05:55:39.040298700,2025-08-12,5
0ab9ec12-8e04-4c24-8e4b-b79e50dcf764,1754980296.7885463,opportunistic_vs_aggressive,team1,10,7,17,2.6392221450805664,"[['North', 'opportunistic', 0.7], ['South', 'opportunistic', 0.7]]","[['East', 'aggressive', 0.8], ['West', 'aggressive', 0.8]]",2025-08-12 06:31:36.788546324,2025-08-12,6
9d3c0795-a2ce-4656-917c-b92e6dcb548a,1754978139.8720129,aggressive_vs_conservative,team2,8,10,18,1.573171615600586,"[['North', 'aggressive', 0.8], ['South', 'aggressive', 0.8]]","[['East', 'conservative', 0.2], ['West', 'conservative', 0.2]]",2025-08-12 05:55:39.872012854,2025-08-12,5
add10f81-f83d-4dec-9a8a-8cbce46b0dee,1754978154.3435876,opportunistic_vs_aggressive,team2,3,10,13,2.7676591873168945,"[['North', 'opportunistic', 0.7], ['South', 'opportunistic', 0.7]]","[['East', 'aggressive', 0.8], ['West', 'aggressive', 0.8]]",2025-08-12 05:55:54.343587637,2025-08-12,5
75b0a710-9f2c-44dd-a699-1ca9cceb8dfb,1754978153.5163503,opportunistic_vs_aggressive,team2,5,10,15,1.940469741821289,"[['North', 'opportunistic', 0.7], ['South', 'opportunistic', 0.7]]","[['East', 'aggressive', 0.8], ['West', 'aggressive', 0.8]]",2025-08-12 05:55:53.516350269,2025-08-12,5
477fffcc-d364-4ff9-9c30-a648802ff3e7,1754980215.448611,mixed_vs_mixed,team2,7,10,17,4.145279884338379,"[['North', 'aggressive', 0.8], ['South', 'conservative', 0.2]]","[['East', 'balanced', 0.5], ['West', 'opportunistic', 0.7]]",2025-08-12 06:30:15.448611021,2025-08-12,6
2478ce8d-4b47-44e0-8bbf-c0d39e0544cb,1754978139.7310214,aggressive_vs_conservative,team1,10,5,15,1.4321725368499756,"[['North', 'aggressive', 0.8], ['South', 'aggressive', 0.8]]","[['East', 'conservative', 0.2], ['West', 'conservative', 0.2]]",2025-08-12 05:55:39.731021404,2025-08-12,5
7fe142ed-3e90-4bb5-a8cf-dc7d7eb72f0b,1754980183.2220218,aggressive_vs_conservative,team2,5,10,15,1.2731785774230957,"[['North', 'aggressive', 0.8], ['South', 'aggressive', 0.8]]","[['East', 'conservative', 0.2], ['West', 'conservative', 0.2]]",2025-08-12 06:29:43.222021818,2025-08-12,6
9f5d6606-4175-499c-8f90-4dc45c619493,1754978150.5722344,conservative_vs_balanced,team1,10,6,16,4.039963245391846,"[['North', 'conservative', 0.2], ['South', 'conservative', 0.2]]","[['East', 'balanced', 0.5], ['West', 'balanced', 0.5]]",2025-08-12 05:55:50.572234392,2025-08-12,5
f4604f72-bc69-4f2f-bf71-0b9d3b3fa54e,1754978139.0717826,aggressive_vs_conservative,team1,10,3,13,0.7729718685150146,"[['North', 'aggressive', 0.8], ['South', 'aggressive', 0.8]]","[['East', 'conservative', 0.2], ['West', 'conservative', 0.2]]",2025-08-12 05:55:39.071782589,2025-08-12,5
ea4ad661-11f6-433b-9382-11179588e78d,1754980212.3947837,mixed_vs_mixed,team2,5,10,15,1.0916337966918945,"[['North', 'aggressive', 0.8], ['South', 'conservative', 0.2]]","[['East', 'balanced', 0.5], ['West', 'opportunistic', 0.7]]",2025-08-12 06:30:12.394783735,2025-08-12,6
a39ab02f-2079-4e6d-bf24-c79420b929e6,1754978142.5709095,aggressive_vs_conservative,team1,10,5,15,4.27195930480957,"[['North', 'aggressive', 0.8], ['South', 'aggressive', 0.8]]","[['East', 'conservative', 0.2], ['West', 'conservative', 0.2]]",2025-08-12 05:55:42.570909500,2025-08-12,5
27723877-cccc-4954-9a6b-68e2d5741e79,1754980211.2290359,opportunistic_vs_aggressive,team2,8,10,18,6.693197727203369,"[['North', 'opportunistic', 0.7], ['South', 'opportunistic', 0.7]]","[['East', 'aggressive', 0.8], ['West', 'aggressive', 0.8]]",2025-08-12 06:30:11.229035854,2025-08-12,6
1bc7ffb2-3d75-460b-80a8-49940d234b60,1754978157.949126,mixed_vs_mixed,team2,6,10,16,3.1494648456573486,"[['North', 'aggressive', 0.8], ['South', 'conservative', 0.2]]","[['East', 'balanced', 0.5], ['West', 'opportunistic', 0.7]]",2025-08-12 05:55:57.949126005,2025-08-12,5
ba4f0f1f-dc7a-4eae-a55f-1427f7df5b53,1754980291.3699057,conservative_vs_balanced,team1,10,7,17,1.5689926147460938,"[['North', 'conservative', 0.2], ['South', 'conservative', 0.2]]","[['East', 'balanced', 0.5], ['West', 'balanced', 0.5]]",2025-08-12 06:31:31.369905710,2025-08-12,6
9bc15259-537b-4379-aed7-dd7a2d50ba15,1754980286.0464976,aggressive_vs_conservative,team1,10,3,13,3.2846219539642334,"[['North', 'aggressive', 0.8], ['South', 'aggressive', 0.8]]","[['East', 'conservative', 0.2], ['West', 'conservative', 0.2]]",2025-08-12 06:31:26.046497583,2025-08-12,6
54d7d5e3-afbc-498f-bb0f-1747db200ae2,1754978146.3728254,aggressive_vs_balanced,team2,7,10,17,3.6883599758148193,"[['North', 'aggressive', 0.8], ['South', 'aggressive', 0.8]]","[['East', 'balanced', 0.5], ['West', 'balanced', 0.5]]",2025-08-12 05:55:46.372825384,2025-08-12,5
75c323c7-e458-41d0-86de-47e5ed1f7487,1754978147.4724493,conservative_vs_balanced,team2,9,10,19,0.9402973651885986,"[['North', 'conservative', 0.2], ['South', 'conservative', 0.2]]","[['East', 'balanced', 0.5], ['West', 'balanced', 0.5]]",2025-08-12 05:55:47.472449303,2025-08-12,5
568aa1d2-fd1f-4f81-81e6-5aee26738b68,1754980286.1159463,aggressive_vs_conservative,team2,8,10,18,3.354081153869629,"[['North', 'aggressive', 0.8], ['South', 'aggressive', 0.8]]","[['East', 'conservative', 0.2], ['West', 'conservative', 0.2]]",2025-08-12 06:31:26.115946293,2025-08-12,6
606a28f9-6d57-4e8a-ab2f-7dd173bab341,1754980217.3852277,mixed_vs_mixed,team1,10,8,18,6.081841707229614,"[['North', 'aggressive', 0.8], ['South', 'conservative', 0.2]]","[['East', 'balanced', 0.5], ['West', 'opportunistic', 0.7]]",2025-08-12 06:30:17.385227680,2025-08-12,6
a6a521d4-4e2c-447f-8d91-412e872cc9fb,1754978144.7040823,aggressive_vs_balanced,team2,9,10,19,2.0196878910064697,"[['North', 'aggressive', 0.8], ['South', 'aggressive', 0.8]]","[['East', 'balanced', 0.5], ['West', 'balanced', 0.5]]",2025-08-12 05:55:44.704082251,2025-08-12,5
9eb74845-5b16-4c1a-8957-5a85992fcede,1754978157.9194157,mixed_vs_mixed,team1,10,5,15,3.119753360748291,"[['North', 'aggressive', 0.8], ['South', 'conservative', 0.2]]","[['East', 'balanced', 0.5], ['West', 'opportunistic', 0.7]]",2025-08-12 05:55:57.919415712,2025-08-12,5
f00fe88f-bd9e-4205-85ca-f21d3547f3e1,1754980293.5683167,conservative_vs_balanced,team1,10,6,16,3.7673215866088867,"[['North', 'conservative', 0.2], ['South', 'conservative', 0.2]]","[['East', 'balanced', 0.5], ['West', 'balanced', 0.5]]",2025-08-12 06:31:33.568316698,2025-08-12,6
ae577672-430e-4c68-a306-987798cd5c9c,1754978154.3298903,opportunistic_vs_aggressive,team2,8,10,18,2.753967761993408,"[['North', 'opportunistic', 0.7], ['South', 'opportunistic', 0.7]]","[['East', 'aggressive', 0.8], ['West', 'aggressive', 0.8]]",2025-08-12 05:55:54.329890251,2025-08-12,5
cff28de4-6c95-4b8d-af8a-d49b82b72bd9,1754980288.016601,aggressive_vs_balanced,team1,10,9,19,1.3647098541259766,"[['North', 'aggressive', 0.8], ['South', 'aggressive', 0.8]]","[['East', 'balanced', 0.5], ['West', 'balanced', 0.5]]",2025-08-12 06:31:28.016601086,2025-08-12,6
6045d742-41cb-4393-9e9f-80e03783ac7f,1754980185.51013,aggressive_vs_conservative,team2,8,10,18,3.5612478256225586,"[['North', 'aggressive', 0.8], ['South', 'aggressive', 0.8]]","[['East', 'conservative', 0.2], ['West', 'conservative', 0.2]]",2025-08-12 06:29:45.510129929,2025-08-12,6
92c85d06-173f-4c0a-99a7-c0bd78cf9b47,1754978141.1600177,aggressive_vs_conservative,team1,10,7,17,2.861126184463501,"[['North', 'aggressive', 0.8], ['South', 'aggressive', 0.8]]","[['East', 'conservative', 0.2], ['West', 'conservative', 0.2]]",2025-08-12 05:55:41.160017729,2025-08-12,5
6eaf08c3-a92e-44f4-a5d5-9c14ed3033ad,1754980198.293546,conservative_vs_balanced,team1,10,8,18,3.282005548477173,"[['North', 'conservative', 0.2], ['South', 'conservative', 0.2]]","[['East', 'balanced', 0.5], ['West', 'balanced', 0.5]]",2025-08-12 06:29:58.293545961,2025-08-12,6
6f7f2f10-21b5-43f9-bbba-32c69195b897,1754978157.3921976,mixed_vs_mixed,team1,10,9,19,2.5925612449645996,"[['North', 'aggressive', 0.8], ['South', 'conservative', 0.2]]","[['East', 'balanced', 0.5], ['West', 'opportunistic', 0.7]]",2025-08-12 05:55:57.392197609,2025-08-12,5
f8439ac5-2af8-413a-ad5b-52df8ff02bd0,1754978149.2853818,conservative_vs_balanced,team2,9,10,19,2.7531557083129883,"[['North', 'conservative', 0.2], ['South', 'conservative', 0.2]]","[['East', 'balanced', 0.5], ['West', 'balanced', 0.5]]",2025-08-12 05:55:49.285381794,2025-08-12,5
25cafa1e-8c73-4fa6-b1b8-73e0fce78341,1754980289.1027577,aggressive_vs_balanced,team2,0,10,10,2.450828790664673,"[['North', 'aggressive', 0.8], ['South', 'aggressive', 0.8]]","[['East', 'balanced', 0.5], ['West', 'balanced', 0.5]]",2025-08-12 06:31:29.102757692,2025-08-12,6
fd06cfaf-ec62-4d26-a2e3-ad7c9bee49a9,1754980295.9850602,opportunistic_vs_aggressive,team2,8,10,18,1.8357784748077393,"[['North', 'opportunistic', 0.7], ['South', 'opportunistic', 0.7]]","[['East', 'aggressive', 0.8], ['West', 'aggressive', 0.8]]",2025-08-12 06:31:35.985060215,2025-08-12,6
3e926d78-6782-483b-963d-d1ec61d30f74,1754980293.7874901,conservative_vs_balanced,team2,5,10,15,3.9864871501922607,"[['North', 'conservative', 0.2], ['South', 'conservative', 0.2]]","[['East', 'balanced', 0.5], ['West', 'balanced', 0.5]]",2025-08-12 06:31:33.787490129,2025-08-12,6
2c6c6aa0-0d1e-4e19-8523-df0d341af6b6,1754978149.8186398,conservative_vs_balanced,team2,8,10,18,3.2864010334014893,"[['North', 'conservative', 0.2], ['South', 'conservative', 0.2]]","[['East', 'balanced', 0.5], ['West', 'balanced', 0.5]]",2025-08-12 05:55:49.818639755,2025-08-12,5
6225b7d8-0367-4e66-b2dc-ddb7821f4e98,1754980186.7154973,aggressive_vs_conservative,team1,10,7,17,4.766587972640991,"[['North', 'aggressive', 0.8], ['South', 'aggressive', 0.8]]","[['East', 'conservative', 0.2], ['West', 'conservative', 0.2]]",2025-08-12 06:29:46.715497255,2025-08-12,6
66f151c2-3247-49da-a348-270687421bb0,1754980217.1521401,mixed_vs_mixed,team1,10,5,15,5.848757743835449,"[['North', 'aggressive', 0.8], ['South', 'conservative', 0.2]]","[['East', 'balanced', 0.5], ['West', 'opportunistic', 0.7]]",2025-08-12 06:30:17.152140141,2025-08-12,6
761121ae-6bef-48f0-93fa-b936688099a6,1754980215.1451647,mixed_vs_mixed,team1,10,2,12,3.8418362140655518,"[['North', 'aggressive', 0.8], ['South', 'conservative', 0.2]]","[['East', 'balanced', 0.5], ['West', 'opportunistic', 0.7]]",2025-08-12 06:30:15.145164728,2025-08-12,6
d98ba76e-bed5-4166-a4bf-c7ead3e7fafe,1754980194.7407858,aggressive_vs_balanced,team1,10,5,15,5.6716179847717285,"[['North', 'aggressive', 0.8], ['South', 'aggressive', 0.8]]","[['East', 'balanced', 0.5], ['West', 'balanced', 0.5]]",2025-08-12 06:29:54.740785837,2025-08-12,6
4db1ea19-2360-4f68-8e38-ab96892dc96c,1754978155.6923542,mixed_vs_mixed,team1,10,2,12,0.8927738666534424,"[['North', 'aggressive', 0.8], ['South', 'conservative', 0.2]]","[['East', 'balanced', 0.5], ['West', 'opportunistic', 0.7]]",2025-08-12 05:55:55.692354202,2025-08-12,5
01bca0f6-49f7-4cae-ae3e-0cf25ce3eec5,1754980188.2509348,aggressive_vs_conservative,team2,8,10,18,6.301979303359985,"[['North', 'aggressive', 0.8], ['South', 'aggressive', 0.8]]","[['East', 'conservative', 0.2], ['West', 'conservative', 0.2]]",2025-08-12 06:29:48.250934839,2025-08-12,6
909249d1-9c61-48dd-b409-f21678b7d785,1754980212.6153271,mixed_vs_mixed,team1,10,8,18,1.3121933937072754,"[['North', 'aggressive', 0.8], ['South', 'conservative', 0.2]]","[['East', 'balanced', 0.5], ['West', 'opportunistic', 0.7]]",2025-08-12 06:30:12.615327120,2025-08-12,6
5a57b4dc-9cc5-4eb7-8617-ebb2ba341f17,1754980289.6699793,aggressive_vs_balanced,team2,8,10,18,3.0180397033691406,"[['North', 'aggressive', 0.8], ['South', 'aggressive', 0.8]]","[['East', 'balanced', 0.5], ['West', 'balanced', 0.5]]",2025-08-12 06:31:29.669979334,2025-08-12,6
8814416a-e0c7-4fa3-9921-0975903f8ba8,1754980205.8702068,opportunistic_vs_aggressive,team1,10,9,19,1.334517240524292,"[['North', 'opportunistic', 0.7], ['South', 'opportunistic', 0.7]]","[['East', 'aggressive', 0.8], ['West', 'aggressive', 0.8]]",2025-08-12 06:30:05.870206833,2025-08-12,6
121ea32e-899e-4288-948d-8b288901cfdd,1754980208.0107398,opportunistic_vs_aggressive,team1,10,9,19,3.475001096725464,"[['North', 'opportunistic', 0.7], ['South', 'opportunistic', 0.7]]","[['East', 'aggressive', 0.8], ['West', 'aggressive', 0.8]]",2025-08-12 06:30:08.010739803,2025-08-12,6
7b02552f-358d-4f9e-9878-1cbecc0f375e,1754980184.5259023,aggressive_vs_conservative,team1,10,7,17,2.5770416259765625,"[['North', 'aggressive', 0.8], ['South', 'aggressive', 0.8]]","[['East', 'conservative', 0.2], ['West', 'conservative', 0.2]]",2025-08-12 06:29:44.525902271,2025-08-12,6
2a627039-adcd-47c2-924f-2839467bf2da,1754980188.4658163,aggressive_vs_conservative,team2,6,10,16,6.5168516635894775,"[['North', 'aggressive', 0.8], ['South', 'aggressive', 0.8]]","[['East', 'conservative', 0.2], ['West', 'conservative', 0.2]]",2025-08-12 06:29:48.465816259,2025-08-12,6
555a3afb-9d34-40b5-a32f-f25bd7902fbc,1754980288.366976,aggressive_vs_balanced,team2,6,10,16,1.715080976486206,"[['North', 'aggressive', 0.8], ['South', 'aggressive', 0.8]]","[['East', 'balanced', 0.5], ['West', 'balanced', 0.5]]",2025-08-12 06:31:28.366976023,2025-08-12,6
c9a20c0a-c3ce-4edb-abda-ce3cecce04fa,1754980186.86511,aggressive_vs_conservative,team1,10,7,17,4.916199445724487,"[['North', 'aggressive', 0.8], ['South', 'aggressive', 0.8]]","[['East', 'conservative', 0.2], ['West', 'conservative', 0.2]]",2025-08-12 06:29:46.865109921,2025-08-12,6
0050f6ea-8e20-4359-a6cb-c017372c977e,1754980208.7540452,opportunistic_vs_aggressive,team2,8,10,18,4.218288421630859,"[['North', 'opportunistic', 0.7], ['South', 'opportunistic', 0.7]]","[['East', 'aggressive', 0.8], ['West', 'aggressive', 0.8]]",2025-08-12 06:30:08.754045248,2025-08-12,6
aa431c31-fd5e-4886-adce-376c993e1d40,1754980216.7499785,mixed_vs_mixed,team2,4,10,14,5.446604013442993,"[['North', 'aggressive', 0.8], ['South', 'conservative', 0.2]]","[['East', 'balanced', 0.5], ['West', 'opportunistic', 0.7]]",2025-08-12 06:30:16.749978542,2025-08-12,6
1e8540fb-c5ba-4318-b14c-4c56e84e106c,1754980292.3582397,conservative_vs_balanced,team2,6,10,16,2.5572965145111084,"[['North', 'conservative', 0.2], ['South', 'conservative', 0.2]]","[['East', 'balanced', 0.5], ['West', 'balanced', 0.5]]",2025-08-12 06:31:32.358239651,2025-08-12,6
e6143138-850d-447f-a5b8-774b3b828a22,1754980186.459681,aggressive_vs_conservative,team2,4,10,14,4.510765075683594,"[['North', 'aggressive', 0.8], ['South', 'aggressive', 0.8]]","[['East', 'conservative', 0.2], ['West', 'conservative', 0.2]]",2025-08-12 06:29:46.459681034,2025-08-12,6
51c95077-db71-4fdf-a959-6226058b6fa5,1754980196.4692237,conservative_vs_balanced,team1,10,6,16,1.4577109813690186,"[['North', 'conservative', 0.2], ['South', 'conservative', 0.2]]","[['East', 'balanced', 0.5], ['West', 'balanced', 0.5]]",2025-08-12 06:29:56.469223738,2025-08-12,6
ab108b9f-135c-4eef-9599-100264d67215,1754978157.9486067,mixed_vs_mixed,team2,4,10,14,3.148937702178955,"[['North', 'aggressive', 0.8], ['South', 'conservative', 0.2]]","[['East', 'balanced', 0.5], ['West', 'opportunistic', 0.7]]",2025-08-12 05:55:57.948606730,2025-08-12,5
0c86193c-2733-4673-a2ac-d5506f9f9246,1754980194.4740798,aggressive_vs_balanced,team2,5,10,15,5.404923677444458,"[['North', 'aggressive', 0.8], ['South', 'aggressive', 0.8]]","[['East', 'balanced', 0.5], ['West', 'balanced', 0.5]]",2025-08-12 06:29:54.474079847,2025-08-12,6
72edd96c-8019-42ec-8037-a92ab949a177,1754978144.1037364,aggressive_vs_balanced,team2,9,10,19,1.4193744659423828,"[['North', 'aggressive', 0.8], ['South', 'aggressive', 0.8]]","[['East', 'balanced', 0.5], ['West', 'balanced', 0.5]]",2025-08-12 05:55:44.103736401,2025-08-12,5
0e51ef84-d1a7-4bd3-8432-2d6737c0ef8b,1754978152.3312783,opportunistic_vs_aggressive,team2,9,10,19,0.7554724216461182,"[['North', 'opportunistic', 0.7], ['South', 'opportunistic', 0.7]]","[['East', 'aggressive', 0.8], ['West', 'aggressive', 0.8]]",2025-08-12 05:55:52.331278324,2025-08-12,5
261b2423-64b5-4653-a41e-577515736c0f,1754978142.598729,aggressive_vs_conservative,team2,9,10,19,4.299781322479248,"[['North', 'aggressive', 0.8], ['South', 'aggressive', 0.8]]","[['East', 'conservative', 0.2], ['West', 'conservative', 0.2]]",2025-08-12 05:55:42.598728895,2025-08-12,5
6df0f5d6-4cec-40d6-b250-81fcfbfcbc24,1754978152.6821356,opportunistic_vs_aggressive,team2,7,10,17,1.1063001155853271,"[['North', 'opportunistic', 0.7], ['South', 'opportunistic', 0.7]]","[['East', 'aggressive', 0.8], ['West', 'aggressive', 0.8]]",2025-08-12 05:55:52.682135582,2025-08-12,5
67e3484e-ff60-474c-bec6-06f01f54289e,1754980210.9945536,opportunistic_vs_aggressive,team1,10,8,18,6.458727598190308,"[['North', 'opportunistic', 0.7], ['South', 'opportunistic', 0.7]]","[['East', 'aggressive', 0.8], ['West', 'aggressive', 0.8]]",2025-08-12 06:30:10.994553566,2025-08-12,6
14efbe23-2c40-4f91-8ee8-e412ca83fca3,1754980217.8015993,mixed_vs_mixed,team2,9,10,19,6.498193025588989,"[['North', 'aggressive', 0.8], ['South', 'conservative', 0.2]]","[['East', 'balanced', 0.5], ['West', 'opportunistic', 0.7]]",2025-08-12 06:30:17.801599264,2025-08-12,6
7eca795c-3538-4cd9-9254-077e56a80f8c,1754980193.2427332,aggressive_vs_balanced,team2,3,10,13,4.173641920089722,"[['North', 'aggressive', 0.8], ['South', 'aggressive', 0.8]]","[['East', 'balanced', 0.5], ['West', 'balanced', 0.5]]",2025-08-12 06:29:53.242733240,2025-08-12,6
ff2cda50-cfd8-42c5-8683-9fbc809140b6,1754980196.6178222,conservative_vs_balanced,team1,10,7,17,1.606308937072754,"[['North', 'conservative', 0.2], ['South', 'conservative', 0.2]]","[['East', 'balanced', 0.5], ['West', 'balanced', 0.5]]",2025-08-12 06:29:56.617822170,2025-08-12,6
98572dd2-ad6a-4ac7-bf3f-a947f64a5ccc,1754980202.216538,conservative_vs_balanced,team1,10,6,16,7.204919338226318,"[['North', 'conservative', 0.2], ['South', 'conservative', 0.2]]","[['East', 'balanced', 0.5], ['West', 'balanced', 0.5]]",2025-08-12 06:30:02.216537952,2025-08-12,6
7c0f1c82-6837-4137-a0f3-72c6b1075445,1754978157.3243954,mixed_vs_mixed,team1,10,9,19,2.5247626304626465,"[['North', 'aggressive', 0.8], ['South', 'conservative', 0.2]]","[['East', 'balanced', 0.5], ['West', 'opportunistic', 0.7]]",2025-08-12 05:55:57.324395418,2025-08-12,5
52d46c2e-85e0-4a16-8ed3-06b3ed056c4d,1754978158.2291412,mixed_vs_mixed,team2,8,10,18,3.429469585418701,"[['North', 'aggressive', 0.8], ['South', 'conservative', 0.2]]","[['East', 'balanced', 0.5], ['West', 'opportunistic', 0.7]]",2025-08-12 05:55:58.229141235,2025-08-12,5
9ee38e4a-a2b9-4966-ae6d-c0f73ae5e398,1754980298.3440833,mixed_vs_mixed,team1,10,4,14,1.108745813369751,"[['North', 'aggressive', 0.8], ['South', 'conservative', 0.2]]","[['East', 'balanced', 0.5], ['West', 'opportunistic', 0.7]]",2025-08-12 06:31:38.344083309,2025-08-12,6
9163c699-624c-4da2-9561-cc4809690df9,1754980284.2679117,aggressive_vs_conservative,team2,8,10,18,1.506091833114624,"[['North', 'aggressive', 0.8], ['South', 'aggressive', 0.8]]","[['East', 'conservative', 0.2], ['West', 'conservative', 0.2]]",2025-08-12 06:31:24.267911673,2025-08-12,6
f2047be9-d980-4cd6-b9af-6b9171c1a348,1754980184.106555,aggressive_vs_conservative,team2,3,10,13,2.157702684402466,"[['North', 'aggressive', 0.8], ['South', 'aggressive', 0.8]]","[['East', 'conservative', 0.2], ['West', 'conservative', 0.2]]",2025-08-12 06:29:44.106554985,2025-08-12,6
43a1ee3e-c71e-4b66-94b6-88bd93a23660,1754980183.0093713,aggressive_vs_conservative,team2,2,10,12,1.0605263710021973,"[['North', 'aggressive', 0.8], ['South', 'aggressive', 0.8]]","[['East', 'conservative', 0.2], ['West', 'conservative', 0.2]]",2025-08-12 06:29:43.009371281,2025-08-12,6
1335bfed-12c3-4380-90f9-8e038d8f3af7,1754978154.6876183,opportunistic_vs_aggressive,team2,7,10,17,3.1116750240325928,"[['North', 'opportunistic', 0.7], ['South', 'opportunistic', 0.7]]","[['East', 'aggressive', 0.8], ['West', 'aggressive', 0.8]]",2025-08-12 05:55:54.687618256,2025-08-12,5
e29a6577-77cb-4ee7-ab7f-ce79f975de71,1754980192.658941,aggressive_vs_balanced,team2,6,10,16,3.5898749828338623,"[['North', 'aggressive', 0.8], ['South', 'aggressive', 0.8]]","[['East', 'balanced', 0.5], ['West', 'balanced', 0.5]]",2025-08-12 06:29:52.658941031,2025-08-12,6
5dfdb1ae-9edb-45f6-888a-9ab2350a63fe,1754980194.5935037,aggressive_vs_balanced,team2,9,10,19,5.524350881576538,"[['North', 'aggressive', 0.8], ['South', 'aggressive', 0.8]]","[['East', 'balanced', 0.5], ['West', 'balanced', 0.5]]",2025-08-12 06:29:54.593503714,2025-08-12,6
5725723d-49dc-4f13-ac8b-c31a8ef074d5,1754980297.156259,opportunistic_vs_aggressive,team1,10,9,19,3.0069222450256348,"[['North', 'opportunistic', 0.7], ['South', 'opportunistic', 0.7]]","[['East', 'aggressive', 0.8], ['West', 'aggressive', 0.8]]",2025-08-12 06:31:37.156259060,2025-08-12,6
2b437b9e-3898-4b5f-8cae-155754746603,1754978141.8502848,aggressive_vs_conservative,team1,10,2,12,3.5513579845428467,"[['North', 'aggressive', 0.8], ['South', 'aggressive', 0.8]]","[['East', 'conservative', 0.2], ['West', 'conservative', 0.2]]",2025-08-12 05:55:41.850284815,2025-08-12,5
465d9cc5-8156-4fc1-a7e7-f937ae8c3ef7,1754978145.405503,aggressive_vs_balanced,team1,10,7,17,2.7210748195648193,"[['North', 'aggressive', 0.8], ['South', 'aggressive', 0.8]]","[['East', 'balanced', 0.5], ['West', 'balanced', 0.5]]",2025-08-12 05:55:45.405503035,2025-08-12,5
033d40ef-0fad-413a-8a9b-0e419bbf199b,1754980291.1296546,conservative_vs_balanced,team2,6,10,16,1.3287458419799805,"[['North', 'conservative', 0.2], ['South', 'conservative', 0.2]]","[['East', 'balanced', 0.5], ['West', 'balanced', 0.5]]",2025-08-12 06:31:31.129654646,2025-08-12,6
d179177b-de65-4e8d-9bb1-c90037e48f2d,1754980209.818809,opportunistic_vs_aggressive,team2,9,10,19,5.2830235958099365,"[['North', 'opportunistic', 0.7], ['South', 'opportunistic', 0.7]]","[['East', 'aggressive', 0.8], ['West', 'aggressive', 0.8]]",2025-08-12 06:30:09.818809032,2025-08-12,6
fd21769e-3b5d-4a3c-9a75-0781421fcba4,1754978149.7457683,conservative_vs_balanced,team2,6,10,16,3.2135231494903564,"[['North', 'conservative', 0.2], ['South', 'conservative', 0.2]]","[['East', 'balanced', 0.5], ['West', 'balanced', 0.5]]",2025-08-12 05:55:49.745768309,2025-08-12,5
9ce6b48d-288a-4a81-876a-447b82d858d3,1754978142.0353127,aggressive_vs_conservative,team2,7,10,17,3.736389636993408,"[['North', 'aggressive', 0.8], ['South', 'aggressive', 0.8]]","[['East', 'conservative', 0.2], ['West', 'conservative', 0.2]]",2025-08-12 05:55:42.035312653,2025-08-12,5
21fcdf2e-502d-4d5f-a220-f8bdc4e8008c,1754980216.8487217,mixed_vs_mixed,team2,2,10,12,5.545344114303589,"[['North', 'aggressive', 0.8], ['South', 'conservative', 0.2]]","[['East', 'balanced', 0.5], ['West', 'opportunistic', 0.7]]",2025-08-12 06:30:16.848721743,2025-08-12,6
7231eb51-dfc1-410b-9695-768cb39072a9,1754980210.183388,opportunistic_vs_aggressive,team2,8,10,18,5.647590160369873,"[['North', 'opportunistic', 0.7], ['South', 'opportunistic', 0.7]]","[['East', 'aggressive', 0.8], ['West', 'aggressive', 0.8]]",2025-08-12 06:30:10.183387995,2025-08-12,6
fd327cdb-6bca-4e4a-b074-71edb34a6e0f,1754978148.3007743,conservative_vs_balanced,team1,10,7,17,1.7685911655426025,"[['North', 'conservative', 0.2], ['South', 'conservative', 0.2]]","[['East', 'balanced', 0.5], ['West', 'balanced', 0.5]]",2025-08-12 05:55:48.300774336,2025-08-12,5
d760bec3-9a86-474b-93b6-cf27bff9e113,1754980199.6432676,conservative_vs_balanced,team1,10,5,15,4.631697654724121,"[['North', 'conservative', 0.2], ['South', 'conservative', 0.2]]","[['East', 'balanced', 0.5], ['West', 'balanced', 0.5]]",2025-08-12 06:29:59.643267632,2025-08-12,6
338d08e6-1f02-40e5-adfc-3ca7b8d4dcb1,1754978156.5182357,mixed_vs_mixed,team1,10,3,13,1.718623161315918,"[['North', 'aggressive', 0.8], ['South', 'conservative', 0.2]]","[['East', 'balanced', 0.5], ['West', 'opportunistic', 0.7]]",2025-08-12 05:55:56.518235683,2025-08-12,5
69827be2-8f51-46da-8c07-e1092cf3b322,1754980212.2859116,mixed_vs_mixed,team2,3,10,13,0.9827687740325928,"[['North', 'aggressive', 0.8], ['South', 'conservative', 0.2]]","[['East', 'balanced', 0.5], ['West', 'opportunistic', 0.7]]",2025-08-12 06:30:12.285911560,2025-08-12,6
7de98b07-d406-4eee-8113-f8807ffec23e,1754980213.3433294,mixed_vs_mixed,team1,10,6,16,2.0401597023010254,"[['North', 'aggressive', 0.8], ['South', 'conservative', 0.2]]","[['East', 'balanced', 0.5], ['West', 'opportunistic', 0.7]]",2025-08-12 06:30:13.343329430,2025-08-12,6
78bd0987-028c-4a9b-9e0d-a10f8aaa43bd,1754980191.9250908,aggressive_vs_balanced,team2,7,10,17,2.8560428619384766,"[['North', 'aggressive', 0.8], ['South', 'aggressive', 0.8]]","[['East', 'balanced', 0.5], ['West', 'balanced', 0.5]]",2025-08-12 06:29:51.925090790,2025-08-12,6
5f1dbe4c-7b66-4323-b20d-e44598c3db66,1754978157.274812,mixed_vs_mixed,team2,5,10,15,2.475170373916626,"[['North', 'aggressive', 0.8], ['South', 'conservative', 0.2]]","[['East', 'balanced', 0.5], ['West', 'opportunistic', 0.7]]",2025-08-12 05:55:57.274811983,2025-08-12,5
885826c9-aafe-47a8-a772-667c66d42ab7,1754980205.8239982,opportunistic_vs_aggressive,team1,10,6,16,1.2883033752441406,"[['North', 'opportunistic', 0.7], ['South', 'opportunistic', 0.7]]","[['East', 'aggressive', 0.8], ['West', 'aggressive', 0.8]]",2025-08-12 06:30:05.823998213,2025-08-12,6
35aa02cf-85a0-43f3-ae57-580294cf06d7,1754978144.4693193,aggressive_vs_balanced,team1,10,7,17,1.7849335670471191,"[['North', 'aggressive', 0.8], ['South', 'aggressive', 0.8]]","[['East', 'balanced', 0.5], ['West', 'balanced', 0.5]]",2025-08-12 05:55:44.469319344,2025-08-12,5
afdcc012-9b0b-47ec-99fb-43cc9815233a,1754978153.7420454,opportunistic_vs_aggressive,team1,10,9,19,2.166154146194458,"[['North', 'opportunistic', 0.7], ['South', 'opportunistic', 0.7]]","[['East', 'aggressive', 0.8], ['West', 'aggressive', 0.8]]",2025-08-12 05:55:53.742045403,2025-08-12,5
02ab7879-e5ba-442d-ace0-8e19514a2779,1754980187.712508,aggressive_vs_conservative,team2,6,10,16,5.763564586639404,"[['North', 'aggressive', 0.8], ['South', 'aggressive', 0.8]]","[['East', 'conservative', 0.2], ['West', 'conservative', 0.2]]",2025-08-12 06:29:47.712507963,2025-08-12,6
6cdfce01-ec98-4ede-89ec-1fbda196da8d,1754980295.0178795,opportunistic_vs_aggressive,team1,10,3,13,0.8686139583587646,"[['North', 'opportunistic', 0.7], ['South', 'opportunistic', 0.7]]","[['East', 'aggressive', 0.8], ['West', 'aggressive', 0.8]]",2025-08-12 06:31:35.017879486,2025-08-12,6
cb217c98-f546-49ce-80b4-4762971cb41f,1754980193.0703597,aggressive_vs_balanced,team1,10,6,16,4.001277208328247,"[['North', 'aggressive', 0.8], ['South', 'aggressive', 0.8]]","[['East', 'balanced', 0.5], ['West', 'balanced', 0.5]]",2025-08-12 06:29:53.070359707,2025-08-12,6
366120bc-e5c4-426a-9764-b61242d2de05,1754980185.5077724,aggressive_vs_conservative,team2,3,10,13,3.558885097503662,"[['North', 'aggressive', 0.8], ['South', 'aggressive', 0.8]]","[['East', 'conservative', 0.2], ['West', 'conservative', 0.2]]",2025-08-12 06:29:45.507772446,2025-08-12,6
c6ce1e96-bcc2-4bde-a35d-8a8a9cd3df65,1754980296.7591693,opportunistic_vs_aggressive,team2,8,10,18,2.609851598739624,"[['North', 'opportunistic', 0.7], ['South', 'opportunistic', 0.7]]","[['East', 'aggressive', 0.8], ['West', 'aggressive', 0.8]]",2025-08-12 06:31:36.759169340,2025-08-12,6
3a41b9a6-55b3-451b-aaa0-b67e725cb1c6,1754978148.3543108,conservative_vs_balanced,team2,9,10,19,1.8221228122711182,"[['North', 'conservative', 0.2], ['South', 'conservative', 0.2]]","[['East', 'balanced', 0.5], ['West', 'balanced', 0.5]]",2025-08-12 05:55:48.354310751,2025-08-12,5
7008cc97-a73d-4939-91c6-94623d3fca07,1754978144.3336642,aggressive_vs_balanced,team2,6,10,16,1.6492798328399658,"[['North', 'aggressive', 0.8], ['South', 'aggressive', 0.8]]","[['East', 'balanced', 0.5], ['West', 'balanced', 0.5]]",2025-08-12 05:55:44.333664179,2025-08-12,5
6a7f931c-11e8-4bea-bdf2-3e29f0a0db9d,1754980189.8439078,aggressive_vs_balanced,team1,10,2,12,0.7749176025390625,"[['North', 'aggressive', 0.8], ['South', 'aggressive', 0.8]]","[['East', 'balanced', 0.5], ['West', 'balanced', 0.5]]",2025-08-12 06:29:49.843907833,2025-08-12,6
c87a6d10-d8d0-424f-bcbb-e21ce0f3f60c,1754980295.710069,opportunistic_vs_aggressive,team2,3,10,13,1.5607821941375732,"[['North', 'opportunistic', 0.7], ['South', 'opportunistic', 0.7]]","[['East', 'aggressive', 0.8], ['West', 'aggressive', 0.8]]",2025-08-12 06:31:35.710068941,2025-08-12,6
9034c95f-0d2c-43da-9171-a73a35a6cb4f,1754980285.3989544,aggressive_vs_conservative,team2,5,10,15,2.637094020843506,"[['North', 'aggressive', 0.8], ['South', 'aggressive', 0.8]]","[['East', 'conservative', 0.2], ['West', 'conservative', 0.2]]",2025-08-12 06:31:25.398954391,2025-08-12,6
736d3ce4-f298-4be6-befb-3b507553e418,1754980217.5859737,mixed_vs_mixed,team2,5,10,15,6.282571077346802,"[['North', 'aggressive', 0.8], ['South', 'conservative', 0.2]]","[['East', 'balanced', 0.5], ['West', 'opportunistic', 0.7]]",2025-08-12 06:30:17.585973740,2025-08-12,6
06c832e8-1c0c-43a8-a66b-a86b329433f3,1754980285.2741609,aggressive_vs_conservative,team1,10,9,19,2.512317419052124,"[['North', 'aggressive', 0.8], ['South', 'aggressive', 0.8]]","[['East', 'conservative', 0.2], ['West', 'conservative', 0.2]]",2025-08-12 06:31:25.274160862,2025-08-12,6
ae4b6522-9147-43a6-bb08-5077b8d584a5,1754978142.0284958,aggressive_vs_conservative,team2,7,10,17,3.7295687198638916,"[['North', 'aggressive', 0.8], ['South', 'aggressive', 0.8]]","[['East', 'conservative', 0.2], ['West', 'conservative', 0.2]]",2025-08-12 05:55:42.028495789,2025-08-12,5
c1173897-b44e-4f6c-bc7d-cedb46d5a5c9,1754978138.9826283,aggressive_vs_conservative,team1,10,1,11,0.6838099956512451,"[['North', 'aggressive', 0.8], ['South', 'aggressive', 0.8]]","[['East', 'conservative', 0.2], ['West', 'conservative', 0.2]]",2025-08-12 05:55:38.982628345,2025-08-12,5
