game_id,config,winner,team1_score,team2_score,total_rounds,game_duration
21cd6ff4-b15e-4416-b680-c54e36504e06,aggressive_vs_balanced,team2,4,10,14,0.9218811988830566
a706bde4-ba9c-4522-bd2e-afb395eaf689,opportunistic_vs_aggressive,team2,6,10,16,4.296562910079956
039b9216-71ba-462b-a3bd-93b391052c9d,aggressive_vs_conservative,team2,3,10,13,3.142909526824951
a475e3bd-edd3-4e73-b4f3-dae700fc442d,aggressive_vs_balanced,team2,6,10,16,1.9757328033447266
31b2fe56-403b-4b98-ac2a-68c469ee6a26,opportunistic_vs_aggressive,team2,6,10,16,0.6551487445831299
44a79545-bdfa-48fe-8ffc-eb37ddf65475,mixed_vs_mixed,team1,10,7,17,3.5587823390960693
a8239927-9f6a-4653-ac2c-a06a4777f2a7,conservative_vs_balanced,team2,8,10,18,1.026520013809204
<<<<<<< HEAD
4d7f903b-a919-42f7-9f54-1a5bdc5ac330,conservative_vs_balanced,team2,3,10,13,2.670307159423828
=======
>>>>>>> notebook-branch
3919def1-34e3-4ecf-aaa2-1e83863717c4,mixed_vs_mixed,team2,9,10,19,3.5950400829315186
80d03875-1113-41b5-9ee5-77ea76d8bbed,opportunistic_vs_aggressive,team2,8,10,18,2.144775629043579
dcbf5e2a-99a7-46c9-9cf9-d49f3c2de424,conservative_vs_balanced,team2,9,10,19,4.949908494949341
5c9d0fa1-038b-462b-87cd-ee493b1e7fb4,mixed_vs_mixed,team2,4,10,14,3.250567674636841
36f48371-bc01-4fcb-bf23-961c0c417a71,opportunistic_vs_aggressive,team2,5,10,15,0.6429347991943359
399967ec-8c3b-43b4-a04d-0b2b1ed99884,mixed_vs_mixed,team1,10,8,18,1.8412823677062988
de9e033b-865e-4581-8cd4-e0ecdb5624fb,opportunistic_vs_aggressive,team1,10,9,19,1.4515235424041748
<<<<<<< HEAD
72ee9954-f2a7-44d5-98ca-a88af958240a,mixed_vs_mixed,team1,10,6,16,3.2275991439819336
=======
>>>>>>> notebook-branch
4bd7df4c-4b1e-4978-8439-5e62638023de,mixed_vs_mixed,team2,8,10,18,4.590725898742676
e31267fb-3a92-46ca-8749-9466e74f0735,aggressive_vs_balanced,team2,2,10,12,1.092390537261963
74c27cb8-4ee3-438b-b512-a471d1f70115,mixed_vs_mixed,team2,6,10,16,1.7580561637878418
313d5ce9-9584-40d0-9b01-58f9ee8fdef2,opportunistic_vs_aggressive,team1,10,5,15,5.467605829238892
fce7fc45-b105-4ad9-836e-3880c187d059,aggressive_vs_conservative,team1,10,9,19,2.372019052505493
be68af28-5101-422d-94cd-56243b2f01cd,conservative_vs_balanced,team2,9,10,19,4.371063470840454
55f95918-ab7d-47bd-a96f-9d7b5753144e,aggressive_vs_conservative,team2,8,10,18,1.3271996974945068
48e27840-ac8a-4024-8508-854b2a8f554c,conservative_vs_balanced,team1,10,5,15,2.482266664505005
2328e521-2f69-4ec4-9a8c-b52057adf838,aggressive_vs_conservative,team1,10,9,19,2.9652373790740967
<<<<<<< HEAD
173032db-eff5-4e93-af64-f590d649de26,opportunistic_vs_aggressive,team1,10,9,19,2.001720666885376
=======
>>>>>>> notebook-branch
caefb8b3-81c4-4abf-b183-42ccc39fe9c4,aggressive_vs_conservative,team2,4,10,14,1.1687400341033936
40befa7c-3650-4963-bae3-1c49735077fb,opportunistic_vs_aggressive,team2,3,10,13,4.222403049468994
897cf10b-a169-430f-8052-03348b36e5bc,opportunistic_vs_aggressive,team2,8,10,18,6.702996253967285
2a586e21-f522-477c-9209-acab02ab95c5,aggressive_vs_balanced,team1,10,6,16,3.7514259815216064
035b0728-d3be-4264-a9a9-937973b5d0cf,aggressive_vs_conservative,team2,4,10,14,0.8374443054199219
b65e19f7-ff3c-4cfe-b70c-2d4c7593f73b,aggressive_vs_balanced,team2,6,10,16,2.5047454833984375
87434f47-3721-4eb8-993a-e2efd098b58e,aggressive_vs_balanced,team2,7,10,17,4.6401283740997314
d42b83c1-c9df-45ad-b8df-ecc69a20c09c,conservative_vs_balanced,team1,10,8,18,2.5201945304870605
811c38c5-e893-4223-8d41-64371ccd1947,aggressive_vs_conservative,team1,10,6,16,1.3031342029571533
02956fed-5d7a-40ee-aaf0-49341574adf3,aggressive_vs_balanced,team2,7,10,17,1.3330435752868652
a4f8152b-37c6-4ab1-8353-7aa7cae396a0,opportunistic_vs_aggressive,team1,10,8,18,4.5566370487213135
7fc35ece-1e1d-4b6b-96f3-6394027a34b1,conservative_vs_balanced,team1,10,5,15,4.347265005111694
542cb720-88d5-40b0-a961-b6e0553fbf70,opportunistic_vs_aggressive,team2,5,10,15,1.481489658355713
<<<<<<< HEAD
f15ad841-327c-43c8-a718-5a35ecadceb3,aggressive_vs_balanced,team2,5,10,15,1.974656343460083
8e1f3567-a57b-406f-8868-8c22f7acc4f9,aggressive_vs_balanced,team1,10,6,16,2.5798916816711426
7730b8f9-19d0-49d1-9602-e343f4ff5146,aggressive_vs_balanced,team1,10,9,19,2.7798540592193604
23e1c627-fa19-4508-ab14-52be2ae809e5,mixed_vs_mixed,team1,10,8,18,1.241853952407837
cd355ed6-d0f0-434e-b1f9-03b05bbbc057,aggressive_vs_balanced,team2,9,10,19,1.2924408912658691
1d2cd8b2-150a-422d-9520-628f59eb294d,conservative_vs_balanced,team2,9,10,19,1.798206090927124
433fccc7-9001-481e-9c71-a717e98aacac,aggressive_vs_conservative,team2,7,10,17,3.5725812911987305
f094db84-2a8e-4b7a-a1e3-ae566a80411c,conservative_vs_balanced,team2,7,10,17,2.527336835861206
8c9307a5-5983-4442-b3c5-0a8be9b2bbc9,conservative_vs_balanced,team2,8,10,18,4.901909828186035
c7c5d5a5-4453-48a4-8132-cd0061cb40ae,opportunistic_vs_aggressive,team1,10,6,16,2.602328062057495
=======
8e1f3567-a57b-406f-8868-8c22f7acc4f9,aggressive_vs_balanced,team1,10,6,16,2.5798916816711426
23e1c627-fa19-4508-ab14-52be2ae809e5,mixed_vs_mixed,team1,10,8,18,1.241853952407837
1d2cd8b2-150a-422d-9520-628f59eb294d,conservative_vs_balanced,team2,9,10,19,1.798206090927124
f094db84-2a8e-4b7a-a1e3-ae566a80411c,conservative_vs_balanced,team2,7,10,17,2.527336835861206
8c9307a5-5983-4442-b3c5-0a8be9b2bbc9,conservative_vs_balanced,team2,8,10,18,4.901909828186035
>>>>>>> notebook-branch
af8f0672-6a37-487e-9737-02ddac504fdf,aggressive_vs_balanced,team1,10,6,16,3.796039581298828
e250dc50-e345-42b9-9695-36d75fe640d7,aggressive_vs_balanced,team2,7,10,17,2.7719078063964844
0eaa6867-a267-4677-951b-c8109fb18dcb,conservative_vs_balanced,team2,4,10,14,4.760305881500244
49250735-2935-41cc-8d03-e16ca2d90679,mixed_vs_mixed,team2,5,10,15,1.1706595420837402
<<<<<<< HEAD
c3a8b479-a642-4fb2-acd2-f4018ef4aac1,opportunistic_vs_aggressive,team1,10,6,16,0.995042085647583
5d0174d7-f5e6-4db2-ad16-4a9f808d5663,mixed_vs_mixed,team2,4,10,14,6.063287258148193
ad495009-b518-4c95-91bc-f9175618974a,aggressive_vs_balanced,team1,10,7,17,1.8999860286712646
a77f1f5e-fea8-4fee-9f35-54b562eded8b,aggressive_vs_balanced,team1,10,8,18,5.56350564956665
c817485a-b86a-43c4-acb4-7e708425f987,mixed_vs_mixed,team2,6,10,16,2.379145622253418
=======
5d0174d7-f5e6-4db2-ad16-4a9f808d5663,mixed_vs_mixed,team2,4,10,14,6.063287258148193
ad495009-b518-4c95-91bc-f9175618974a,aggressive_vs_balanced,team1,10,7,17,1.8999860286712646
a77f1f5e-fea8-4fee-9f35-54b562eded8b,aggressive_vs_balanced,team1,10,8,18,5.56350564956665
>>>>>>> notebook-branch
e81fcb17-80c8-499d-ba7a-e20ae2133879,opportunistic_vs_aggressive,team2,3,10,13,4.765203952789307
3273e448-4214-41c4-9fea-f09722eeadca,aggressive_vs_balanced,team1,10,6,16,3.8255088329315186
99c38fcd-6aa0-4783-9531-59c2c454e36f,aggressive_vs_balanced,team2,6,10,16,1.8640739917755127
6ec387a9-a750-4e06-86a6-a975fc38edb9,conservative_vs_balanced,team1,10,8,18,1.8245048522949219
<<<<<<< HEAD
844e4a85-b4f0-4e35-a312-16f4795afec9,aggressive_vs_balanced,team2,9,10,19,2.2826988697052
=======
>>>>>>> notebook-branch
9382dd7e-deec-4c23-99c8-bd0f86cc3802,aggressive_vs_conservative,team1,10,6,16,2.6629433631896973
be280467-82f4-4bc7-bca7-6f1da6fb1177,conservative_vs_balanced,team2,9,10,19,4.245877265930176
45b1adc0-c045-4aab-a3a1-cc64ec89a241,aggressive_vs_balanced,team2,4,10,14,2.765824794769287
6ee84fc1-40f3-4412-8e8d-8cc2c6639551,aggressive_vs_conservative,team1,10,5,15,3.671112537384033
f9e7d8fc-99da-4d03-8f3d-5d51c87e4179,conservative_vs_balanced,team1,10,8,18,1.0590224266052246
012f2285-038a-48e9-9baa-6369248bd663,aggressive_vs_conservative,team1,10,9,19,5.806706190109253
2f76db91-1c14-4f62-8f96-ea359253ea3d,opportunistic_vs_aggressive,team2,7,10,17,5.413006782531738
<<<<<<< HEAD
5bd72fd1-75aa-4e72-9184-ccc7f15b1a4c,aggressive_vs_balanced,team2,9,10,19,1.2986798286437988
f45d705f-c87b-4399-bd8d-414ad73dba61,conservative_vs_balanced,team1,10,9,19,3.500910997390747
c0fce5c7-4ba4-4163-9857-a0d93893ee6e,mixed_vs_mixed,team2,4,10,14,1.1004819869995117
=======
f45d705f-c87b-4399-bd8d-414ad73dba61,conservative_vs_balanced,team1,10,9,19,3.500910997390747
>>>>>>> notebook-branch
e8adcba0-1bbd-4354-a4a4-5cff27a1ff63,mixed_vs_mixed,team2,4,10,14,1.9124014377593994
a177caa9-558c-4ee7-ad74-3218e663ca32,aggressive_vs_conservative,team2,7,10,17,4.2397239208221436
692a4069-ec5b-4b7a-be7c-427b011de13f,aggressive_vs_conservative,team2,7,10,17,0.8611307144165039
67a6153c-fc81-4098-93d7-e24dec96fe9a,conservative_vs_balanced,team2,9,10,19,7.7744176387786865
336f75bb-7a0f-4d41-9240-949de369b170,aggressive_vs_balanced,team1,10,8,18,5.532309532165527
55bf8709-5f74-4df7-a061-33ef073a0abc,aggressive_vs_balanced,team2,9,10,19,1.7874133586883545
<<<<<<< HEAD
6f7f2d56-041e-47af-bb92-47cd59f10fc1,conservative_vs_balanced,team1,10,6,16,3.7580161094665527
=======
>>>>>>> notebook-branch
385b7baf-c7dd-4886-9517-1f758c7d618b,aggressive_vs_conservative,team1,10,7,17,2.4584057331085205
e9e25ce9-a39c-488f-8e4e-1b0f540b3fc7,aggressive_vs_conservative,team2,6,10,16,3.70573353767395
3025701a-0cb8-4458-bcf7-56244b37ea22,aggressive_vs_balanced,team2,2,10,12,0.5582692623138428
fb697358-206c-4b42-b8fd-55e6ea2ca821,aggressive_vs_conservative,team2,9,10,19,1.5723183155059814
56aecb38-7831-427a-9acc-9e2bff165475,conservative_vs_balanced,team1,10,9,19,1.968174934387207
<<<<<<< HEAD
dbd00497-0a92-4454-a62c-6f7b2c5d2bdd,conservative_vs_balanced,team2,4,10,14,3.4284021854400635
eaa2cd7b-c47d-4fc0-b8ad-11bc00470710,opportunistic_vs_aggressive,team2,7,10,17,1.851776123046875
6e7ffa17-fcf0-4b97-afdd-85e0e95902ab,aggressive_vs_conservative,team2,4,10,14,2.174870252609253
09d2640b-d278-40eb-92b3-bc32884823c5,aggressive_vs_balanced,team1,10,6,16,2.9884212017059326
384bee3f-1231-410e-854b-3743f1805cff,opportunistic_vs_aggressive,team2,8,10,18,0.7005386352539062
96316a96-f06b-4a04-9480-afdb6b88aef8,mixed_vs_mixed,team2,7,10,17,2.400902032852173
=======
6e7ffa17-fcf0-4b97-afdd-85e0e95902ab,aggressive_vs_conservative,team2,4,10,14,2.174870252609253
09d2640b-d278-40eb-92b3-bc32884823c5,aggressive_vs_balanced,team1,10,6,16,2.9884212017059326
384bee3f-1231-410e-854b-3743f1805cff,opportunistic_vs_aggressive,team2,8,10,18,0.7005386352539062
>>>>>>> notebook-branch
8dceecba-b5f5-4224-89a5-f75bf5ca1adf,mixed_vs_mixed,team1,10,4,14,3.8896777629852295
834c85ab-3498-4320-8e19-35a2aa4583ad,aggressive_vs_balanced,team1,10,5,15,1.0967345237731934
1212e632-6ef2-4986-bb08-4d3335ef1f54,opportunistic_vs_aggressive,team1,10,3,13,5.085724353790283
c9240a70-7db0-40d9-8b8a-aa53440aa14e,mixed_vs_mixed,team2,9,10,19,2.6358907222747803
<<<<<<< HEAD
976a34c7-f3b6-4767-b140-6bf9c1966363,aggressive_vs_balanced,team1,10,8,18,2.811764717102051
4dd5f808-28b0-4b6b-8371-fe092098eb59,aggressive_vs_balanced,team1,10,9,19,2.3573014736175537
=======
>>>>>>> notebook-branch
fb3a9a77-96d8-48b8-a645-7383a28df9cf,conservative_vs_balanced,team2,7,10,17,3.251523733139038
cbadeadc-0f55-43ae-835d-2f4886e4e45b,aggressive_vs_conservative,team2,4,10,14,1.9007084369659424
1fc5c85e-7eea-4886-91a0-d7e26c91b28d,conservative_vs_balanced,team2,9,10,19,4.780721187591553
eeb869e9-dc48-4aaf-b45a-e8ed26ed05cc,conservative_vs_balanced,team2,2,10,12,1.3385677337646484
add96852-e84d-487c-b816-3ea5102116da,mixed_vs_mixed,team2,7,10,17,1.2627670764923096
1e55e9c4-3dc7-4242-bf28-bff721679f43,mixed_vs_mixed,team2,8,10,18,1.394059658050537
74531eea-203a-416d-a722-74fceedbba78,conservative_vs_balanced,team2,8,10,18,7.691210508346558
ef20716a-b5ae-4970-a3ed-b3cc5f7003e0,mixed_vs_mixed,team1,10,9,19,3.2813947200775146
<<<<<<< HEAD
fca0cc36-26a5-442d-aa6c-2ccd5994af5e,mixed_vs_mixed,team1,10,7,17,1.3450171947479248
=======
>>>>>>> notebook-branch
d837eaf5-aa1e-4e67-97e1-d7c3d3363235,aggressive_vs_conservative,team2,1,10,11,3.347490072250366
fc4c8e5f-6a70-49f9-b35a-c2fcc6927753,aggressive_vs_balanced,team1,10,7,17,2.870872974395752
ca446c0e-bb65-4315-8e5a-5a8d5bde0d10,mixed_vs_mixed,team2,9,10,19,4.578354835510254
255aac44-015a-4e31-819d-780ebba3dff0,aggressive_vs_balanced,team2,9,10,19,4.513607025146484
232f3722-b872-4fcc-b219-0c27b03fc0a0,opportunistic_vs_aggressive,team2,5,10,15,1.5238418579101562
<<<<<<< HEAD
358d6d28-9aea-4707-8869-8d6ef00963a1,conservative_vs_balanced,team2,3,10,13,2.507221221923828
=======
>>>>>>> notebook-branch
04a353cb-6441-46e5-838f-a7e6dcc1c917,mixed_vs_mixed,team1,10,3,13,3.7012743949890137
d9320db9-7ba0-4d48-abec-defeb73d0957,opportunistic_vs_aggressive,team2,5,10,15,2.1193132400512695
8f3f6b51-60e6-4e90-9bfa-46236aa6d882,mixed_vs_mixed,team1,10,5,15,1.1250345706939697
0ec78cf9-02cf-4a78-965e-3a168cf878b3,aggressive_vs_conservative,team2,4,10,14,3.388300657272339
65afb9e3-cc65-4135-8941-b15b6b8e7dfc,aggressive_vs_conservative,team1,10,6,16,1.4554522037506104
5c86b4c5-36fb-48b1-b8a5-5170941f0b6e,mixed_vs_mixed,team1,10,7,17,1.28312087059021
2d695506-b109-4fa8-9743-fff4b1613f62,mixed_vs_mixed,team1,10,7,17,2.1844193935394287
84bf1a05-bd4d-434f-97cd-14c15494f5e5,mixed_vs_mixed,team2,6,10,16,1.914651870727539
<<<<<<< HEAD
5812bcd0-3577-4cdf-842c-9dc75cbab30e,aggressive_vs_conservative,team1,10,6,16,3.8407211303710938
f2ebe9ae-5a0f-46c6-a6ca-6e3f62b117fb,conservative_vs_balanced,team2,9,10,19,3.81673264503479
=======
>>>>>>> notebook-branch
33dfaf91-829c-4223-b0ef-03d039cf532e,mixed_vs_mixed,team2,3,10,13,1.0972301959991455
0203f1c9-ba73-4caf-a1b6-1584e32b17ae,mixed_vs_mixed,team1,10,9,19,3.9004790782928467
e3881b35-6096-4551-bb62-fcb7a23fcb73,opportunistic_vs_aggressive,team2,8,10,18,1.3377268314361572
0ba77b04-b426-4c30-8245-002542c09187,aggressive_vs_conservative,team2,7,10,17,2.2346413135528564
cdbcdfb3-214c-443b-9d3b-56aace79cd49,mixed_vs_mixed,team2,9,10,19,3.026137590408325
<<<<<<< HEAD
0f4d8152-d6f8-4ea0-9d22-4a4e22f19896,aggressive_vs_balanced,team1,10,8,18,2.915654420852661
7c38f43b-5bac-45f1-8826-33649269e9a0,mixed_vs_mixed,team1,10,1,11,3.0330328941345215
9afa99d1-9c4c-449c-8157-cca9d6007cdc,mixed_vs_mixed,team1,10,7,17,2.0818839073181152
67779979-0416-4791-b632-af57fb35a2bb,mixed_vs_mixed,team2,5,10,15,2.1384570598602295
a367332a-d700-41d8-be94-6d0d7cadf997,conservative_vs_balanced,team2,5,10,15,2.7209205627441406
c1a190e7-0cb6-4b3d-9ab0-86808d7d5068,aggressive_vs_conservative,team2,7,10,17,3.5599212646484375
=======
67779979-0416-4791-b632-af57fb35a2bb,mixed_vs_mixed,team2,5,10,15,2.1384570598602295
>>>>>>> notebook-branch
1dd475ed-fa90-4963-b729-b97e757786e1,mixed_vs_mixed,team1,10,8,18,1.1305885314941406
26ba6169-08e5-4eee-9dbd-477dcb280332,aggressive_vs_balanced,team1,10,4,14,1.2812304496765137
20a5b17d-17b7-4a04-8b57-9851a23ced65,conservative_vs_balanced,team2,8,10,18,3.0004971027374268
6b5bb2f4-a14e-4a71-9e1a-055b28358221,aggressive_vs_balanced,team2,8,10,18,2.551011085510254
bf1d39ce-d4ff-48ba-bd9b-7a2beaa67169,aggressive_vs_balanced,team2,8,10,18,4.35405158996582
8f66823b-95e6-4ad3-936c-3c33dc5cae1e,aggressive_vs_balanced,team1,10,6,16,1.3287601470947266
d3fb8475-9cd7-4679-9509-911759696520,opportunistic_vs_aggressive,team1,10,5,15,1.1918387413024902
1bb7832e-1e1c-4178-8d9c-0b0636a84f58,aggressive_vs_conservative,team2,3,10,13,1.4704203605651855
13022c6c-4631-4aec-a5e2-0aa5f82c598a,opportunistic_vs_aggressive,team1,10,7,17,2.1321287155151367
816a5bcd-4389-4504-938d-c0f9c368db03,aggressive_vs_conservative,team1,10,6,16,3.79652738571167
fa51d163-ad0f-4ec7-ac83-248f585f874f,mixed_vs_mixed,team2,7,10,17,3.640916109085083
6a9bc906-231d-4092-ad56-cdf43dfbb242,aggressive_vs_balanced,team1,10,5,15,1.1732783317565918
a573e5d0-c0bb-4f0c-b31a-b8a96d8b9954,aggressive_vs_balanced,team1,10,4,14,2.891176462173462
68da551a-4a7f-4f8a-9d80-66939601ffb3,opportunistic_vs_aggressive,team1,10,9,19,5.727855920791626
74d1c2b6-6312-4b91-930a-8d76f4f29b73,mixed_vs_mixed,team1,10,8,18,2.0251684188842773
<<<<<<< HEAD
ccd0acfb-f478-4da5-a54a-a2fc3fb2bad9,opportunistic_vs_aggressive,team1,10,7,17,2.503227949142456
ab81d76a-f066-4fb1-84e4-c45f47f1d67b,aggressive_vs_balanced,team1,10,6,16,3.8112661838531494
e87d9b41-091e-4caf-a51c-32a0c232bd69,mixed_vs_mixed,team2,8,10,18,2.080352306365967
0348620d-ad28-4e86-a608-15bafe2846ed,conservative_vs_balanced,team1,10,5,15,4.432982921600342
913e90b3-4f38-447c-a4cc-da7f27aea9fe,mixed_vs_mixed,team2,5,10,15,2.073192596435547
c82edeae-80e2-4f10-a8aa-2e32898726f4,conservative_vs_balanced,team2,8,10,18,6.179558515548706
f2684d02-a241-4d1a-875f-a671acb64e86,conservative_vs_balanced,team1,10,5,15,3.4152421951293945
538148ba-7ff6-4c73-83f9-8a4273e738f8,conservative_vs_balanced,team1,10,9,19,1.0246713161468506
9c03b741-f6f7-4988-bcd7-b5ca4cdc5b64,mixed_vs_mixed,team1,10,8,18,1.5989558696746826
b7a106bc-f29f-4108-be56-84ed5f6a9cd7,aggressive_vs_balanced,team2,5,10,15,1.7841711044311523
8282f385-5399-4477-b824-d34e459206b4,aggressive_vs_conservative,team2,8,10,18,1.3889124393463135
9494aae9-14dd-4f16-b6d9-e568f3b00680,aggressive_vs_balanced,team1,10,8,18,3.0246801376342773
106fd000-5e69-4f32-9580-a9d2f6f0ca50,aggressive_vs_balanced,team2,6,10,16,1.7857444286346436
41067ad4-4188-4892-94ef-e01f09e5e0af,conservative_vs_balanced,team2,9,10,19,1.6980087757110596
df59899b-6686-4d00-893c-a3cc5b9511b6,conservative_vs_balanced,team1,10,7,17,2.446486234664917
=======
ab81d76a-f066-4fb1-84e4-c45f47f1d67b,aggressive_vs_balanced,team1,10,6,16,3.8112661838531494
e87d9b41-091e-4caf-a51c-32a0c232bd69,mixed_vs_mixed,team2,8,10,18,2.080352306365967
0348620d-ad28-4e86-a608-15bafe2846ed,conservative_vs_balanced,team1,10,5,15,4.432982921600342
c82edeae-80e2-4f10-a8aa-2e32898726f4,conservative_vs_balanced,team2,8,10,18,6.179558515548706
538148ba-7ff6-4c73-83f9-8a4273e738f8,conservative_vs_balanced,team1,10,9,19,1.0246713161468506
9c03b741-f6f7-4988-bcd7-b5ca4cdc5b64,mixed_vs_mixed,team1,10,8,18,1.5989558696746826
b7a106bc-f29f-4108-be56-84ed5f6a9cd7,aggressive_vs_balanced,team2,5,10,15,1.7841711044311523
106fd000-5e69-4f32-9580-a9d2f6f0ca50,aggressive_vs_balanced,team2,6,10,16,1.7857444286346436
>>>>>>> notebook-branch
b7ee5cf7-86c3-404d-9fca-fedbb4ddf77c,conservative_vs_balanced,team1,10,7,17,2.895949125289917
d3ff6ea0-885b-4656-bfc9-397faafd27fb,mixed_vs_mixed,team2,6,10,16,3.2225489616394043
927c7d85-9a05-4f61-a432-a7802c88e6f2,aggressive_vs_balanced,team1,10,3,13,0.5689458847045898
e6c22493-1043-41dd-be2e-3b10f7fd5e61,conservative_vs_balanced,team1,10,8,18,3.240567684173584
60519505-49d5-4141-bce6-839b1ff85385,aggressive_vs_conservative,team2,9,10,19,2.8158175945281982
64f20621-5fcd-48cb-bb79-64013404602f,mixed_vs_mixed,team2,9,10,19,4.531666278839111
d638d100-d144-43c0-a130-73c302396b0a,conservative_vs_balanced,team1,10,6,16,7.663512229919434
cbed8dda-85a8-4d41-9023-e31446290c75,mixed_vs_mixed,team1,10,5,15,0.5823318958282471
e157bf52-f535-4b1e-aab3-d68a078a8b2b,mixed_vs_mixed,team1,10,6,16,2.5566046237945557
08160d3a-e35e-432c-b571-9d00bc4926ba,conservative_vs_balanced,team1,10,6,16,1.5473368167877197
3dfb963c-d808-43a3-9674-814681f21f23,mixed_vs_mixed,team2,8,10,18,5.900897741317749
24af0181-816f-4237-8a7a-56cfb6e0094f,aggressive_vs_conservative,team2,4,10,14,1.9411888122558594
a4f95012-6e08-460a-90c0-3a553ad8bb5f,aggressive_vs_balanced,team1,10,7,17,2.0740292072296143
aeaa4673-e585-41c9-b261-d4ba73f7af95,opportunistic_vs_aggressive,team1,10,8,18,2.8244616985321045
<<<<<<< HEAD
f0470975-77db-47fe-8d57-41907b0dda3c,opportunistic_vs_aggressive,team1,10,8,18,1.1077637672424316
0b9d6ef5-ae83-4183-ad16-226a156806d6,aggressive_vs_conservative,team1,10,8,18,2.1902403831481934
d83bba3a-5bff-49ed-8dad-cd669ff2d4f2,aggressive_vs_balanced,team1,10,8,18,2.0849063396453857
aca3852d-5a62-410e-aff4-e00b0e7c87d2,mixed_vs_mixed,team1,10,6,16,3.152963399887085
234269b9-9b1d-41e2-a955-36a04e3647f6,conservative_vs_balanced,team2,7,10,17,1.438093662261963
130c93a2-6c5e-4fc2-aa65-029f9c3263d0,mixed_vs_mixed,team2,9,10,19,2.210613250732422
410df5c9-1453-4f52-be4b-d7817be18a00,aggressive_vs_balanced,team1,10,8,18,3.025266408920288
b10bdace-8daa-4047-82c9-4a0090a7bf73,aggressive_vs_balanced,team2,8,10,18,0.7365467548370361
b62a0577-049b-4c31-98ee-b22f56adc252,mixed_vs_mixed,team2,6,10,16,3.399202823638916
97fdd9ce-ae5e-4eca-81ae-56b9148d7407,mixed_vs_mixed,team2,6,10,16,1.0249855518341064
49736f4b-e316-4f6c-9638-19e4adb99e4d,opportunistic_vs_aggressive,team2,7,10,17,2.719351291656494
c4053514-dadc-4257-a793-a02bfd9a4451,aggressive_vs_balanced,team1,10,6,16,1.1312661170959473
88bac168-9efb-4f5f-b6ef-02dda5fb485d,aggressive_vs_balanced,team1,10,4,14,3.6278936862945557
b3690f3f-7ac5-4e1e-bf39-8f4099de5570,aggressive_vs_balanced,team2,8,10,18,4.575443744659424
ca81ddb8-fe55-445d-9834-a8f1aab4282d,mixed_vs_mixed,team2,3,10,13,2.217406749725342
=======
0b9d6ef5-ae83-4183-ad16-226a156806d6,aggressive_vs_conservative,team1,10,8,18,2.1902403831481934
d83bba3a-5bff-49ed-8dad-cd669ff2d4f2,aggressive_vs_balanced,team1,10,8,18,2.0849063396453857
410df5c9-1453-4f52-be4b-d7817be18a00,aggressive_vs_balanced,team1,10,8,18,3.025266408920288
b10bdace-8daa-4047-82c9-4a0090a7bf73,aggressive_vs_balanced,team2,8,10,18,0.7365467548370361
97fdd9ce-ae5e-4eca-81ae-56b9148d7407,mixed_vs_mixed,team2,6,10,16,1.0249855518341064
88bac168-9efb-4f5f-b6ef-02dda5fb485d,aggressive_vs_balanced,team1,10,4,14,3.6278936862945557
b3690f3f-7ac5-4e1e-bf39-8f4099de5570,aggressive_vs_balanced,team2,8,10,18,4.575443744659424
>>>>>>> notebook-branch
652f0d36-4c97-482e-8607-0122f2e845f2,aggressive_vs_balanced,team2,8,10,18,1.2531421184539795
22773b41-34fb-4d06-971f-9bcfd47ecdf1,opportunistic_vs_aggressive,team2,6,10,16,1.6295640468597412
48212ad5-86e9-454c-ade7-6d33839d9774,opportunistic_vs_aggressive,team2,7,10,17,1.5441012382507324
f8d51e75-926b-4d93-a410-20da2e1e0783,aggressive_vs_balanced,team2,7,10,17,3.1671016216278076
03c18c6d-5886-4118-b32e-180a791b0525,mixed_vs_mixed,team2,8,10,18,4.442798137664795
ec132c36-2c5f-474f-8f49-7cbaa47d118b,aggressive_vs_balanced,team2,6,10,16,1.160088300704956
b2620738-0888-4c3c-beca-3a16fd2337f6,conservative_vs_balanced,team2,7,10,17,0.9209022521972656
7b1b93c4-2e5d-437c-9324-fed4cdfe55da,aggressive_vs_conservative,team2,7,10,17,2.400094509124756
d0374736-ba14-4632-9513-2528d9c32adc,aggressive_vs_balanced,team2,7,10,17,1.471123456954956
418d2a73-49aa-4b01-9483-332edaa9d9c2,opportunistic_vs_aggressive,team1,10,8,18,6.180525779724121
a6a017dd-268e-4041-877c-dbbb7ea9747a,mixed_vs_mixed,team1,10,9,19,1.3286380767822266
950dae3c-ead9-4ce8-b396-dbfedd661c63,aggressive_vs_conservative,team2,6,10,16,2.611769437789917
1f075fcb-bd5f-437a-bb8f-1683a34ce7d8,mixed_vs_mixed,team1,10,9,19,0.6938717365264893
2a4b1fd2-8c91-4333-a89e-171d7657cefa,aggressive_vs_balanced,team1,10,6,16,3.3024673461914062
25be8712-3513-4b89-b32a-df5b86c10f77,conservative_vs_balanced,team2,9,10,19,3.68030047416687
3820cc72-b020-4896-b611-94284e05012f,aggressive_vs_balanced,team1,10,4,14,1.8541955947875977
b0dc03d0-ea06-425b-9a76-5274dfe44492,conservative_vs_balanced,team1,10,4,14,4.563923358917236
b3d9d4e3-5bb4-4e3c-8ffe-1990450fbf01,conservative_vs_balanced,team2,6,10,16,3.979285478591919
d11be074-cc59-47cd-8975-6942c7c10512,mixed_vs_mixed,team2,8,10,18,3.013000249862671
7107410c-2bec-4e23-a6b8-35af29d1e7a2,mixed_vs_mixed,team1,10,5,15,2.575453042984009
<<<<<<< HEAD
9961b558-1ce5-4b86-9a0f-2b46449e169a,mixed_vs_mixed,team1,10,3,13,1.8810596466064453
=======
>>>>>>> notebook-branch
c5142f5a-5495-4d2d-9bf5-1fcf909c7b24,mixed_vs_mixed,team1,10,4,14,3.001832962036133
c1475213-ab1c-46a8-bd4d-49dce309c161,opportunistic_vs_aggressive,team2,9,10,19,3.950542688369751
dfed1f71-8feb-4ecf-949c-8eea01357da6,opportunistic_vs_aggressive,team1,10,8,18,2.2073774337768555
0d6f2410-04ef-4c47-a5d8-91e893c599d8,aggressive_vs_conservative,team2,3,10,13,1.3920602798461914
273d5fc4-ff1d-4e9b-9753-fb16c244dbea,aggressive_vs_conservative,team1,10,4,14,1.5469212532043457
f06981fd-084b-45aa-bb46-b260ce2b282a,opportunistic_vs_aggressive,team2,9,10,19,3.1460466384887695
4d1c2f01-1a02-4b60-a974-4959602ab4a3,opportunistic_vs_aggressive,team1,10,8,18,0.7582604885101318
e64606af-a528-43be-9dbd-9b382cc98902,conservative_vs_balanced,team1,10,5,15,4.713809013366699
53b95b60-cc9a-4a85-a24d-a59aa7302ed6,aggressive_vs_balanced,team1,10,8,18,3.4948441982269287
57f013ef-f292-47ee-9a11-8f426d2bb2ba,conservative_vs_balanced,team1,10,4,14,3.885380268096924
d10994a1-1d6d-4eb2-b7aa-11f8b34d694a,mixed_vs_mixed,team2,8,10,18,4.030964374542236
f63185f6-45f4-42c5-b723-5f57953f894f,aggressive_vs_balanced,team2,9,10,19,5.684195280075073
<<<<<<< HEAD
566452d6-1924-498c-ace4-7eabe64b9217,mixed_vs_mixed,team2,6,10,16,1.290332555770874
4d11ed2f-b2b7-486b-9eff-609e871feb68,mixed_vs_mixed,team2,9,10,19,2.499805212020874
2581ba89-ffc8-4067-b9a8-30a8650553cf,opportunistic_vs_aggressive,team1,10,9,19,2.2396581172943115
800cd4d8-42a3-41bb-81f6-29f5e18eeeb5,aggressive_vs_conservative,team1,10,5,15,3.118830680847168
8604db2a-d794-4269-a074-518218b6beaa,conservative_vs_balanced,team2,4,10,14,3.9004032611846924
=======
4d11ed2f-b2b7-486b-9eff-609e871feb68,mixed_vs_mixed,team2,9,10,19,2.499805212020874
2581ba89-ffc8-4067-b9a8-30a8650553cf,opportunistic_vs_aggressive,team1,10,9,19,2.2396581172943115
800cd4d8-42a3-41bb-81f6-29f5e18eeeb5,aggressive_vs_conservative,team1,10,5,15,3.118830680847168
>>>>>>> notebook-branch
000dcd6e-8ce0-4f19-a7f9-a74e684e7c04,opportunistic_vs_aggressive,team2,8,10,18,2.0405075550079346
c4c0c316-7b4e-4603-a9c9-c968b3197467,opportunistic_vs_aggressive,team1,10,8,18,2.193040370941162
24efff05-b833-406c-b8c8-ab403eb3f27a,mixed_vs_mixed,team2,8,10,18,1.7348244190216064
c507b812-7737-4855-9b67-4edf17a12460,mixed_vs_mixed,team2,6,10,16,2.943143129348755
1264f89d-1b0e-46a0-951d-75b5bca858cf,opportunistic_vs_aggressive,team2,2,10,12,3.3030037879943848
67db0770-7c9c-4e87-9bfa-fb773e3c2e43,aggressive_vs_conservative,team1,10,4,14,3.8665153980255127
<<<<<<< HEAD
8ef93258-6369-472d-abbf-8d63f048a7de,opportunistic_vs_aggressive,team2,4,10,14,2.4178311824798584
95f8c8f1-441a-48e8-b6da-e50c7c6db280,mixed_vs_mixed,team2,7,10,17,1.170729398727417
f8717ec9-0371-4b46-a074-27eadea03eaf,opportunistic_vs_aggressive,team2,7,10,17,1.1068105697631836
971c623f-ae62-4fa4-a946-bd4f2075fec3,opportunistic_vs_aggressive,team2,3,10,13,2.8735251426696777
6706de4f-ac17-41e4-98ce-c44385a2980b,mixed_vs_mixed,team1,10,7,17,3.1935582160949707
63b59de0-f155-4f65-a091-a5b9016df773,mixed_vs_mixed,team2,1,10,11,2.9310302734375
0b38d27a-a9cf-4605-8fc4-bfbafde0beb8,aggressive_vs_balanced,team2,3,10,13,2.387716770172119
bdd5b58e-e7b8-41e4-9107-517478a8d2fc,aggressive_vs_conservative,team2,8,10,18,2.901291847229004
521d4344-d49a-4b18-8e07-95fbbd7c3b55,opportunistic_vs_aggressive,team1,10,9,19,2.4717586040496826
89917f48-b267-4b12-9a13-1c7883634832,opportunistic_vs_aggressive,team1,10,9,19,1.3232345581054688
c7f37b95-6fc4-4506-8ecf-c1f8442b2a17,opportunistic_vs_aggressive,team2,7,10,17,1.0492277145385742
807608ce-e060-481e-9971-7a10084925bc,mixed_vs_mixed,team2,8,10,18,2.2624011039733887
9eee6b1f-8123-47cc-aac7-8d609d15bc25,conservative_vs_balanced,team2,5,10,15,1.7284502983093262
dd2a85fb-8f7a-4419-ac15-c9e2effc58ae,mixed_vs_mixed,team2,7,10,17,2.3451497554779053
e10f965d-8fe6-4e9b-b53e-32f7bdfd99ee,conservative_vs_balanced,team2,6,10,16,2.573279619216919
eb72e1a2-450d-42bc-bec8-d5976c9279d0,aggressive_vs_conservative,team1,10,5,15,3.6783387660980225
4a314dd6-634a-42c5-bd4d-17cd62d33cd3,mixed_vs_mixed,team1,10,9,19,1.5446083545684814
e9225e05-1d81-4eb4-b499-498a40214edc,opportunistic_vs_aggressive,team2,7,10,17,1.9314043521881104
=======
95f8c8f1-441a-48e8-b6da-e50c7c6db280,mixed_vs_mixed,team2,7,10,17,1.170729398727417
971c623f-ae62-4fa4-a946-bd4f2075fec3,opportunistic_vs_aggressive,team2,3,10,13,2.8735251426696777
63b59de0-f155-4f65-a091-a5b9016df773,mixed_vs_mixed,team2,1,10,11,2.9310302734375
0b38d27a-a9cf-4605-8fc4-bfbafde0beb8,aggressive_vs_balanced,team2,3,10,13,2.387716770172119
bdd5b58e-e7b8-41e4-9107-517478a8d2fc,aggressive_vs_conservative,team2,8,10,18,2.901291847229004
89917f48-b267-4b12-9a13-1c7883634832,opportunistic_vs_aggressive,team1,10,9,19,1.3232345581054688
807608ce-e060-481e-9971-7a10084925bc,mixed_vs_mixed,team2,8,10,18,2.2624011039733887
9eee6b1f-8123-47cc-aac7-8d609d15bc25,conservative_vs_balanced,team2,5,10,15,1.7284502983093262
dd2a85fb-8f7a-4419-ac15-c9e2effc58ae,mixed_vs_mixed,team2,7,10,17,2.3451497554779053
eb72e1a2-450d-42bc-bec8-d5976c9279d0,aggressive_vs_conservative,team1,10,5,15,3.6783387660980225
>>>>>>> notebook-branch
1768969a-25e8-4ded-b841-604a3b0fe19b,mixed_vs_mixed,team1,10,4,14,3.365050792694092
9a052caf-337b-4f5c-96ea-ceb9d43842d8,opportunistic_vs_aggressive,team2,8,10,18,1.6084208488464355
7cd5e622-81e8-40c9-9b98-aa964c316a3a,aggressive_vs_conservative,team1,10,8,18,3.6665260791778564
dfcf7286-6830-40c8-84a1-c4f1cbf43268,aggressive_vs_balanced,team2,7,10,17,1.2367889881134033
97c552ef-3518-43a1-b0bc-ccfc5461c0ed,opportunistic_vs_aggressive,team1,10,9,19,1.761063575744629
62f06d96-9c33-4c04-9a70-512b11d4916f,aggressive_vs_conservative,team1,10,8,18,1.6295831203460693
2462532a-f818-4518-8a68-37af21d510f2,mixed_vs_mixed,team1,10,5,15,1.7123868465423584
3424c0f1-7eb5-46f2-a052-b7dc6eb502af,aggressive_vs_balanced,team1,10,6,16,2.4286062717437744
dc2732e6-9e52-4c4d-9d5f-04ef3f6e607f,aggressive_vs_conservative,team2,6,10,16,6.4746809005737305
2f0f4f78-ed9e-4fbf-b7f7-c9f5851f4b61,aggressive_vs_conservative,team1,10,6,16,2.2805819511413574
32abca8c-9a3a-4ddc-9554-6d0db2c4119b,opportunistic_vs_aggressive,team1,10,3,13,6.2078537940979
dcf74b91-bd11-446b-bbbc-81da3ec6720f,mixed_vs_mixed,team2,3,10,13,0.9842228889465332
4c6fdb72-bb25-45b4-bf35-0bae0c69ea19,conservative_vs_balanced,team2,1,10,11,3.5087013244628906
bdc01bdc-29b6-40dc-9eb9-74a4ea37c787,aggressive_vs_conservative,team1,10,5,15,2.812716007232666
<<<<<<< HEAD
3c7477f1-7c05-4292-9930-265e6cf83565,aggressive_vs_conservative,team2,8,10,18,1.4485445022583008
44491bb7-ff6b-4f95-b0e2-d3ae819655fb,aggressive_vs_conservative,team2,7,10,17,3.45105242729187
76e59952-7b10-478f-a118-e5f230226e6a,conservative_vs_balanced,team2,6,10,16,4.83537483215332
07718368-a2f9-4f8f-ad1d-fdc4ddcedb53,aggressive_vs_balanced,team2,7,10,17,1.2430133819580078
b1906f65-f5eb-4a45-948f-cc42efec1a90,mixed_vs_mixed,team2,7,10,17,3.6567275524139404
7219e642-801c-4e18-9a3a-69e17c5170a0,mixed_vs_mixed,team2,8,10,18,1.3933448791503906
91b8d876-16e8-477f-b81d-d81763d14730,conservative_vs_balanced,team2,9,10,19,6.868417739868164
538623e1-27b5-4c6f-b562-a2448e642c7b,mixed_vs_mixed,team1,10,9,19,0.6784322261810303
cbbeeaac-c0b5-4909-8132-b1e33f92e89d,aggressive_vs_conservative,team1,10,7,17,1.4314146041870117
65aa91e1-4d1b-441b-81c5-d7411eef7860,aggressive_vs_conservative,team1,10,6,16,1.4153759479522705
=======
76e59952-7b10-478f-a118-e5f230226e6a,conservative_vs_balanced,team2,6,10,16,4.83537483215332
b1906f65-f5eb-4a45-948f-cc42efec1a90,mixed_vs_mixed,team2,7,10,17,3.6567275524139404
91b8d876-16e8-477f-b81d-d81763d14730,conservative_vs_balanced,team2,9,10,19,6.868417739868164
538623e1-27b5-4c6f-b562-a2448e642c7b,mixed_vs_mixed,team1,10,9,19,0.6784322261810303
cbbeeaac-c0b5-4909-8132-b1e33f92e89d,aggressive_vs_conservative,team1,10,7,17,1.4314146041870117
>>>>>>> notebook-branch
346351b1-9dd6-4de2-b0ad-216062c37e88,aggressive_vs_balanced,team1,10,8,18,2.92791485786438
6e8e8150-d963-4e12-8ad9-4fd35a83bef8,opportunistic_vs_aggressive,team2,5,10,15,2.400606870651245
386af8da-1339-4b22-b5e1-d27c2fcea471,conservative_vs_balanced,team1,10,7,17,4.87841796875
ea6db872-0ad9-4833-849b-34dedf112fbd,opportunistic_vs_aggressive,team1,10,4,14,2.0048680305480957
7a15df3c-5c22-4334-9dd3-157371ce768f,aggressive_vs_conservative,team1,10,7,17,1.6963369846343994
<<<<<<< HEAD
9334b456-4b7d-4b01-a464-ec98f03657b9,conservative_vs_balanced,team2,4,10,14,3.929490089416504
84da90b7-2fbe-4a66-b5a5-357f5f998ea7,opportunistic_vs_aggressive,team1,10,2,12,0.9702725410461426
0e23ef0d-ec59-456f-a1e2-9b79554f2a2b,conservative_vs_balanced,team2,6,10,16,3.7495667934417725
0c098ddf-b5ce-4d1f-9a62-398d81a09288,aggressive_vs_balanced,team2,9,10,19,2.428422451019287
a048b703-9b3e-4ca5-9e86-1413c3d9f0d6,conservative_vs_balanced,team2,6,10,16,2.7572531700134277
=======
84da90b7-2fbe-4a66-b5a5-357f5f998ea7,opportunistic_vs_aggressive,team1,10,2,12,0.9702725410461426
0c098ddf-b5ce-4d1f-9a62-398d81a09288,aggressive_vs_balanced,team2,9,10,19,2.428422451019287
>>>>>>> notebook-branch
a2ee99a3-012f-439e-bf40-c25d150eed8d,conservative_vs_balanced,team2,6,10,16,0.819573163986206
36125484-83a9-4980-a358-76302a619c20,mixed_vs_mixed,team2,7,10,17,4.32857608795166
a3b7528f-ae60-4e78-aad0-d038b1d12d65,aggressive_vs_conservative,team2,8,10,18,5.6315412521362305
41eb58bb-2174-49f9-96fe-30a6f1f5d158,conservative_vs_balanced,team1,10,9,19,1.063286542892456
7e77828a-4001-4180-9445-5e369415b45f,conservative_vs_balanced,team2,7,10,17,4.025404214859009
<<<<<<< HEAD
e2bfe7a5-4723-4048-aad4-244fc3c8ac70,opportunistic_vs_aggressive,team2,7,10,17,1.1355440616607666
=======
>>>>>>> notebook-branch
ec3b9b17-604e-41cf-9d64-fa388c43f2c7,conservative_vs_balanced,team1,10,3,13,4.559265613555908
d5f99070-8a9e-464e-88d2-f8877fe6d00c,aggressive_vs_conservative,team2,8,10,18,2.6229608058929443
50ed91fb-7b75-4098-b0ae-bf07ef172c99,conservative_vs_balanced,team2,8,10,18,1.0407180786132812
a2d9001d-d917-4cfb-88c2-82dcc0c10bac,opportunistic_vs_aggressive,team1,10,4,14,0.6070787906646729
ea0ddda6-4f4c-4cfa-92c6-10876585c877,mixed_vs_mixed,team2,9,10,19,5.667356252670288
f4e0f23d-c65d-4a17-9f1f-53a8182b7e0b,mixed_vs_mixed,team1,10,8,18,2.383030652999878
ebe7587d-4059-43f0-8e77-313b28fc89cf,mixed_vs_mixed,team2,5,10,15,3.4020705223083496
a568ce0b-70a4-4f55-b677-ff878a32d2e7,mixed_vs_mixed,team2,6,10,16,3.3945839405059814
47c7fd18-04cf-4f5e-8450-fcb3ad347821,opportunistic_vs_aggressive,team2,8,10,18,1.0364573001861572
0b398716-dd67-4b4e-941f-6e491421c1a9,aggressive_vs_balanced,team2,6,10,16,5.202179908752441
70704486-0fd1-48e2-b1c1-8baa2e2ada69,mixed_vs_mixed,team2,8,10,18,6.069565773010254
3188d7d9-9b4a-4d62-9883-f2475ad87414,opportunistic_vs_aggressive,team2,6,10,16,2.0142414569854736
4366ef32-9c90-460d-b043-f8ba5b81fb57,aggressive_vs_balanced,team2,7,10,17,3.886209726333618
c3427140-360c-470c-a680-fa1e089697d1,conservative_vs_balanced,team1,10,6,16,8.325892448425293
391de257-0720-40f7-bf57-faf47e95b130,aggressive_vs_conservative,team1,10,6,16,2.1542413234710693
dd9b6ad0-ac75-422f-8b3a-ea429e9e9b19,aggressive_vs_conservative,team2,7,10,17,4.36493992805481
<<<<<<< HEAD
4662a619-44f0-4ac8-b40e-fe939e054d3e,conservative_vs_balanced,team2,6,10,16,2.394655227661133
670a23fc-2966-4509-8314-edc211bb65ca,aggressive_vs_conservative,team2,8,10,18,2.583815336227417
c32701fb-af31-436f-bf2a-cefbdc50b8e1,conservative_vs_balanced,team2,6,10,16,4.348700046539307
67a1a74e-854c-4390-b6da-d01a2e24ee8d,mixed_vs_mixed,team1,10,6,16,3.218325138092041
=======
670a23fc-2966-4509-8314-edc211bb65ca,aggressive_vs_conservative,team2,8,10,18,2.583815336227417
c32701fb-af31-436f-bf2a-cefbdc50b8e1,conservative_vs_balanced,team2,6,10,16,4.348700046539307
>>>>>>> notebook-branch
4de5804a-1f51-46b6-aefd-9bffa81a9767,conservative_vs_balanced,team1,10,1,11,2.365151882171631
674eb957-3586-4a7d-b141-f748baf40363,aggressive_vs_balanced,team1,10,8,18,5.394417762756348
88c0aaf9-8cb8-4564-b1fc-497a118176cc,aggressive_vs_balanced,team1,10,8,18,5.860103130340576
09b2b046-4af2-4174-891c-704ee24376d2,aggressive_vs_balanced,team1,10,8,18,2.7079336643218994
99f7cd9d-7a95-402d-a066-bb5267a422ee,mixed_vs_mixed,team1,10,9,19,2.4352777004241943
24588947-8f92-4a95-b196-55d43ef7ab0e,aggressive_vs_conservative,team1,10,2,12,1.0368502140045166
<<<<<<< HEAD
cb5fd158-c61a-4ec6-ba52-ba9671f8e45f,aggressive_vs_balanced,team2,6,10,16,1.1362764835357666
b05f6a45-856a-43e3-9685-2353745897cf,opportunistic_vs_aggressive,team2,6,10,16,6.6233532428741455
092baca3-49cd-401a-b33b-2666de3b6e78,aggressive_vs_conservative,team1,10,5,15,2.0047800540924072
3f058b92-6038-494b-9f69-29ab184dcb79,aggressive_vs_conservative,team1,10,3,13,4.295361280441284
d62cac21-0d38-4b2f-a1c2-1de4f6f9ee37,aggressive_vs_balanced,team2,4,10,14,1.060025930404663
=======
b05f6a45-856a-43e3-9685-2353745897cf,opportunistic_vs_aggressive,team2,6,10,16,6.6233532428741455
092baca3-49cd-401a-b33b-2666de3b6e78,aggressive_vs_conservative,team1,10,5,15,2.0047800540924072
3f058b92-6038-494b-9f69-29ab184dcb79,aggressive_vs_conservative,team1,10,3,13,4.295361280441284
>>>>>>> notebook-branch
a383baa6-9756-4ca7-a56c-eee5500750b8,opportunistic_vs_aggressive,team2,5,10,15,1.1489131450653076
d67e054e-50bf-441d-98fc-fc4247bad227,aggressive_vs_conservative,team2,8,10,18,6.639727354049683
162e2908-a026-4fb8-9ba5-126629b200b1,mixed_vs_mixed,team2,8,10,18,2.1369731426239014
1beffcb4-19ea-4b09-bde0-c506db984cea,conservative_vs_balanced,team2,5,10,15,6.096869945526123
6664ea5e-53fc-46ee-accb-bcde501adb07,conservative_vs_balanced,team1,10,4,14,3.5303456783294678
ec2d3861-d3a6-4b40-8f36-c56f7d75344c,opportunistic_vs_aggressive,team2,2,10,12,2.5568745136260986
457dd99e-3e49-46fb-ac9f-d5eefe1e09b4,aggressive_vs_conservative,team1,10,5,15,2.9144840240478516
95573501-d42d-47a5-89d3-ccc5611f8c09,aggressive_vs_conservative,team1,10,6,16,5.647285223007202
<<<<<<< HEAD
74b4d617-f914-4c1c-a842-632db3e2fdd5,mixed_vs_mixed,team1,10,7,17,3.4554994106292725
0bcec45c-3b77-43ed-8ef7-32ae7aa87273,aggressive_vs_conservative,team1,10,9,19,2.5328497886657715
=======
>>>>>>> notebook-branch
731ef7bc-d01a-4b7b-b0d2-c394b12e6231,opportunistic_vs_aggressive,team2,9,10,19,1.4859857559204102
7915776f-8bd7-4945-bd98-28f6e8387004,opportunistic_vs_aggressive,team2,9,10,19,1.1155762672424316
03708d86-2a06-4f08-b5f5-8d610d2b2751,conservative_vs_balanced,team1,10,6,16,2.4616031646728516
cfa62f06-26d7-4598-b706-36ca5900b2ee,aggressive_vs_conservative,team1,10,4,14,0.8499977588653564
8fed1d44-0b11-4bca-a428-419216689ef4,aggressive_vs_balanced,team1,10,6,16,3.047485828399658
9a02079f-2403-44b4-861b-ef43cf374a20,mixed_vs_mixed,team1,10,6,16,6.216879367828369
<<<<<<< HEAD
cb9f1556-18db-4ca8-be21-19d603eaea35,aggressive_vs_balanced,team2,7,10,17,1.9959118366241455
2902fa91-e3fd-48fd-81b8-13091b7dcc8b,opportunistic_vs_aggressive,team2,5,10,15,1.0077126026153564
4d2423c2-61bd-4cb8-8402-f750a38342f8,mixed_vs_mixed,team1,10,9,19,1.5201663970947266
6cd1ee1a-9ae4-4901-87d0-16cc9328ef5f,mixed_vs_mixed,team2,4,10,14,0.5478839874267578
0d800f38-ce08-419d-85b0-8d899796e5aa,aggressive_vs_conservative,team1,10,8,18,6.671626567840576
59fccba8-1438-4ea1-af85-4ee3f2a2cdf7,mixed_vs_mixed,team2,8,10,18,2.5663537979125977
=======
6cd1ee1a-9ae4-4901-87d0-16cc9328ef5f,mixed_vs_mixed,team2,4,10,14,0.5478839874267578
0d800f38-ce08-419d-85b0-8d899796e5aa,aggressive_vs_conservative,team1,10,8,18,6.671626567840576
>>>>>>> notebook-branch
964e0737-3563-4263-a6c4-1bafddc1d321,opportunistic_vs_aggressive,team1,10,8,18,1.1122043132781982
d0217098-effb-454b-a63e-97f715038023,opportunistic_vs_aggressive,team1,10,6,16,2.590815544128418
f2f9cfa4-5c99-42bd-9b0b-5fdfb78f9d34,opportunistic_vs_aggressive,team2,6,10,16,3.1774559020996094
900ee34a-d8f4-491f-9c65-8036bb42037f,mixed_vs_mixed,team1,10,9,19,2.396751880645752
<<<<<<< HEAD
1d92019a-ffd8-45ca-87b6-554c442621a7,aggressive_vs_balanced,team2,8,10,18,2.277048349380493
=======
>>>>>>> notebook-branch
9bef572d-b34a-4cf6-8e67-0aaa891c0120,conservative_vs_balanced,team1,10,5,15,9.024547100067139
4253393a-37b5-4bee-a3e8-fd5f577e22be,aggressive_vs_balanced,team2,5,10,15,2.13728404045105
dabf1ee7-55bb-46ae-8b32-ad483d4c0cab,aggressive_vs_balanced,team2,5,10,15,1.8905773162841797
172f3dd7-c448-4a68-a96a-218ae5643be4,opportunistic_vs_aggressive,team2,6,10,16,4.412923812866211
<<<<<<< HEAD
725a2178-bc7c-4715-963a-b33ae23402e1,aggressive_vs_conservative,team2,7,10,17,1.434959888458252
46a8cf12-15d0-4084-9587-fc85a773018a,aggressive_vs_conservative,team1,10,6,16,4.555740594863892
062cd2d0-02c7-4427-be20-d58f56134410,opportunistic_vs_aggressive,team1,10,8,18,1.9340627193450928
4ae8bd80-d944-47fd-a532-8d7f8f8c4864,mixed_vs_mixed,team2,7,10,17,2.3504483699798584
=======
46a8cf12-15d0-4084-9587-fc85a773018a,aggressive_vs_conservative,team1,10,6,16,4.555740594863892
>>>>>>> notebook-branch
4977e3a4-b0e2-4164-8af3-3bc6c9a5b886,opportunistic_vs_aggressive,team2,3,10,13,6.339263677597046
55f49683-0c44-4e9d-95b2-7c535b950468,opportunistic_vs_aggressive,team2,9,10,19,3.815286874771118
628a00b0-3605-46ee-a73d-8bba5eb393e3,mixed_vs_mixed,team2,8,10,18,5.069775104522705
f57ae32a-8599-4469-907f-d431f5165303,aggressive_vs_conservative,team2,8,10,18,1.5470614433288574
e8b1aee8-b20c-41d2-b6c0-e395d50f15fd,opportunistic_vs_aggressive,team2,6,10,16,2.238123893737793
cdc2ef65-c4ca-40e9-9dcc-d1824e97745d,conservative_vs_balanced,team2,8,10,18,7.24773383140564
21d4b524-0785-46a9-94a9-a03c12c32cd0,conservative_vs_balanced,team1,10,6,16,0.9447281360626221
<<<<<<< HEAD
2c72fdde-87ef-4132-b175-1612eceebd5b,aggressive_vs_conservative,team2,7,10,17,2.4684159755706787
=======
>>>>>>> notebook-branch
464e727e-e351-47a0-89f7-649e7f5055cc,aggressive_vs_conservative,team1,10,4,14,3.223951578140259
0c40f9ac-a29f-4599-b960-2e9a732d25dd,opportunistic_vs_aggressive,team1,10,3,13,0.5875122547149658
5d77bc03-e874-4e6c-a13f-1ac83e1263cb,aggressive_vs_balanced,team1,10,7,17,3.6232810020446777
e13afce2-41c1-4c62-b074-df347ed45ece,conservative_vs_balanced,team2,7,10,17,4.400069952011108
09a64e68-c913-4dbe-8e8b-205a9c4fbc28,mixed_vs_mixed,team1,10,7,17,6.316891193389893
<<<<<<< HEAD
ce8d680a-294c-4c22-abe2-72ff59c7d687,mixed_vs_mixed,team2,3,10,13,3.0344715118408203
9865275a-99ea-441d-a7c3-1d8887238614,opportunistic_vs_aggressive,team1,10,7,17,5.219471216201782
3d071ba6-6042-4a10-86e9-d223a133b10f,opportunistic_vs_aggressive,team1,10,9,19,1.2185523509979248
7a6fbafd-58d1-47cd-936a-9cbba1450d1d,aggressive_vs_conservative,team2,5,10,15,4.552619695663452
abfa401c-f858-47ac-b160-452e49ddec5e,mixed_vs_mixed,team2,9,10,19,2.43464732170105
1f773b33-d290-4a1e-9b66-3e6383106e5b,opportunistic_vs_aggressive,team2,6,10,16,5.5815112590789795
6f46692a-1bbe-4655-8361-7a6b9bbd67c4,opportunistic_vs_aggressive,team1,10,9,19,1.2422747611999512
41224b1a-5eb6-430c-bb3b-bf7eed5ef7a7,conservative_vs_balanced,team1,10,9,19,1.4693872928619385
=======
9865275a-99ea-441d-a7c3-1d8887238614,opportunistic_vs_aggressive,team1,10,7,17,5.219471216201782
7a6fbafd-58d1-47cd-936a-9cbba1450d1d,aggressive_vs_conservative,team2,5,10,15,4.552619695663452
abfa401c-f858-47ac-b160-452e49ddec5e,mixed_vs_mixed,team2,9,10,19,2.43464732170105
1f773b33-d290-4a1e-9b66-3e6383106e5b,opportunistic_vs_aggressive,team2,6,10,16,5.5815112590789795
>>>>>>> notebook-branch
ff08a365-3a2a-4110-8236-526afed106c2,aggressive_vs_conservative,team1,10,9,19,6.970636606216431
534e58dd-5550-43c9-a206-31a21372b762,conservative_vs_balanced,team1,10,8,18,6.039697885513306
6271f24a-37dd-41e5-805b-01aef1001390,mixed_vs_mixed,team1,10,9,19,1.351109266281128
d9727be0-8947-4e36-98ce-00a0ae93e452,aggressive_vs_balanced,team1,10,7,17,2.9666624069213867
9a72ae94-e5ee-4e47-927b-6a74856f9395,mixed_vs_mixed,team2,6,10,16,1.2493867874145508
914c0373-8eb7-4d62-9d88-3bfb59ebc185,conservative_vs_balanced,team1,10,8,18,1.006098985671997
88c34203-7ace-428a-a0ad-5a7f4026a5e6,aggressive_vs_conservative,team1,10,8,18,5.641942262649536
afcdcbec-31fe-4aa3-a949-500a62aaa3fe,mixed_vs_mixed,team1,10,5,15,3.974586009979248
c66b5d35-688f-4956-ad62-2dd2559e102f,mixed_vs_mixed,team1,10,6,16,5.337284326553345
9b91f98e-f4da-4bea-b04b-02a854b049a2,aggressive_vs_conservative,team1,10,9,19,3.7346653938293457
07de9635-297b-4c5a-8678-cbfffbd8cf8e,aggressive_vs_conservative,team1,10,7,17,4.3333916664123535
9f829f04-8c30-4b75-aef8-7e725efa2a9e,opportunistic_vs_aggressive,team2,5,10,15,6.587957143783569
ed9bc37a-b6bf-497c-84ea-ae2b6ead4f33,aggressive_vs_conservative,team1,10,5,15,0.8697564601898193
<<<<<<< HEAD
e13f1754-defb-480f-8718-f5410c397631,opportunistic_vs_aggressive,team2,7,10,17,2.9910449981689453
=======
>>>>>>> notebook-branch
c606a588-2a6f-42e3-8dfb-b4432ba80ff5,opportunistic_vs_aggressive,team2,7,10,17,1.757627010345459
e5463e86-853f-4d5d-81e0-99d8388ef19a,opportunistic_vs_aggressive,team1,10,2,12,0.5088655948638916
38d28664-1cda-4208-9252-a9248705a652,conservative_vs_balanced,team1,10,3,13,1.5716006755828857
8cc83077-28a9-4beb-9635-0f8d7b27be23,aggressive_vs_balanced,team2,6,10,16,5.192052364349365
676e8fc1-20a6-4d81-903e-6be3ed3ae2f1,conservative_vs_balanced,team2,8,10,18,8.736968994140625
e251a230-30c2-4a98-ab66-040b968bde27,mixed_vs_mixed,team2,3,10,13,0.5300207138061523
<<<<<<< HEAD
02585736-5cc6-41f2-aae5-477995b08ade,aggressive_vs_balanced,team2,2,10,12,0.8657429218292236
b9268a7f-0bd6-4ecb-8af4-2803e032f18d,mixed_vs_mixed,team1,10,4,14,1.1169471740722656
404254fa-ee53-4aba-9f50-011cf22b2479,opportunistic_vs_aggressive,team1,10,5,15,1.60052490234375
4defdd8f-90a4-4dbc-8c15-780da5ba6e63,aggressive_vs_conservative,team1,10,9,19,4.7975287437438965
c2b9ae8b-03c0-4807-b0ec-34bb830ada55,opportunistic_vs_aggressive,team2,5,10,15,2.70333194732666
bb21a861-adc1-4e10-9b04-b134f78f6c65,aggressive_vs_balanced,team1,10,9,19,3.4093453884124756
56dcdc58-5cc0-444b-b57f-526ea9d0e264,conservative_vs_balanced,team1,10,9,19,5.0222413539886475
328058ce-f73a-42e3-b7ad-e1ce371ebd93,mixed_vs_mixed,team2,3,10,13,1.123093605041504
d9434c83-91f3-453a-be55-bcdaa2564fe9,conservative_vs_balanced,team1,10,9,19,4.260810852050781
=======
404254fa-ee53-4aba-9f50-011cf22b2479,opportunistic_vs_aggressive,team1,10,5,15,1.60052490234375
4defdd8f-90a4-4dbc-8c15-780da5ba6e63,aggressive_vs_conservative,team1,10,9,19,4.7975287437438965
bb21a861-adc1-4e10-9b04-b134f78f6c65,aggressive_vs_balanced,team1,10,9,19,3.4093453884124756
56dcdc58-5cc0-444b-b57f-526ea9d0e264,conservative_vs_balanced,team1,10,9,19,5.0222413539886475
>>>>>>> notebook-branch
c698ed5f-a12c-4cc5-a267-87ef865e0699,aggressive_vs_balanced,team2,7,10,17,1.1141045093536377
cc573606-1a0b-445c-ba53-14c222a16967,aggressive_vs_conservative,team2,6,10,16,0.9056737422943115
4c1d34f4-ddde-4f2b-9d69-2ed322b9c856,opportunistic_vs_aggressive,team2,6,10,16,2.62979793548584
bb41c64b-accb-466c-92df-d1c02956313d,conservative_vs_balanced,team2,6,10,16,2.316821336746216
<<<<<<< HEAD
15f96f94-e754-4854-97e1-0364597503f2,aggressive_vs_conservative,team2,6,10,16,2.4149603843688965
c93adddb-dc6d-4c9c-a0bf-dc750642f133,opportunistic_vs_aggressive,team1,10,9,19,2.082399845123291
413e3791-3746-489e-9810-24dc2899e7aa,conservative_vs_balanced,team2,8,10,18,0.9956779479980469
051f904e-f852-4668-9696-a85938e21d4c,aggressive_vs_conservative,team2,9,10,19,1.604820966720581
a06d0caa-b62c-4bd5-a264-a7805dcb78b2,aggressive_vs_conservative,team1,10,9,19,3.70829701423645
cebb5011-e38a-4f57-a4c8-cd9af64bd3e9,opportunistic_vs_aggressive,team1,10,6,16,1.723754644393921
8e4f41ab-85b3-40fe-a90b-812527aa2444,aggressive_vs_conservative,team2,5,10,15,5.927659273147583
44455dd9-3a71-4c2b-915b-ef30a98524ed,aggressive_vs_balanced,team2,9,10,19,2.835143804550171
40f84410-7520-400c-80a5-07204345e637,conservative_vs_balanced,team2,9,10,19,6.312822341918945
487c1baa-d75f-4d5f-a861-ce08057d73e6,opportunistic_vs_aggressive,team2,8,10,18,2.5301427841186523
=======
413e3791-3746-489e-9810-24dc2899e7aa,conservative_vs_balanced,team2,8,10,18,0.9956779479980469
8e4f41ab-85b3-40fe-a90b-812527aa2444,aggressive_vs_conservative,team2,5,10,15,5.927659273147583
40f84410-7520-400c-80a5-07204345e637,conservative_vs_balanced,team2,9,10,19,6.312822341918945
>>>>>>> notebook-branch
11ca3d79-4cb4-45f5-8b28-6186c095c591,aggressive_vs_balanced,team1,10,9,19,1.2981171607971191
939b4f63-124e-4352-93fb-f832d5a7756f,mixed_vs_mixed,team2,4,10,14,0.5061957836151123
0e585250-3769-428e-920b-41152dd45a84,aggressive_vs_conservative,team1,10,8,18,1.915266752243042
ca35911a-44e4-4d78-b151-a85dd7daa7dc,opportunistic_vs_aggressive,team1,10,6,16,4.982272386550903
1ff0b9cf-2e0e-4d13-b88f-10bedac8a4c5,mixed_vs_mixed,team2,7,10,17,2.4141573905944824
<<<<<<< HEAD
4eb1aa06-61de-4c74-a597-764adf2db8d0,opportunistic_vs_aggressive,team1,10,2,12,1.663095235824585
=======
>>>>>>> notebook-branch
2dc796c4-da83-44ff-a0a1-115b43d97776,opportunistic_vs_aggressive,team1,10,9,19,2.4867312908172607
d3284648-aa49-4c1c-aa41-0b1bfdb7fb05,mixed_vs_mixed,team2,8,10,18,1.90865159034729
69977f60-bc7e-4bce-8753-d515e5000be3,aggressive_vs_conservative,team2,8,10,18,2.6936826705932617
7afa6351-1f16-4524-9610-82b69c116041,aggressive_vs_conservative,team2,5,10,15,3.9621353149414062
1dbee78f-a412-4dea-a17d-543528aa4c17,aggressive_vs_conservative,team1,10,4,14,3.6115963459014893
1a9088dc-da24-4480-b32e-961c61304495,conservative_vs_balanced,team1,10,4,14,6.1402482986450195
6f600679-af0c-4f0a-8f06-4107937eaa19,aggressive_vs_balanced,team1,10,8,18,2.7674896717071533
<<<<<<< HEAD
229bfff3-fe42-4b69-98d6-82ae7a348f51,opportunistic_vs_aggressive,team2,7,10,17,1.0844628810882568
b6920d54-5f4d-4005-9317-18ea9a959243,aggressive_vs_balanced,team1,10,7,17,1.9706294536590576
0af6782d-748d-44c5-8a05-897e96a58199,mixed_vs_mixed,team2,8,10,18,4.912526607513428
a73092e3-05dd-4081-8983-82d9844342fe,mixed_vs_mixed,team2,8,10,18,1.382056713104248
cdedc204-de0a-4367-a8b9-36a3a22d0919,mixed_vs_mixed,team2,3,10,13,1.0163660049438477
b75b85c1-ed7e-493f-8a9c-3108bac50b97,mixed_vs_mixed,team2,3,10,13,3.048186779022217
c75ae618-14bc-4f26-b24f-8d86276b8582,aggressive_vs_conservative,team1,10,8,18,2.2627081871032715
=======
b6920d54-5f4d-4005-9317-18ea9a959243,aggressive_vs_balanced,team1,10,7,17,1.9706294536590576
0af6782d-748d-44c5-8a05-897e96a58199,mixed_vs_mixed,team2,8,10,18,4.912526607513428
b75b85c1-ed7e-493f-8a9c-3108bac50b97,mixed_vs_mixed,team2,3,10,13,3.048186779022217
>>>>>>> notebook-branch
002a4570-ea90-41ed-b627-a53fe0fa5089,conservative_vs_balanced,team2,8,10,18,3.3680663108825684
de2774b0-5726-442c-8e49-75ae313760e8,opportunistic_vs_aggressive,team2,8,10,18,3.073164701461792
fa30639b-8ecd-4ad7-8f8c-cf492cabb6df,aggressive_vs_conservative,team1,10,9,19,6.042684316635132
689122bf-3b2c-4274-9de0-e9589d8aa07d,aggressive_vs_balanced,team2,7,10,17,3.731680154800415
68af4e5e-e924-460c-ab05-2e6d7a770b85,mixed_vs_mixed,team1,10,8,18,2.8899729251861572
7f4f2237-7567-4977-a6d3-3bf8b7c0ed9e,aggressive_vs_balanced,team2,4,10,14,1.875546932220459
0c19a04e-93ec-43c3-b9ac-0d50d7d91f4e,aggressive_vs_balanced,team1,10,7,17,3.8241872787475586
2580ab2c-d2d5-4fc7-a546-f0fe8148d4a4,conservative_vs_balanced,team1,10,9,19,1.7424216270446777
efa9c99d-7241-4c94-bc75-dfbcf226b403,opportunistic_vs_aggressive,team2,7,10,17,5.970597743988037
376cbe8e-18e5-49b3-9da3-401d07310ce4,conservative_vs_balanced,team1,10,8,18,3.167555332183838
5f0479d4-10fe-450e-a89c-8e327018e105,aggressive_vs_balanced,team1,10,9,19,4.808069229125977
<<<<<<< HEAD
5d7efb22-140f-49d0-9996-4251fb5da3c3,mixed_vs_mixed,team2,5,10,15,1.1519315242767334
36d9a56a-ac46-46f0-a392-7cf07e90d421,aggressive_vs_conservative,team2,9,10,19,4.285682916641235
21df90b7-06c6-48de-803a-4729301880b2,aggressive_vs_balanced,team1,10,6,16,3.247184991836548
9cac281f-f774-4eed-98c1-8ecf39861d54,aggressive_vs_balanced,team2,6,10,16,2.6431148052215576
32739b49-5268-46fb-9a29-2132a3150656,conservative_vs_balanced,team2,7,10,17,1.4956541061401367
32e72822-eab1-4ebb-a251-92e952526dae,mixed_vs_mixed,team1,10,7,17,3.627798318862915
da7d372a-d9f2-47f2-a047-dc407e0638a2,mixed_vs_mixed,team1,10,7,17,4.345149040222168
c7b15764-080e-4c32-9313-c84c5d6b72cf,mixed_vs_mixed,team1,10,7,17,0.6304302215576172
a202952a-7737-4332-bd9a-e56625b64bb2,aggressive_vs_balanced,team2,4,10,14,2.3229668140411377
82d0f06a-16cd-4741-8110-6ee0264c9f66,mixed_vs_mixed,team1,10,5,15,5.574399471282959
b229d678-2fef-4629-84bd-2fedc67a0e22,aggressive_vs_balanced,team2,7,10,17,2.125412702560425
546efb06-59a7-46c7-ab79-25cc90f67391,aggressive_vs_balanced,team1,10,7,17,3.0223684310913086
f9ed6447-4e2f-4d14-b50d-cc4124841e1b,aggressive_vs_conservative,team2,5,10,15,2.4133405685424805
8f401f16-3762-4456-aeed-2f2b26b6d953,aggressive_vs_balanced,team1,10,6,16,1.1071019172668457
417be13f-e6e9-46fc-9591-7169494f6081,aggressive_vs_conservative,team1,10,4,14,3.3255667686462402
f5bd1469-7604-4730-aeca-1dfdc562a629,conservative_vs_balanced,team2,8,10,18,3.1508936882019043
fc17681f-5de6-4c19-88c9-2ab807a24e96,aggressive_vs_balanced,team1,10,3,13,2.5412843227386475
0df71889-9d93-4b70-951e-13539cc60ce6,conservative_vs_balanced,team1,10,9,19,4.729343891143799
31d51bf4-3caa-4aa5-817d-1facc6fe3637,aggressive_vs_balanced,team2,8,10,18,3.7680740356445312
17aaff2c-bd3d-47cb-834b-24a1d702f209,conservative_vs_balanced,team2,9,10,19,7.570385217666626
10253621-6efd-4302-bbc3-e5f10471d21d,conservative_vs_balanced,team2,6,10,16,1.5124189853668213
=======
36d9a56a-ac46-46f0-a392-7cf07e90d421,aggressive_vs_conservative,team2,9,10,19,4.285682916641235
21df90b7-06c6-48de-803a-4729301880b2,aggressive_vs_balanced,team1,10,6,16,3.247184991836548
9cac281f-f774-4eed-98c1-8ecf39861d54,aggressive_vs_balanced,team2,6,10,16,2.6431148052215576
32e72822-eab1-4ebb-a251-92e952526dae,mixed_vs_mixed,team1,10,7,17,3.627798318862915
da7d372a-d9f2-47f2-a047-dc407e0638a2,mixed_vs_mixed,team1,10,7,17,4.345149040222168
c7b15764-080e-4c32-9313-c84c5d6b72cf,mixed_vs_mixed,team1,10,7,17,0.6304302215576172
82d0f06a-16cd-4741-8110-6ee0264c9f66,mixed_vs_mixed,team1,10,5,15,5.574399471282959
b229d678-2fef-4629-84bd-2fedc67a0e22,aggressive_vs_balanced,team2,7,10,17,2.125412702560425
546efb06-59a7-46c7-ab79-25cc90f67391,aggressive_vs_balanced,team1,10,7,17,3.0223684310913086
8f401f16-3762-4456-aeed-2f2b26b6d953,aggressive_vs_balanced,team1,10,6,16,1.1071019172668457
417be13f-e6e9-46fc-9591-7169494f6081,aggressive_vs_conservative,team1,10,4,14,3.3255667686462402
f5bd1469-7604-4730-aeca-1dfdc562a629,conservative_vs_balanced,team2,8,10,18,3.1508936882019043
0df71889-9d93-4b70-951e-13539cc60ce6,conservative_vs_balanced,team1,10,9,19,4.729343891143799
31d51bf4-3caa-4aa5-817d-1facc6fe3637,aggressive_vs_balanced,team2,8,10,18,3.7680740356445312
17aaff2c-bd3d-47cb-834b-24a1d702f209,conservative_vs_balanced,team2,9,10,19,7.570385217666626
>>>>>>> notebook-branch
83797fd8-79c2-49f7-912e-66c5bebd6fac,conservative_vs_balanced,team2,8,10,18,4.997328519821167
2beb746a-7d61-43bb-8223-d546a2c10803,aggressive_vs_balanced,team1,10,7,17,1.1866753101348877
5ae100a6-795c-475a-aed5-075d8de7e53d,opportunistic_vs_aggressive,team1,10,5,15,2.562223196029663
02257c97-6cb0-4df6-8cb4-8ef3c9b4749c,opportunistic_vs_aggressive,team1,10,9,19,3.031036615371704
799fde1e-6527-440b-911f-0e80f03c0535,mixed_vs_mixed,team1,10,8,18,3.3517236709594727
b1ada057-fc29-4b4b-94c7-9e242e049d72,aggressive_vs_balanced,team2,8,10,18,2.0667593479156494
<<<<<<< HEAD
1bf3c7ed-6163-467a-b4be-a050c9eed949,aggressive_vs_balanced,team1,10,8,18,2.8663134574890137
=======
>>>>>>> notebook-branch
290cd193-2a0a-4d7f-b4e5-cd77847ee8a5,opportunistic_vs_aggressive,team2,7,10,17,2.2395575046539307
d7166830-a6a9-4166-a03d-fbf259931ab6,aggressive_vs_conservative,team2,9,10,19,5.89779806137085
762adeac-df8d-43ca-9db2-a6fdb497eca0,aggressive_vs_conservative,team2,8,10,18,3.988226890563965
b54c0ee5-9ad7-49c5-b5e7-306913b767e5,opportunistic_vs_aggressive,team1,10,5,15,4.529751300811768
48cb1573-46ab-465d-aa82-be12705ea445,aggressive_vs_balanced,team1,10,5,15,3.5337045192718506
9e201679-5a0b-4671-a3d9-a96b4907dd38,aggressive_vs_balanced,team1,10,4,14,4.373337268829346
a74904b7-2958-4c37-965e-dc8a55ae8775,mixed_vs_mixed,team2,3,10,13,3.643214225769043
93ab5b24-c3de-4883-8f16-4df189ef6543,conservative_vs_balanced,team1,10,7,17,7.0619893074035645
196b284b-151e-4641-ba66-e07aa6c48eb0,aggressive_vs_conservative,team2,7,10,17,1.6346168518066406
f7906a4b-33cb-43e0-8f81-39ab87d39269,conservative_vs_balanced,team2,7,10,17,1.7716355323791504
e9d1d0a1-5460-4300-9ca8-671ecd489b02,mixed_vs_mixed,team2,9,10,19,3.4965457916259766
d563235f-3e8e-40e5-a8d9-fa79fc4880c8,conservative_vs_balanced,team2,9,10,19,0.9965987205505371
f297d9b8-e4f4-4b75-85f2-35aaf43c62f1,aggressive_vs_conservative,team2,7,10,17,2.152916669845581
db6b534d-0ae9-4855-b2ed-31b5418e7eb3,aggressive_vs_balanced,team2,4,10,14,2.5862302780151367
447f79fd-e904-4227-9aae-6ef322e77409,conservative_vs_balanced,team1,10,5,15,7.463214159011841
defe9500-448b-4d33-86b7-a66c67b4bbd9,aggressive_vs_balanced,team2,4,10,14,3.5030887126922607
<<<<<<< HEAD
f67d462c-842d-4358-b919-bb72e9151199,mixed_vs_mixed,team1,10,8,18,2.5003745555877686
8ead588d-45d7-4c2b-8cd0-372626fd1472,aggressive_vs_balanced,team1,10,7,17,1.1181221008300781
=======
>>>>>>> notebook-branch
38b82642-56b1-4a99-98c8-17506e61ab16,opportunistic_vs_aggressive,team1,10,7,17,2.8710880279541016
248214b9-8d14-49fe-92d2-d5bff19b6309,aggressive_vs_conservative,team1,10,2,12,5.823560476303101
6fa0fe7d-1d12-4a3f-9bb9-dc816d15df63,aggressive_vs_balanced,team2,5,10,15,0.6823899745941162
001f33e1-7753-4ca7-bdab-171a5653f75c,aggressive_vs_balanced,team2,6,10,16,5.565389633178711
05c8bbcb-a613-4c7a-88d7-8765b17ec193,conservative_vs_balanced,team1,10,3,13,3.946852445602417
1dddbfb5-a144-4f22-a2ec-f8504466693d,opportunistic_vs_aggressive,team2,6,10,16,3.025351047515869
e52e820a-5867-4aef-adea-a844d29612a3,mixed_vs_mixed,team2,3,10,13,2.872006416320801
8785e96b-de0b-4aa8-8f87-f58b4d5886d6,mixed_vs_mixed,team2,9,10,19,0.6844558715820312
b591f10d-59ee-490b-94e5-0380723c838e,aggressive_vs_balanced,team1,10,6,16,0.6894395351409912
3d4ba76b-2862-45c8-86e7-131f111f3850,aggressive_vs_balanced,team2,9,10,19,3.612278461456299
c1142fd9-e4e8-443b-9b32-f7eeb9660cf5,opportunistic_vs_aggressive,team2,5,10,15,2.6300957202911377
fd144aca-2328-452e-bb13-ae3062a6fdc6,aggressive_vs_balanced,team2,7,10,17,1.6055219173431396
a1b9fed8-0227-459e-afa6-37bd12fd781c,aggressive_vs_balanced,team2,6,10,16,3.30420184135437
<<<<<<< HEAD
4e3344e4-5e19-457a-8bbf-66528715e30b,mixed_vs_mixed,team1,10,3,13,3.015472173690796
22dcc85a-9e3e-4f67-bb28-981048193a17,aggressive_vs_balanced,team2,7,10,17,0.6848640441894531
c8b90b10-7f27-437b-84d9-9bc565ae96d4,aggressive_vs_balanced,team1,10,1,11,2.6434526443481445
7a165584-e1bd-44cb-9907-66a4aee15425,opportunistic_vs_aggressive,team1,10,6,16,6.11479640007019
13f1cdb9-571b-42d5-9950-effbf45a614a,conservative_vs_balanced,team2,5,10,15,2.4562010765075684
666e8ade-c010-4cdf-8fe6-287817831974,conservative_vs_balanced,team1,10,5,15,2.3927085399627686
=======
22dcc85a-9e3e-4f67-bb28-981048193a17,aggressive_vs_balanced,team2,7,10,17,0.6848640441894531
7a165584-e1bd-44cb-9907-66a4aee15425,opportunistic_vs_aggressive,team1,10,6,16,6.11479640007019
>>>>>>> notebook-branch
6edf098f-a7a9-4dfa-aa4e-7b2334406487,aggressive_vs_balanced,team1,10,5,15,4.391692638397217
a2e37ae0-4087-4682-b695-ab175d580106,aggressive_vs_conservative,team1,10,3,13,4.4703590869903564
a5f02af0-23d4-4809-8342-64400c32eb6b,mixed_vs_mixed,team1,10,6,16,1.1611452102661133
d446e8c5-dc02-43ae-b094-37248e5b9b77,conservative_vs_balanced,team2,8,10,18,8.909878253936768
e813851e-7563-4551-a1ea-d37905fdee01,opportunistic_vs_aggressive,team1,10,7,17,2.587473154067993
e0ccde8d-38ab-4f13-bafe-f9b626975067,aggressive_vs_conservative,team2,7,10,17,5.086987495422363
840af6d6-f78c-4cb0-973d-cea15dfc0a48,aggressive_vs_conservative,team2,4,10,14,4.357605934143066
11f2de69-fc30-44aa-92b2-a2cd7c2099b8,aggressive_vs_balanced,team1,10,8,18,0.8002605438232422
0b56abe7-fa96-48df-8f39-9ca19aa6335e,mixed_vs_mixed,team1,10,9,19,3.3156685829162598
bf150996-7597-4def-ba6a-db25f5712095,conservative_vs_balanced,team2,4,10,14,3.9455862045288086
671d0c33-3a7e-44a1-8736-c765753e210d,opportunistic_vs_aggressive,team2,8,10,18,3.1831066608428955
cfd0884a-4a9a-47cd-af64-cf581e408123,mixed_vs_mixed,team1,10,4,14,3.546325922012329
<<<<<<< HEAD
86d97680-bdbd-4351-bc01-fc719a84dc23,aggressive_vs_balanced,team1,10,2,12,1.6231391429901123
=======
>>>>>>> notebook-branch
2d67a877-fe25-45f3-aba9-758aa76121d2,aggressive_vs_balanced,team2,8,10,18,4.783310890197754
ee21df7c-d37c-438a-82b7-1702616c75f2,mixed_vs_mixed,team1,10,5,15,1.8809661865234375
e7356b70-d745-42bb-976f-80e4036a827f,opportunistic_vs_aggressive,team1,10,3,13,2.413724184036255
55b94a0e-1da3-4922-b57f-7c9981122462,conservative_vs_balanced,team2,8,10,18,4.34785008430481
1069e933-6211-4de2-a347-9124054dca2e,opportunistic_vs_aggressive,team2,8,10,18,3.5370147228240967
<<<<<<< HEAD
38a06e49-4a73-4cfe-99a3-48748992a318,mixed_vs_mixed,team2,6,10,16,1.3682610988616943
=======
>>>>>>> notebook-branch
038365f3-a6ad-4f9a-810d-2ae5835091f5,opportunistic_vs_aggressive,team1,10,7,17,5.230971336364746
9813189a-24fd-4fe6-9100-f9bd942ddab2,aggressive_vs_balanced,team2,9,10,19,4.533995628356934
8a44859d-e79b-47df-9302-06fc89586a9c,mixed_vs_mixed,team1,10,4,14,2.6468873023986816
cb96ae74-8cc3-431b-8866-946bc70d3059,conservative_vs_balanced,team2,4,10,14,9.284652471542358
<<<<<<< HEAD
060efa8e-d907-4e91-892f-aa2d19590d88,opportunistic_vs_aggressive,team2,6,10,16,1.0023908615112305
=======
>>>>>>> notebook-branch
3c68d117-abad-4846-b18e-00731ec37484,opportunistic_vs_aggressive,team2,6,10,16,3.476076602935791
e27ff481-1f10-4064-bc10-456af97f7953,opportunistic_vs_aggressive,team1,10,7,17,3.090620756149292
33926e2a-5b23-4b5e-bdd4-a411a09990cf,aggressive_vs_conservative,team2,6,10,16,1.3081681728363037
63423cbf-8ff2-4880-8347-84e896b2ea6e,aggressive_vs_conservative,team1,10,8,18,4.064091444015503
d5c2c52f-6083-4c71-97b9-546a85c53b34,aggressive_vs_balanced,team1,10,1,11,2.4465622901916504
cfd4ca40-72bf-48eb-b4f7-841a33007bd9,mixed_vs_mixed,team1,10,4,14,2.761693239212036
57f2b0bc-e1e6-4377-9b42-705fd002750a,aggressive_vs_conservative,team2,9,10,19,4.014735221862793
efdb06c8-de40-48e8-ba6b-cb17aaad2560,aggressive_vs_conservative,team2,8,10,18,4.002058744430542
ee7c25b4-894d-43bc-bf0e-bed1dfec9891,aggressive_vs_balanced,team1,10,4,14,1.8993675708770752
9e651252-0b42-4112-b9d2-254e55a300fb,mixed_vs_mixed,team2,3,10,13,1.9404361248016357
79bc7022-3fa7-44f5-b2ee-85e223ab35db,conservative_vs_balanced,team1,10,4,14,1.4650583267211914
<<<<<<< HEAD
99d103f9-c1fc-430b-ae29-b0a87034c720,aggressive_vs_conservative,team2,3,10,13,2.0983049869537354
025bc2fb-9b7c-4bfc-b8ce-546de2891c5d,aggressive_vs_conservative,team2,7,10,17,1.3648042678833008
0fa5feb6-94fe-4778-8a48-451ebbfce1e0,aggressive_vs_balanced,team2,3,10,13,1.8909902572631836
696bc289-41a4-42ca-9636-59972d569459,aggressive_vs_conservative,team1,10,8,18,2.3502016067504883
d25d628c-f127-4ed4-862b-5932a566e8c2,conservative_vs_balanced,team2,8,10,18,7.898325204849243
694628fd-a33d-48bb-a8ad-6d657b35424e,conservative_vs_balanced,team2,4,10,14,2.9680635929107666
2d1fab9d-882f-40cb-ac98-246cf127f334,aggressive_vs_conservative,team2,6,10,16,3.4634461402893066
7b29831f-fd04-4434-b419-9c7280eed7c2,aggressive_vs_balanced,team2,7,10,17,3.2277822494506836
9f73c6bc-8591-4cb0-b54a-b66d49b2de93,aggressive_vs_conservative,team1,10,3,13,1.1968586444854736
=======
696bc289-41a4-42ca-9636-59972d569459,aggressive_vs_conservative,team1,10,8,18,2.3502016067504883
d25d628c-f127-4ed4-862b-5932a566e8c2,conservative_vs_balanced,team2,8,10,18,7.898325204849243
694628fd-a33d-48bb-a8ad-6d657b35424e,conservative_vs_balanced,team2,4,10,14,2.9680635929107666
7b29831f-fd04-4434-b419-9c7280eed7c2,aggressive_vs_balanced,team2,7,10,17,3.2277822494506836
>>>>>>> notebook-branch
771c99d2-4fe7-4ea3-a8b4-f786329d1882,aggressive_vs_balanced,team1,10,4,14,4.349863290786743
b12a7a58-9a7a-4b65-82c8-1df0252df255,mixed_vs_mixed,team2,6,10,16,6.364232540130615
5a43083d-74a1-45ba-8f34-3c5a617fa4b9,mixed_vs_mixed,team1,10,5,15,0.550743818283081
7a4a8448-4d27-4ede-b0b6-7969abee8e63,opportunistic_vs_aggressive,team1,10,6,16,4.845545768737793
1c0e87bc-fe21-4961-889d-865df0fed2d4,aggressive_vs_balanced,team2,7,10,17,3.808600664138794
bda7597d-9482-4ed1-9958-e9134f4ff73b,conservative_vs_balanced,team2,4,10,14,4.638171195983887
c518e7f9-f872-4b5b-8ea8-a4a34ac871bf,conservative_vs_balanced,team1,10,5,15,5.197085380554199
39210d96-b6f4-4d84-a0b1-2cd6c2310545,opportunistic_vs_aggressive,team2,5,10,15,4.037289142608643
43c94e82-08a5-4d39-b65f-809627d3fb4a,conservative_vs_balanced,team2,7,10,17,2.525516986846924
bb866282-c495-49ff-b2de-ae6048207458,opportunistic_vs_aggressive,team1,10,7,17,3.084845781326294
7c6495ec-d66d-4ca9-8f38-8c3d8e4ce54b,mixed_vs_mixed,team2,4,10,14,6.082837343215942
233b0122-27de-4d12-823d-d8e38622e292,aggressive_vs_conservative,team1,10,7,17,4.7076475620269775
667704af-c16e-4cee-b199-c1269a55249e,opportunistic_vs_aggressive,team2,7,10,17,2.3076109886169434
69313047-8164-4dcd-bcc4-a67166fb38bf,conservative_vs_balanced,team1,10,4,14,7.135578155517578
9d640228-a4fb-4ea7-970d-ba3843623472,mixed_vs_mixed,team1,10,6,16,2.9790244102478027
3c9d8ecd-252e-47ca-8c08-e985ce2b9b0a,aggressive_vs_balanced,team1,10,9,19,2.211890459060669
b3a5524a-9b88-47bf-8e5f-5df12cf01bc4,aggressive_vs_conservative,team1,10,4,14,5.479248523712158
<<<<<<< HEAD
8014dd09-e724-45a0-8f51-04aaa2c1c80f,opportunistic_vs_aggressive,team2,5,10,15,1.0058257579803467
c3288c10-0669-4ab6-bc61-af7cca64585b,conservative_vs_balanced,team1,10,9,19,6.466872215270996
e0ebb47c-9812-4527-b3e5-3c8f7c84c5be,aggressive_vs_conservative,team1,10,8,18,4.995892286300659
59c8ded0-ceed-4d6d-9595-20bd46b44ed1,aggressive_vs_balanced,team1,10,2,12,1.8938002586364746
84c0559e-e042-4bdc-a9a4-0012c8b68191,aggressive_vs_conservative,team2,4,10,14,3.5924124717712402
2ae355ee-4dd0-4bd1-948e-5036394fbacc,mixed_vs_mixed,team1,10,6,16,3.3195786476135254
51ce4c22-bc2e-499d-be19-a68ffaf7f4f8,aggressive_vs_conservative,team1,10,4,14,1.2507550716400146
d80f86c0-655e-4746-966c-19d2c53046c7,mixed_vs_mixed,team1,10,8,18,3.0651638507843018
56c9d576-78dd-4d6e-ab79-8438909235a3,conservative_vs_balanced,team1,10,6,16,9.442160606384277
e1c139fc-608d-41d6-ba90-c39800bbeeef,aggressive_vs_conservative,team1,10,2,12,2.8349945545196533
d7f6d4ed-d079-4118-be95-3753048104a0,conservative_vs_balanced,team2,3,10,13,0.6639401912689209
bba6b041-0fd5-4e77-b87f-e41176e3e1a0,mixed_vs_mixed,team1,10,3,13,1.0037124156951904
00670266-3bd2-4de1-9688-aa0cd54af68d,aggressive_vs_balanced,team1,10,7,17,0.7271170616149902
79a7dece-904e-4172-bef0-93fba1fdce64,mixed_vs_mixed,team2,5,10,15,1.2890233993530273
=======
c3288c10-0669-4ab6-bc61-af7cca64585b,conservative_vs_balanced,team1,10,9,19,6.466872215270996
e0ebb47c-9812-4527-b3e5-3c8f7c84c5be,aggressive_vs_conservative,team1,10,8,18,4.995892286300659
2ae355ee-4dd0-4bd1-948e-5036394fbacc,mixed_vs_mixed,team1,10,6,16,3.3195786476135254
56c9d576-78dd-4d6e-ab79-8438909235a3,conservative_vs_balanced,team1,10,6,16,9.442160606384277
d7f6d4ed-d079-4118-be95-3753048104a0,conservative_vs_balanced,team2,3,10,13,0.6639401912689209
00670266-3bd2-4de1-9688-aa0cd54af68d,aggressive_vs_balanced,team1,10,7,17,0.7271170616149902
>>>>>>> notebook-branch
d6a3523d-3c0a-4c9a-b15a-5824a002322f,mixed_vs_mixed,team1,10,9,19,0.6809258460998535
75d15cd1-1282-4ea6-8412-770d2c63596f,conservative_vs_balanced,team1,10,4,14,1.5156848430633545
6b7b9783-966b-4596-86e7-54c629b80913,conservative_vs_balanced,team2,7,10,17,7.761171817779541
cc1ec3d8-8b91-4866-b297-5cdea80da3eb,aggressive_vs_balanced,team1,10,4,14,1.8182523250579834
<<<<<<< HEAD
c7cae2c7-295b-4c3a-bd45-590345a29b5b,opportunistic_vs_aggressive,team2,5,10,15,2.519362688064575
=======
>>>>>>> notebook-branch
3f35e059-7961-421d-a088-8ee3b526784a,opportunistic_vs_aggressive,team2,5,10,15,2.2403242588043213
e39a5c0f-14d1-4763-abda-5b433401c590,opportunistic_vs_aggressive,team1,10,9,19,2.156301498413086
7746cd36-7b27-461c-84ff-b7c313064e9c,conservative_vs_balanced,team1,10,8,18,3.323885440826416
9ec82d43-1c83-4bee-b724-13e253d9e45c,conservative_vs_balanced,team1,10,8,18,3.295199394226074
4d3def4b-f292-4150-87ec-e7b2dcc625c7,opportunistic_vs_aggressive,team2,8,10,18,1.4182448387145996
<<<<<<< HEAD
2a4100ac-66bb-45e5-a49b-e720905a323d,aggressive_vs_balanced,team1,10,2,12,0.9035956859588623
=======
>>>>>>> notebook-branch
c71bfec1-d368-4a5f-8fdb-fbe829f8083b,conservative_vs_balanced,team1,10,3,13,8.605782985687256
6e6dbde1-c10b-4211-b252-9504404cd94c,aggressive_vs_conservative,team2,9,10,19,1.6625466346740723
55353aa2-bab7-44bf-a6c9-9eddfb76aff3,mixed_vs_mixed,team2,6,10,16,2.2260217666625977
c499216c-5dae-41b7-b552-ecfbe4ef8e3c,aggressive_vs_conservative,team2,6,10,16,2.7646780014038086
20658f2d-6a32-437b-a5d3-e4dd4d228f22,aggressive_vs_balanced,team2,8,10,18,5.72842264175415
8093dbb0-b606-4041-8788-83e9694ade7c,aggressive_vs_conservative,team1,10,9,19,6.825942516326904
5ce778a7-5883-4e93-9a18-6f04d84857a6,opportunistic_vs_aggressive,team2,8,10,18,1.191227674484253
c5b4adec-4c4f-450c-b485-a6ecea96430f,mixed_vs_mixed,team2,5,10,15,2.916693687438965
ce393929-2a9b-4f84-91bb-ac417bc814f2,aggressive_vs_balanced,team1,10,8,18,5.853977203369141
7671e3c3-6291-40c3-ae83-f78ace28eeb1,aggressive_vs_conservative,team2,8,10,18,0.9415230751037598
4b86840a-5fe4-46dd-bcab-c6a3b4a6ba19,mixed_vs_mixed,team2,5,10,15,5.371191740036011
e78cb344-21c7-4c00-b60a-3ca3061b826d,conservative_vs_balanced,team1,10,6,16,3.2699413299560547
95e83ac5-4188-45b3-a4b5-0fed8fe89ecb,opportunistic_vs_aggressive,team2,9,10,19,1.041508436203003
34ce3162-d4e1-4dec-be9a-575083dbd18e,opportunistic_vs_aggressive,team2,6,10,16,5.969481945037842
4904da2f-34cb-46c2-a169-aab69256d287,opportunistic_vs_aggressive,team1,10,3,13,0.5687563419342041
7961e764-e50f-4fd3-b0e5-7551fbe0dc3d,aggressive_vs_conservative,team1,10,7,17,6.002277851104736
3bb2f183-72b1-4f8c-9b4c-dd0c185b9efa,opportunistic_vs_aggressive,team2,9,10,19,2.0650370121002197
4dd07f85-809c-44ea-939e-114bb6b65f71,aggressive_vs_conservative,team2,4,10,14,2.5728304386138916
<<<<<<< HEAD
1b14ffaa-b6e8-4afd-a7ea-3ed97f246e41,opportunistic_vs_aggressive,team1,10,4,14,1.7343993186950684
3238d1d9-77f3-4d4d-bf9a-723aa8e783eb,aggressive_vs_conservative,team2,5,10,15,0.8608953952789307
5b56ec61-f59d-4067-9f82-a29fb01032aa,conservative_vs_balanced,team2,5,10,15,3.2256016731262207
49bbd23a-acea-44b4-9bd7-def8820170ea,conservative_vs_balanced,team1,10,5,15,4.757677316665649
a1c03839-2149-4b40-9f33-9907cce21956,mixed_vs_mixed,team2,3,10,13,2.8283698558807373
=======
3238d1d9-77f3-4d4d-bf9a-723aa8e783eb,aggressive_vs_conservative,team2,5,10,15,0.8608953952789307
5b56ec61-f59d-4067-9f82-a29fb01032aa,conservative_vs_balanced,team2,5,10,15,3.2256016731262207
49bbd23a-acea-44b4-9bd7-def8820170ea,conservative_vs_balanced,team1,10,5,15,4.757677316665649
>>>>>>> notebook-branch
af257721-bffd-4a3b-aae1-c3e9a133c448,conservative_vs_balanced,team1,10,4,14,4.199329853057861
66c1a4e4-1102-4ca6-91a2-0a472efe3673,opportunistic_vs_aggressive,team2,9,10,19,2.5253288745880127
0de78c78-2e0b-4b24-9ac0-30dc5cb07f97,mixed_vs_mixed,team1,10,8,18,1.1060009002685547
66a19e91-5a81-4d5a-8a71-c5b877c2a643,aggressive_vs_conservative,team2,5,10,15,2.056121349334717
4be7e0c0-6c91-4c76-bc0f-7ac25875f5c6,mixed_vs_mixed,team2,8,10,18,3.1601197719573975
42a610ff-8050-41d9-86da-198e807245ce,opportunistic_vs_aggressive,team2,9,10,19,3.16949462890625
9d96749e-5e7c-4f82-b994-66c79c652b40,aggressive_vs_balanced,team2,6,10,16,4.5650599002838135
8c0a4d84-ddec-48a0-a449-029246609494,aggressive_vs_conservative,team2,9,10,19,0.9659173488616943
<<<<<<< HEAD
e6446567-7714-4071-b902-cf2a76fb05ca,mixed_vs_mixed,team1,10,2,12,2.1758434772491455
=======
>>>>>>> notebook-branch
8e93cdab-e7f3-4f0d-b195-256a6f5a63fc,opportunistic_vs_aggressive,team1,10,8,18,4.418103218078613
c8ab1eb7-83c8-4670-8bde-c622f6375c18,conservative_vs_balanced,team2,3,10,13,7.964520454406738
f24ca2b1-5ae7-457b-8398-2e42a277da0d,aggressive_vs_balanced,team1,10,5,15,3.442599058151245
9908a427-d7f5-4d79-8827-aa1485f4413c,opportunistic_vs_aggressive,team1,10,9,19,2.6129446029663086
1f0db1d8-c9a3-43bf-ba78-bb89052a9b9b,aggressive_vs_balanced,team1,10,4,14,1.9405124187469482
060c3c8e-9d26-4d2d-9959-1fe3d71fc804,conservative_vs_balanced,team2,9,10,19,2.3705227375030518
<<<<<<< HEAD
7d8e9f7d-c455-4d76-9b78-7777f2ae38ee,aggressive_vs_conservative,team2,5,10,15,3.368596076965332
=======
>>>>>>> notebook-branch
2b871133-a61b-4cf2-b2ee-d5d2ad6f7b78,opportunistic_vs_aggressive,team1,10,3,13,1.047142505645752
9c52431e-0a66-43a2-abaf-e651ad6f97b7,opportunistic_vs_aggressive,team1,10,8,18,1.6186068058013916
967e7699-1b03-4978-9b21-da95153c57b5,aggressive_vs_conservative,team1,10,3,13,3.3502254486083984
c52a1379-1d39-4777-9bc4-6262b33ff4f7,mixed_vs_mixed,team1,10,8,18,4.667548179626465
<<<<<<< HEAD
07313e96-1a23-4c01-b98f-682563decf00,aggressive_vs_balanced,team1,10,4,14,1.0136785507202148
=======
>>>>>>> notebook-branch
b7960b9e-8ed0-4549-a6cd-85c414e621a5,opportunistic_vs_aggressive,team2,8,10,18,3.535949945449829
2c3edfb6-bb23-4037-bf66-80ae515cca0c,opportunistic_vs_aggressive,team1,10,2,12,2.351046562194824
6d9ecd2a-4d9a-4269-932d-013a748fd8f0,conservative_vs_balanced,team2,7,10,17,8.33860445022583
5fa0b90d-df87-449b-847e-3cf2109ccec8,opportunistic_vs_aggressive,team2,7,10,17,0.714379072189331
<<<<<<< HEAD
ddfcc6e3-e62b-43cf-9404-6b9a5bf38220,conservative_vs_balanced,team1,10,6,16,3.774139881134033
=======
>>>>>>> notebook-branch
06918f73-ae1c-4cb1-b3b2-bacce3158ea7,mixed_vs_mixed,team2,6,10,16,3.4897236824035645
aded98a5-3d7b-44cc-a264-c2ce1bd8da82,aggressive_vs_balanced,team1,10,8,18,3.0121848583221436
b25c9d4d-3fa7-41f1-bb7b-a28286ed542b,opportunistic_vs_aggressive,team1,10,5,15,1.1705267429351807
e4b4437a-17a2-4896-ac65-393a4a23dd55,conservative_vs_balanced,team1,10,8,18,7.123456239700317
2df950a5-0fac-4455-85e9-81d10a0c1118,aggressive_vs_conservative,team1,10,4,14,0.8420968055725098
6c4d93c3-d7bb-4a11-ad8d-cb4d503a880e,mixed_vs_mixed,team2,5,10,15,1.9105219841003418
f72b8c4b-66e1-4312-b0f3-b70496e8eef8,aggressive_vs_conservative,team2,2,10,12,2.715623378753662
166523fa-fa0b-4021-b58d-cfa58f3b2527,conservative_vs_balanced,team1,10,8,18,7.5940940380096436
740710b9-d338-4db7-92f5-47c3d9052c65,aggressive_vs_balanced,team1,10,4,14,5.5705695152282715
<<<<<<< HEAD
64146fa6-3a23-4343-b455-92caec18bee2,opportunistic_vs_aggressive,team2,5,10,15,2.672551393508911
4580f760-551b-4674-a5fb-ffd4409f3d86,aggressive_vs_conservative,team2,7,10,17,3.5350239276885986
=======
>>>>>>> notebook-branch
7338949e-818d-4f62-aedb-d3cc50fd373c,aggressive_vs_conservative,team2,6,10,16,4.2595391273498535
4eee384a-f537-43c8-ba32-8e4e6defe407,aggressive_vs_conservative,team2,3,10,13,4.2208476066589355
7403e216-e792-4ebd-be42-9e15b0d9b8a3,opportunistic_vs_aggressive,team2,8,10,18,1.6600401401519775
55caa3c8-bb77-447c-9ece-e0514c65dd1b,opportunistic_vs_aggressive,team2,7,10,17,1.5105431079864502
36e85eac-7d92-458c-bfa7-14e9930e59b9,mixed_vs_mixed,team1,10,8,18,2.968696355819702
44a02db7-7477-435f-bdd0-7f0620ef53cd,mixed_vs_mixed,team1,10,9,19,6.570995569229126
028facbf-65c0-44ef-8f46-6261eb9bb5dc,conservative_vs_balanced,team2,6,10,16,4.661044359207153
3b8ce118-1d5d-4563-b61e-447689334411,opportunistic_vs_aggressive,team1,10,4,14,1.1363518238067627
bcc96bc2-eddf-4b6e-af11-28080276d9df,opportunistic_vs_aggressive,team2,4,10,14,4.388235092163086
0c83a143-c52f-4935-a67c-d66fe9d20ce3,aggressive_vs_balanced,team1,10,5,15,1.847024917602539
4225971a-7855-4f58-8d14-7f9c8c0e54a7,conservative_vs_balanced,team1,10,8,18,4.352497577667236
<<<<<<< HEAD
2566980f-7479-4e9d-9a0c-9b66aea83fe1,aggressive_vs_conservative,team2,6,10,16,2.601973295211792
=======
>>>>>>> notebook-branch
a2d80c9f-7ca7-486a-bf20-7c2c89937d2e,aggressive_vs_balanced,team1,10,5,15,0.7199742794036865
4521ae29-e5bd-45bb-b901-22e8c106abef,conservative_vs_balanced,team2,7,10,17,4.655593156814575
fe50a62c-3f0c-4fc1-93b5-cb8031145d26,conservative_vs_balanced,team1,10,9,19,4.754215955734253
524761f0-36f0-491a-b8bc-5be162adf4a2,aggressive_vs_balanced,team1,10,9,19,3.7023732662200928
<<<<<<< HEAD
147ba08c-c8cc-4366-955c-9c71fad7821d,aggressive_vs_balanced,team1,10,9,19,2.23602294921875
db4081cb-ebfb-4e24-98d4-e0b984c052ef,mixed_vs_mixed,team1,10,7,17,3.1628012657165527
=======
>>>>>>> notebook-branch
e7ce58ab-c033-4d6e-965a-faecf422a45f,aggressive_vs_conservative,team1,10,8,18,7.026322841644287
633075d0-bc0f-411c-a548-4612b09ee21a,conservative_vs_balanced,team2,7,10,17,1.730513334274292
f2b08962-7238-4455-ab34-6ba4c1358605,opportunistic_vs_aggressive,team2,9,10,19,4.009537696838379
ceb27a6e-4dd2-4f16-b24b-549ac9a91aa2,aggressive_vs_conservative,team1,10,7,17,2.606905698776245
ed7ae325-fb23-4ee9-a8f7-4de42020f07b,aggressive_vs_conservative,team2,8,10,18,2.712707281112671
f8167d4c-ef87-47e5-81ad-37d2566fc223,opportunistic_vs_aggressive,team2,5,10,15,6.424442291259766
3253b75f-00e2-4e34-95df-fe62b14e84a8,conservative_vs_balanced,team1,10,5,15,1.2821044921875
<<<<<<< HEAD
04630e6d-2960-45e6-a0ba-14715c522b57,aggressive_vs_balanced,team2,7,10,17,1.8734149932861328
8a8b148b-76e4-4b5e-810f-33377d0797c3,mixed_vs_mixed,team1,10,4,14,2.391139507293701
=======
>>>>>>> notebook-branch
c123ed0b-0513-44b5-8109-7ae5a87de9f1,conservative_vs_balanced,team2,8,10,18,1.6617980003356934
97ab2454-42f4-473b-b772-37ddc008f0b0,aggressive_vs_conservative,team1,10,9,19,2.5843007564544678
559ed6db-4d5e-4c0d-a189-4c9f7dab6342,mixed_vs_mixed,team2,8,10,18,3.6397576332092285
868a752b-1c62-4e37-aa84-5b02155d9008,aggressive_vs_conservative,team2,4,10,14,4.147192478179932
d7c950cc-e52a-469c-bc65-5218038c2abc,conservative_vs_balanced,team1,10,7,17,5.854312419891357
642d74fa-391b-4bde-bc76-830e67dfd6a6,conservative_vs_balanced,team2,9,10,19,4.9742512702941895
c9689501-41fc-4edc-a2ab-11cc87fca44b,aggressive_vs_conservative,team2,8,10,18,4.824785947799683
879a404f-25c7-4457-879e-baee37af60b2,conservative_vs_balanced,team1,10,9,19,1.83827805519104
d6fa219d-3b88-47d4-89d5-f945489c7513,conservative_vs_balanced,team1,10,9,19,2.1404733657836914
baaa7d81-fe72-4864-8e33-06dbb8e06c3b,aggressive_vs_conservative,team2,5,10,15,1.295478343963623
<<<<<<< HEAD
972ad4cb-6a77-4771-bef7-059983a8812e,aggressive_vs_balanced,team2,4,10,14,1.0280845165252686
=======
>>>>>>> notebook-branch
c2f41183-9247-4463-bf44-ede393ad7b2c,aggressive_vs_balanced,team1,10,5,15,1.346367597579956
79d64f21-7a7a-4c98-9f4a-60e98cf4259f,mixed_vs_mixed,team2,9,10,19,3.6163723468780518
409beab0-2fb6-45ac-861e-f468ee5d1d1d,opportunistic_vs_aggressive,team2,5,10,15,4.191605806350708
0d9df61a-dd71-4e04-89bc-c280f413cda3,opportunistic_vs_aggressive,team1,10,7,17,5.399243593215942
baa45d9d-051b-4d70-a359-2645715dc20a,conservative_vs_balanced,team1,10,8,18,9.149189233779907
16efbc7f-18d4-4115-a6eb-fcc968defad9,mixed_vs_mixed,team1,10,8,18,6.609356641769409
32abae6e-0cfd-4daf-b58b-0701951aacff,aggressive_vs_balanced,team1,10,5,15,2.9457051753997803
c854cd8f-4f9e-4f65-9a6c-264064ee9d01,aggressive_vs_balanced,team1,10,9,19,0.736149787902832
43f3c78f-dc50-4234-8ea8-25a602ed4d03,aggressive_vs_conservative,team1,10,3,13,6.065690755844116
98cd6668-f3e9-476a-b0e7-b70f2ed92f37,aggressive_vs_balanced,team1,10,4,14,2.662806272506714
cc90f576-d06b-402c-847f-b9f04fc2c5d9,aggressive_vs_balanced,team1,10,4,14,1.8735122680664062
ff33d402-5d36-4cdc-9bdb-c76bfccd88d5,mixed_vs_mixed,team1,10,7,17,2.341646909713745
<<<<<<< HEAD
589a74de-d5bb-454a-be98-c39dca273368,aggressive_vs_conservative,team1,10,9,19,2.2880003452301025
ebf984fd-753f-4525-bd79-0294d090c774,conservative_vs_balanced,team1,10,7,17,3.8655877113342285
1c5b0b36-8d30-45b7-82fb-7936db985410,conservative_vs_balanced,team2,7,10,17,1.964064598083496
a240b708-c4c6-4a39-9c36-b2bc27825189,aggressive_vs_balanced,team2,4,10,14,2.0326430797576904
=======
1c5b0b36-8d30-45b7-82fb-7936db985410,conservative_vs_balanced,team2,7,10,17,1.964064598083496
>>>>>>> notebook-branch
c431c22b-4c24-4139-bbd4-8c49cdc3c3e5,aggressive_vs_balanced,team1,10,9,19,3.1904456615448
f449fde2-fb5f-4ffd-8f07-1e3026f8c3f9,mixed_vs_mixed,team1,10,9,19,1.8024239540100098
04da92b1-1029-406f-85b8-bbaa462d82fa,aggressive_vs_conservative,team1,10,7,17,4.36023473739624
6f0d67b6-5155-476e-a99a-1d67845aa344,aggressive_vs_conservative,team2,2,10,12,4.309406757354736
f2a20aff-0ec6-4b02-8c29-9dbafce12030,conservative_vs_balanced,team2,9,10,19,4.977644443511963
38ab1ac8-87ec-41b5-8efc-5656a7c25321,opportunistic_vs_aggressive,team1,10,9,19,1.4249348640441895
<<<<<<< HEAD
794baf67-8bb5-49fb-95e2-3c8f7a30490a,conservative_vs_balanced,team1,10,5,15,2.415518045425415
95fdb281-356e-461e-852c-120bb72b8d63,mixed_vs_mixed,team1,10,9,19,1.4016361236572266
257ec063-5d81-4f12-a331-102a8964523f,mixed_vs_mixed,team2,8,10,18,1.3678407669067383
=======
95fdb281-356e-461e-852c-120bb72b8d63,mixed_vs_mixed,team1,10,9,19,1.4016361236572266
>>>>>>> notebook-branch
f4bcc953-a2df-408a-90bd-b7009c179346,aggressive_vs_balanced,team2,5,10,15,4.6558837890625
8497d1e9-193e-4f93-aa08-dda1a3a36753,conservative_vs_balanced,team1,10,3,13,1.5908637046813965
505b3466-bd5c-4716-bc61-aacf54726ffe,aggressive_vs_conservative,team2,9,10,19,1.5219793319702148
3a38aa25-545f-4d9a-8537-41f064a40f3c,opportunistic_vs_aggressive,team2,8,10,18,2.8261263370513916
<<<<<<< HEAD
36236d94-a3e4-439e-8a48-b2018040ba8f,opportunistic_vs_aggressive,team1,10,6,16,1.8094708919525146
=======
>>>>>>> notebook-branch
80d93ae7-9096-45c5-ab2a-ecb9e635b0cd,aggressive_vs_conservative,team1,10,4,14,1.3948945999145508
7e29359a-b5a1-49ed-a7b7-fa4cb0d09661,conservative_vs_balanced,team1,10,7,17,3.8828625679016113
3c252638-417b-4d81-8cf8-94a8d9241512,mixed_vs_mixed,team2,8,10,18,6.488208293914795
b4fc015f-c7de-4629-add8-fe10877f47da,mixed_vs_mixed,team2,5,10,15,1.1829955577850342
e4027f8c-d7d1-4f17-9dac-9a7e428c68c5,conservative_vs_balanced,team2,4,10,14,1.345632553100586
dfa040e0-63db-4cfc-a6f5-1b1d2cccdfb2,aggressive_vs_conservative,team2,5,10,15,2.18678879737854
426ee86e-2de8-4b75-b235-711184e564b7,opportunistic_vs_aggressive,team2,9,10,19,3.65851092338562
504fdd32-7a7f-4346-92b6-c25824bf126f,opportunistic_vs_aggressive,team1,10,4,14,1.0322513580322266
c29216cd-b505-4d48-9ac6-c1ce850d354e,conservative_vs_balanced,team1,10,8,18,2.5637269020080566
72912b78-d392-45ea-a855-047c7061e8ff,aggressive_vs_balanced,team1,10,5,15,2.410757064819336
974f90cf-673e-46ab-9582-4ed4fec87e48,mixed_vs_mixed,team2,7,10,17,2.0942530632019043
<<<<<<< HEAD
5f4f3226-4320-49d1-bd5f-8ee47220fe59,aggressive_vs_balanced,team1,10,6,16,1.990217685699463
=======
>>>>>>> notebook-branch
2026e47f-b0ee-48f4-a4fe-b8e58e59ea9d,mixed_vs_mixed,team2,7,10,17,0.6561532020568848
c485b8e7-f073-4c1a-800f-8e345122f495,opportunistic_vs_aggressive,team2,7,10,17,1.0914554595947266
89f47f57-fd41-4a6f-b50b-9aec20e180e9,conservative_vs_balanced,team1,10,8,18,4.734035968780518
9c228579-ec6a-481b-941b-11d5cadfda19,opportunistic_vs_aggressive,team1,10,9,19,1.5786964893341064
dad6cce4-ea8e-4c8c-9142-7c9b2ad9af43,aggressive_vs_conservative,team2,8,10,18,3.956695556640625
7897c269-4782-4f11-a00b-ef3ea3bc3d36,aggressive_vs_conservative,team1,10,7,17,2.9936604499816895
eeef23f3-6e09-4e71-853c-e14c7ad07b82,opportunistic_vs_aggressive,team2,9,10,19,3.2055091857910156
4575d59f-ea8f-4081-83da-3c9964d371f2,conservative_vs_balanced,team2,9,10,19,8.049020528793335
3a6fd8b8-c44a-412c-b4ba-d6fc1cc9a5af,aggressive_vs_conservative,team1,10,3,13,5.994107961654663
<<<<<<< HEAD
5c22d12d-a016-435b-817d-75425d39c4bb,mixed_vs_mixed,team2,8,10,18,3.534116744995117
=======
>>>>>>> notebook-branch
1397df52-2d0a-452c-a7d0-a4dcb3787d7f,aggressive_vs_balanced,team1,10,8,18,3.579763174057007
9d2d4110-8608-4582-ab2c-ebd8cd1205eb,aggressive_vs_balanced,team1,10,9,19,5.6286845207214355
05f84b5c-7a13-49ff-a6bb-1142fcb5634f,conservative_vs_balanced,team2,8,10,18,3.9598324298858643
62adccb3-755b-4962-b082-8202a85ebbd6,aggressive_vs_balanced,team1,10,9,19,3.558840751647949
b60e7c8f-5b5f-4a48-ad5d-5e19c51c37d6,opportunistic_vs_aggressive,team2,9,10,19,2.319666624069214
9f6c9ac6-e99a-423a-8df5-b6cff7203f68,conservative_vs_balanced,team1,10,7,17,2.4499640464782715
d8bd7bd2-43c6-4035-a564-3dd408532fe3,opportunistic_vs_aggressive,team1,10,8,18,6.508732795715332
f1388a52-c2cb-465a-94e3-56d269592e62,mixed_vs_mixed,team1,10,8,18,3.164915084838867
0e317733-51ca-4ffa-9536-d03df3b5cc59,aggressive_vs_conservative,team1,10,7,17,6.822582244873047
<<<<<<< HEAD
6c2af85b-ecdf-4e57-b86f-289aa17f1008,opportunistic_vs_aggressive,team2,3,10,13,2.5666139125823975
aba472d8-0c31-46ca-896f-ebf012ce71e8,mixed_vs_mixed,team1,10,7,17,2.1573545932769775
=======
>>>>>>> notebook-branch
691f51cb-7407-407d-940c-77accbf274c6,conservative_vs_balanced,team2,5,10,15,4.943269968032837
174e7ef0-4124-452b-9b2c-a57868fe1d75,aggressive_vs_conservative,team1,10,6,16,6.817927360534668
2f9f6623-cf99-4c8b-96fb-0d428cfcdeeb,aggressive_vs_balanced,team1,10,8,18,1.1958258152008057
21d5a326-0b4b-4c19-83d6-2fa128835adb,aggressive_vs_conservative,team1,10,7,17,2.7512154579162598
12d3eb3f-271b-4a36-ba49-b55c19b0826c,aggressive_vs_balanced,team2,4,10,14,1.884918451309204
cd224b6b-fd85-4a70-9fd6-e23a862a02e5,aggressive_vs_balanced,team2,5,10,15,2.625819444656372
213e2cbd-e380-4bfa-bbb4-b6ffb83bec0c,mixed_vs_mixed,team2,9,10,19,5.472816705703735
<<<<<<< HEAD
bf3f6a0f-723a-41b4-9a2e-34ed229f03e2,aggressive_vs_balanced,team1,10,9,19,2.764935255050659
3501c583-e37d-448a-b7da-0f92202bc7ea,aggressive_vs_conservative,team1,10,9,19,3.467916965484619
465695ca-66e0-4941-b962-ed814762ad22,conservative_vs_balanced,team2,9,10,19,2.896862030029297
a0fd5be8-9f47-404c-8b2c-be8d2fcc103e,aggressive_vs_conservative,team1,10,8,18,1.5226702690124512
=======
>>>>>>> notebook-branch
950a84d9-71ac-4c95-8feb-fcffe5719d08,aggressive_vs_balanced,team2,9,10,19,2.32077693939209
bc5a42ed-c693-445c-9ffc-f03e1d409db4,conservative_vs_balanced,team2,8,10,18,4.730998992919922
631350ba-e9a0-4e39-bed9-8cb9c3f38bfd,opportunistic_vs_aggressive,team1,10,3,13,0.5742595195770264
349c1a8b-ce21-47cf-9181-fe3f12a04797,aggressive_vs_balanced,team2,6,10,16,1.4259428977966309
f4af96af-09c7-4411-bd0e-96786b2779b5,opportunistic_vs_aggressive,team2,5,10,15,3.1806602478027344
79180147-5faa-4f6c-b414-b117b6180558,conservative_vs_balanced,team1,10,5,15,2.4335556030273438
<<<<<<< HEAD
85debe8f-de1c-415f-b76f-a086caaa7985,conservative_vs_balanced,team1,10,5,15,1.301971673965454
=======
>>>>>>> notebook-branch
84c15960-eca9-430f-a529-8995a09532a3,mixed_vs_mixed,team1,10,7,17,1.2270054817199707
e2613314-a64b-43a3-90dd-1e2f1d91fb7c,aggressive_vs_conservative,team2,7,10,17,2.34309983253479
b1f387f1-6371-4fc8-b9ae-cc20088287ca,opportunistic_vs_aggressive,team1,10,8,18,5.464565277099609
25058c68-5e61-4ee4-bb4a-1d65f8c3e0c4,opportunistic_vs_aggressive,team2,9,10,19,2.4774329662323
ee143be8-dd6a-4019-b6dc-353ab859a44e,mixed_vs_mixed,team1,10,6,16,3.6786386966705322
<<<<<<< HEAD
75121193-1192-40b0-9e50-7c2496eadef3,opportunistic_vs_aggressive,team1,10,8,18,1.876601219177246
=======
>>>>>>> notebook-branch
3d7ae240-ed4c-4d75-9f13-84ffef610114,aggressive_vs_conservative,team1,10,4,14,2.4396893978118896
ddc9c489-915d-4180-8f2f-a3e8b205f226,aggressive_vs_balanced,team2,9,10,19,3.549194097518921
e4686eb8-eb1f-4250-a064-366a37959295,opportunistic_vs_aggressive,team1,10,5,15,2.0403499603271484
34b5c2cf-5dc6-41b9-a7d8-b7f3ddc90821,mixed_vs_mixed,team2,7,10,17,3.6796321868896484
19fe92fe-87c4-4f1c-ae6d-3afda6a2d996,opportunistic_vs_aggressive,team2,4,10,14,1.8815219402313232
fce59656-4e66-4b10-bdb5-05fd66a59c78,mixed_vs_mixed,team1,10,7,17,1.1144046783447266
14899105-2a4d-488e-b640-28f51541dd90,mixed_vs_mixed,team2,9,10,19,2.4167721271514893
eed0460d-08f9-4085-8d5e-c87d322d8ca5,conservative_vs_balanced,team2,6,10,16,4.7905049324035645
19527dc3-98ad-41fd-84f7-00a8c93fa1e5,conservative_vs_balanced,team2,6,10,16,2.8076765537261963
e9170ea9-7b1f-45a8-a956-884f9d41b644,aggressive_vs_conservative,team2,9,10,19,2.633234977722168
a76c05c8-c64c-406d-86e8-ad6827d34c5c,mixed_vs_mixed,team1,10,9,19,3.30574369430542
19c864c2-ea1f-469b-b63a-a4e2b6f21bab,conservative_vs_balanced,team1,10,5,15,2.691253185272217
6c69c0c3-621c-4d70-85f0-407cec804bc0,aggressive_vs_balanced,team2,6,10,16,3.586730480194092
7823482b-f8eb-4d12-a07c-a60cc5b019df,aggressive_vs_conservative,team1,10,8,18,1.4396073818206787
<<<<<<< HEAD
1126167b-04a4-4bdb-8c91-bd94704f8fb1,conservative_vs_balanced,team2,4,10,14,1.4323601722717285
=======
>>>>>>> notebook-branch
10df7f12-3f59-4d10-b239-43e42eafcd4d,conservative_vs_balanced,team2,6,10,16,0.9181461334228516
28c7c284-3184-4639-bb60-dfacaf174b22,conservative_vs_balanced,team2,9,10,19,3.0455162525177
e8b7de51-d051-4087-ac04-3eeb6a818354,opportunistic_vs_aggressive,team1,10,7,17,1.422504186630249
e24161da-881a-410f-a9e9-219bca058715,opportunistic_vs_aggressive,team2,4,10,14,3.313664436340332
7cf72707-b4ce-4df0-85e4-011400f57362,aggressive_vs_conservative,team1,10,4,14,3.1138575077056885
d19a8976-6840-4d86-a4cc-a8949de319b6,conservative_vs_balanced,team1,10,5,15,8.928890466690063
1df69eaf-92a1-4943-881c-c281bd4ba0bf,aggressive_vs_balanced,team1,10,7,17,1.6949856281280518
631849e8-8033-4a27-b7b3-2ea7d7973680,conservative_vs_balanced,team1,10,9,19,3.324129343032837
96b2177b-e2bf-40c5-aa15-aa89c88cbdb1,conservative_vs_balanced,team2,8,10,18,1.0151026248931885
360e9362-aa43-4d04-9bc8-b48478e51ac3,conservative_vs_balanced,team1,10,0,10,1.0527918338775635
<<<<<<< HEAD
1821939e-1620-44a0-a187-b26cef3ddf78,conservative_vs_balanced,team1,10,5,15,1.510206937789917
=======
>>>>>>> notebook-branch
37758764-038d-414b-9ef0-45eb9e6cdfef,aggressive_vs_conservative,team2,7,10,17,2.261404514312744
05d36bf5-894b-47a8-8b82-bb1425005271,mixed_vs_mixed,team2,5,10,15,2.2239158153533936
6665ef4d-4049-4ef3-9879-882dc26bde9f,aggressive_vs_balanced,team2,7,10,17,5.223284959793091
04446974-e534-42ea-aafe-7d5891080cf6,conservative_vs_balanced,team1,10,8,18,3.343196392059326
8ca9bf37-b2d7-4520-9a97-ff7bc27baf61,opportunistic_vs_aggressive,team1,10,7,17,6.229488134384155
f597ebd7-84ef-4124-a18a-1a866e9c9764,aggressive_vs_balanced,team1,10,9,19,3.6241507530212402
<<<<<<< HEAD
d4dd4cb0-cc33-46c8-8057-903a55ecbb9e,aggressive_vs_balanced,team1,10,8,18,1.2839138507843018
e4711345-5e80-4359-830e-ee2d45834c50,mixed_vs_mixed,team1,10,1,11,3.071474075317383
f6a3cdad-c30b-4d66-a6a4-7ee7c72369b1,mixed_vs_mixed,team2,5,10,15,1.1231048107147217
62909eb6-2a9e-47ea-b61c-ddb52ebf8702,mixed_vs_mixed,team2,7,10,17,3.372631072998047
=======
e4711345-5e80-4359-830e-ee2d45834c50,mixed_vs_mixed,team1,10,1,11,3.071474075317383
f6a3cdad-c30b-4d66-a6a4-7ee7c72369b1,mixed_vs_mixed,team2,5,10,15,1.1231048107147217
>>>>>>> notebook-branch
5882e221-f41b-46b5-bf75-29e82c11b693,opportunistic_vs_aggressive,team2,7,10,17,2.3171463012695312
74013b25-c579-4128-96bd-d75a7b1e6c45,mixed_vs_mixed,team1,10,8,18,6.032631874084473
a4f1d234-8ca5-40cf-aa3e-15b1e42a9790,aggressive_vs_conservative,team2,9,10,19,3.9044079780578613
481a29df-873e-40fb-b17b-a95762cf21f9,conservative_vs_balanced,team2,7,10,17,9.204923868179321
33cf6535-6df8-4417-ac30-0d67c1e6f207,opportunistic_vs_aggressive,team1,10,9,19,0.7572207450866699
e964d5fe-9a23-4d41-83e3-1bc52ee74ddb,opportunistic_vs_aggressive,team2,9,10,19,5.960219621658325
cf6b7e8a-50e3-49f0-9e18-70c778c42bb0,mixed_vs_mixed,team1,10,6,16,3.3942151069641113
08dc3c1b-dc98-43d7-b2a6-6c7692a2d8d6,opportunistic_vs_aggressive,team2,9,10,19,5.919965982437134
d24bdb0e-3de9-4533-98dd-b1805c60d4f5,opportunistic_vs_aggressive,team2,9,10,19,2.7327940464019775
47b1f211-e775-4d64-bdcb-a3736c5c0c6b,conservative_vs_balanced,team1,10,8,18,1.726175308227539
<<<<<<< HEAD
e97fa61a-5c77-4e97-bf8d-951012ed9328,conservative_vs_balanced,team2,6,10,16,1.4794962406158447
=======
>>>>>>> notebook-branch
88d7cf40-9886-44eb-ad27-8a3c9b3b5b4d,mixed_vs_mixed,team2,6,10,16,3.9217374324798584
2362bc57-45c2-48e1-9cea-88fad781359c,mixed_vs_mixed,team1,10,9,19,1.3087620735168457
ac39b799-a2bd-4969-81eb-b0dd370bdaa1,mixed_vs_mixed,team2,7,10,17,1.2547454833984375
cf4274bf-354b-4183-afa7-0bd96c58fd0f,conservative_vs_balanced,team1,10,8,18,8.4970121383667
00e1653f-5f35-40e4-b9cc-4a9019eedf46,opportunistic_vs_aggressive,team1,10,2,12,0.5261118412017822
561f42c1-0a9c-4589-a2ad-1d6007a0c5c3,aggressive_vs_conservative,team2,9,10,19,1.654588222503662
<<<<<<< HEAD
454d44d3-b4fd-4e22-973c-740edba9af70,aggressive_vs_balanced,team1,10,6,16,1.7983651161193848
85193060-b51c-4d1c-8463-a833b3588cb2,conservative_vs_balanced,team1,10,4,14,1.2041516304016113
aa90ba3b-a90b-4b03-99d0-1cf93cc29c87,aggressive_vs_conservative,team2,4,10,14,1.21555495262146
f6bb548b-eab4-442b-8342-7d1ac6636108,mixed_vs_mixed,team2,5,10,15,3.2089736461639404
d7989727-3130-4e7d-bfc1-ec7e658df921,opportunistic_vs_aggressive,team2,6,10,16,2.506333351135254
e739a83e-eaf4-48b8-82b9-f0efce09216c,aggressive_vs_conservative,team2,8,10,18,1.5738017559051514
807ed06f-e627-4584-9b69-d4cbe70ff5c7,aggressive_vs_conservative,team2,7,10,17,6.869880437850952
6d1c75fd-63df-41d6-90a7-e1e6ba3a35ea,mixed_vs_mixed,team2,5,10,15,2.1447205543518066
2e710812-7ed0-4e66-bd84-b4cb885905e6,mixed_vs_mixed,team1,10,7,17,6.351269483566284
3c084b4a-e3d0-4917-bef4-0d0c618e361d,aggressive_vs_conservative,team2,2,10,12,1.1804816722869873
4fec9a7b-a60b-418e-b2b6-2735771c39e8,mixed_vs_mixed,team2,6,10,16,2.260453224182129
=======
d7989727-3130-4e7d-bfc1-ec7e658df921,opportunistic_vs_aggressive,team2,6,10,16,2.506333351135254
e739a83e-eaf4-48b8-82b9-f0efce09216c,aggressive_vs_conservative,team2,8,10,18,1.5738017559051514
807ed06f-e627-4584-9b69-d4cbe70ff5c7,aggressive_vs_conservative,team2,7,10,17,6.869880437850952
2e710812-7ed0-4e66-bd84-b4cb885905e6,mixed_vs_mixed,team1,10,7,17,6.351269483566284
3c084b4a-e3d0-4917-bef4-0d0c618e361d,aggressive_vs_conservative,team2,2,10,12,1.1804816722869873
>>>>>>> notebook-branch
c29e5dcd-8793-4ad7-878d-5664f6bce61b,opportunistic_vs_aggressive,team1,10,7,17,4.685739755630493
bea8fd26-5dbc-4630-8dae-86d1cffbffc1,opportunistic_vs_aggressive,team2,9,10,19,2.474921464920044
5abe1b0a-36b1-4e30-b949-63cbe7f9df19,opportunistic_vs_aggressive,team2,6,10,16,1.6426761150360107
a3142672-0a09-4783-a80b-4a6a38496204,aggressive_vs_balanced,team1,10,5,15,1.0543696880340576
bae83c42-d996-4b5b-978b-40392a341f1d,opportunistic_vs_aggressive,team2,3,10,13,2.390688419342041
136a732a-551b-4cda-9909-495a91b40625,aggressive_vs_balanced,team2,7,10,17,3.699223041534424
<<<<<<< HEAD
d504b643-6bdb-44c9-832e-4c4196f5d989,conservative_vs_balanced,team2,7,10,17,1.4714889526367188
f38f9770-0a90-4e46-864a-2844ee615f25,conservative_vs_balanced,team1,10,7,17,0.9423727989196777
63f7812e-94d8-4398-af37-0ba0d170f66a,aggressive_vs_balanced,team1,10,8,18,2.8665287494659424
=======
f38f9770-0a90-4e46-864a-2844ee615f25,conservative_vs_balanced,team1,10,7,17,0.9423727989196777
>>>>>>> notebook-branch
977bdb0a-373f-43f5-8c6e-b27762198253,aggressive_vs_conservative,team1,10,6,16,2.616185426712036
84bb5e7e-9f9d-405d-b09e-f368ccffffe4,aggressive_vs_conservative,team1,10,8,18,5.851274251937866
6a0ce0ec-06c2-4e97-856e-773b481c1cd4,aggressive_vs_conservative,team2,6,10,16,6.90629243850708
a54e9940-ebb3-4c59-973c-89d1a6473cb2,opportunistic_vs_aggressive,team2,9,10,19,2.116013288497925
8ab8c953-890c-4c81-8f8b-33988bbeb868,opportunistic_vs_aggressive,team2,8,10,18,6.493975639343262
5d2a3ed5-350e-4bc6-aeff-f2bf881401ff,mixed_vs_mixed,team1,10,5,15,1.128631353378296
99da51c9-86f0-4da3-929a-171bcd463fc9,mixed_vs_mixed,team2,6,10,16,4.952249526977539
04d5d40c-e73d-41b2-9ec5-983bf9f898fc,aggressive_vs_balanced,team2,9,10,19,2.7004315853118896
1b2b07ba-caac-4476-ac8f-428391f069cb,aggressive_vs_conservative,team1,10,3,13,5.282614469528198
ce5cadd7-3203-4c58-bf50-6b58a218a70c,mixed_vs_mixed,team2,7,10,17,1.2612314224243164
5a8a1d88-98e9-4a26-b07c-c7b9460228c6,aggressive_vs_conservative,team1,10,8,18,1.6744146347045898
044b2261-791d-45c1-bfe1-cb3e8c45ea80,aggressive_vs_conservative,team1,10,7,17,5.139810562133789
d687a617-7a5e-499d-9a80-a86c05e572b5,opportunistic_vs_aggressive,team2,8,10,18,2.4762258529663086
3b7218ee-3fa5-43b8-8f2a-9043fa7ac078,aggressive_vs_conservative,team1,10,4,14,5.5778586864471436
de456400-02c4-41f2-a743-9ac4a241c839,conservative_vs_balanced,team1,10,9,19,2.8284947872161865
5022dcdc-1e65-4344-b472-43f61d33b739,conservative_vs_balanced,team2,7,10,17,3.543283700942993
<<<<<<< HEAD
85908904-251e-4688-8923-f2c9b2c178e7,aggressive_vs_balanced,team1,10,5,15,2.943366765975952
2a8d93bd-56bf-47ba-ad33-cfa5e99aacc8,aggressive_vs_balanced,team1,10,7,17,1.3283133506774902
1f4bbe08-d9b0-428a-9295-9417cc3b6557,opportunistic_vs_aggressive,team2,7,10,17,1.6931266784667969
692fe86c-cbe2-4906-aaa4-66f5e56f0a89,aggressive_vs_conservative,team2,7,10,17,2.725954294204712
78163fcb-9b26-4170-8884-0d181db75f67,aggressive_vs_balanced,team2,5,10,15,1.226513147354126
7e72d1be-f827-4558-8e7b-080127e711bd,aggressive_vs_balanced,team2,6,10,16,1.077972173690796
24a2ebec-cc85-4388-947f-6c264eb72765,mixed_vs_mixed,team1,10,6,16,4.914186477661133
df33d68b-a32c-469f-8a54-10ea4ffb1e7b,opportunistic_vs_aggressive,team1,10,8,18,2.8359155654907227
3630b40f-7fe7-4caf-b025-5b2d7a7616ca,opportunistic_vs_aggressive,team1,10,7,17,2.5734095573425293
adc79062-832f-470d-a0ac-bc95998fca25,opportunistic_vs_aggressive,team1,10,9,19,1.9595141410827637
1a90c7cb-ffe4-42af-9c9c-a1aa79767468,opportunistic_vs_aggressive,team2,5,10,15,0.6587278842926025
638afe52-25d4-4f20-8bc1-e1f81e982215,opportunistic_vs_aggressive,team2,7,10,17,2.7038347721099854
=======
2a8d93bd-56bf-47ba-ad33-cfa5e99aacc8,aggressive_vs_balanced,team1,10,7,17,1.3283133506774902
78163fcb-9b26-4170-8884-0d181db75f67,aggressive_vs_balanced,team2,5,10,15,1.226513147354126
7e72d1be-f827-4558-8e7b-080127e711bd,aggressive_vs_balanced,team2,6,10,16,1.077972173690796
24a2ebec-cc85-4388-947f-6c264eb72765,mixed_vs_mixed,team1,10,6,16,4.914186477661133
3630b40f-7fe7-4caf-b025-5b2d7a7616ca,opportunistic_vs_aggressive,team1,10,7,17,2.5734095573425293
1a90c7cb-ffe4-42af-9c9c-a1aa79767468,opportunistic_vs_aggressive,team2,5,10,15,0.6587278842926025
>>>>>>> notebook-branch
13cb0663-8c10-45d3-a7ed-fdfc9db3de94,aggressive_vs_balanced,team2,4,10,14,4.082490921020508
046b5e04-68fd-4667-9bd8-cbd6f07b9902,aggressive_vs_balanced,team2,8,10,18,0.7538838386535645
cf85803e-3fd8-4b2f-899e-cc5df4336ad1,aggressive_vs_balanced,team1,10,4,14,2.8334848880767822
5f614741-4a0f-4dac-8930-1fd77bc57551,aggressive_vs_balanced,team1,10,9,19,2.760392904281616
27b05e39-ec7d-4817-ab40-9f313721c4f3,mixed_vs_mixed,team1,10,6,16,5.359622955322266
6f2c839e-c14c-46d3-b4b2-013478f4d3d4,aggressive_vs_balanced,team2,5,10,15,5.770996332168579
25396577-74e8-4dde-a90e-e8eea58c6062,conservative_vs_balanced,team1,10,2,12,3.256207227706909
1e6f20af-4f70-40fc-9a84-8e240d71c02a,opportunistic_vs_aggressive,team2,9,10,19,4.624895334243774
c6f0c187-fc04-41d7-b10a-5bcda34aba9b,aggressive_vs_balanced,team2,2,10,12,1.013936996459961
<<<<<<< HEAD
16d52a37-c99a-46c9-a51d-fec1b620d76d,opportunistic_vs_aggressive,team1,10,2,12,1.691019058227539
ffa5132e-e6b2-47bf-947d-307c125d02be,aggressive_vs_balanced,team1,10,8,18,1.944253921508789
c1d02064-c50d-4247-ba80-0f48d54d31e9,opportunistic_vs_aggressive,team1,10,3,13,3.342484474182129
a99ba22b-5e69-49fd-894a-affa6d94bca2,opportunistic_vs_aggressive,team2,8,10,18,1.1810438632965088
=======
ffa5132e-e6b2-47bf-947d-307c125d02be,aggressive_vs_balanced,team1,10,8,18,1.944253921508789
c1d02064-c50d-4247-ba80-0f48d54d31e9,opportunistic_vs_aggressive,team1,10,3,13,3.342484474182129
>>>>>>> notebook-branch
a5e8efe9-0f6c-4ab6-b55b-ed749c8639b7,aggressive_vs_balanced,team1,10,5,15,2.367654800415039
fd66185b-63fa-445e-a9f6-59a75fe3149a,mixed_vs_mixed,team1,10,8,18,0.641939640045166
59952ce4-57ae-4df9-b54d-c0e6d597fecd,aggressive_vs_balanced,team2,7,10,17,1.1434178352355957
911496e2-1c45-4cf2-b18e-a7de06f40140,opportunistic_vs_aggressive,team2,5,10,15,1.5783753395080566
256428e0-7410-4f0f-a6bb-2c67a1796b61,aggressive_vs_conservative,team2,5,10,15,4.689120292663574
d414d270-d957-4bfb-bfa3-9a73d7c0be8a,opportunistic_vs_aggressive,team2,7,10,17,3.6139702796936035
bc645b4a-6994-4ddb-99b2-404d995f9ba2,conservative_vs_balanced,team2,9,10,19,2.889422655105591
<<<<<<< HEAD
88009d74-ae56-40ca-8f3c-71cfda04a18f,mixed_vs_mixed,team1,10,7,17,3.580082416534424
=======
>>>>>>> notebook-branch
d9d3dc29-788d-4f21-9079-b1080198be8e,aggressive_vs_balanced,team2,7,10,17,2.7442355155944824
449ab3f0-0dff-4adb-be16-4fb681e925a9,opportunistic_vs_aggressive,team1,10,8,18,1.1775188446044922
3fd7b13c-0025-4ef5-9d2c-9ab3f44e174d,opportunistic_vs_aggressive,team2,1,10,11,3.947366237640381
9068e6b0-5bc1-46e5-a1a0-334c106efcda,conservative_vs_balanced,team1,10,8,18,9.401655912399292
cc994095-4168-4bce-a8f6-ddc307dedc20,opportunistic_vs_aggressive,team1,10,6,16,1.172865867614746
9b5463db-dfe5-45b6-bea1-591ca1c801ff,opportunistic_vs_aggressive,team2,7,10,17,3.3884966373443604
<<<<<<< HEAD
10e67db1-4594-4cbd-99d3-d4e2ab4ba0ac,conservative_vs_balanced,team1,10,6,16,1.5264675617218018
b380363b-0aa6-46a9-994a-79eb4557bce0,opportunistic_vs_aggressive,team1,10,8,18,1.1419398784637451
da634ba7-b47b-4d19-bc10-a8408e684a19,conservative_vs_balanced,team2,8,10,18,2.549588441848755
47d9ee91-5809-48cd-8bd8-d4cc9d94aa45,aggressive_vs_balanced,team2,7,10,17,3.0846798419952393
=======
da634ba7-b47b-4d19-bc10-a8408e684a19,conservative_vs_balanced,team2,8,10,18,2.549588441848755
>>>>>>> notebook-branch
e9f0194c-0484-4a45-a8e2-2be62ff28307,mixed_vs_mixed,team1,10,5,15,6.492006778717041
d19fcff6-ce6e-4de0-a22b-b7b008689d46,aggressive_vs_balanced,team2,9,10,19,3.83711576461792
16651521-5a27-4b4e-9775-bbd1c48f7a62,opportunistic_vs_aggressive,team1,10,5,15,3.002901554107666
100ba12c-5dd1-494b-9a93-e3f72cc02c43,aggressive_vs_balanced,team1,10,2,12,1.6175048351287842
21da96b7-e060-446f-99b2-ba993e0fba1b,conservative_vs_balanced,team2,9,10,19,1.9193360805511475
7e7ce3c3-da37-48cb-be42-188da1b09530,conservative_vs_balanced,team1,10,7,17,2.714672565460205
<<<<<<< HEAD
43314bed-a16b-48cc-8894-bb55920ea950,aggressive_vs_conservative,team1,10,7,17,3.7029426097869873
=======
>>>>>>> notebook-branch
26bd5b8d-642f-423f-98ff-b100755fc843,aggressive_vs_conservative,team1,10,6,16,2.585965871810913
52fb3c80-95b1-4f8c-b9b8-20881e43f660,mixed_vs_mixed,team1,10,6,16,4.33380389213562
99594c18-d454-46a8-8caa-d11c0d5828d8,aggressive_vs_balanced,team2,9,10,19,2.094621419906616
23b6b080-43c6-4694-a941-932074768096,conservative_vs_balanced,team2,5,10,15,1.3746957778930664
5eefe00f-6925-4403-9a2e-62a9e245f663,aggressive_vs_balanced,team1,10,9,19,3.762727737426758
b047411f-def8-42d0-8bd1-28d9efd6f107,conservative_vs_balanced,team1,10,4,14,2.0598669052124023
69ab8f57-224d-4d53-88db-9969c2ecac94,aggressive_vs_conservative,team1,10,9,19,1.0403053760528564
c396d050-adf6-4081-81ca-bc7013bd8bd6,aggressive_vs_conservative,team2,9,10,19,6.88005256652832
de495db2-0186-4b1a-91ef-ea10dab61b31,opportunistic_vs_aggressive,team2,4,10,14,3.112255573272705
650addca-eb76-4569-95b7-79d4285f3551,mixed_vs_mixed,team1,10,9,19,6.661785840988159
ee425a1f-0eb1-437c-8058-8825432b85d8,aggressive_vs_balanced,team1,10,8,18,4.928454637527466
5252457b-a246-4c99-a44a-440b48acb36c,conservative_vs_balanced,team2,9,10,19,4.934908390045166
0c2af3d2-3deb-41f5-b4ff-28c761351c73,conservative_vs_balanced,team2,8,10,18,2.9061129093170166
<<<<<<< HEAD
311d048d-08c7-4cce-ae71-3f980e756523,opportunistic_vs_aggressive,team2,7,10,17,2.0034584999084473
c3ccc452-6be7-4d63-acac-8b4a18cdacd8,mixed_vs_mixed,team2,0,10,10,6.043699502944946
51f2c6a9-f60d-40fd-8305-cf6be90dfe3d,mixed_vs_mixed,team1,10,4,14,0.5695486068725586
f36e8ee6-b93d-4b73-84ab-0080c9e6d1f4,aggressive_vs_balanced,team1,10,8,18,1.8591690063476562
=======
c3ccc452-6be7-4d63-acac-8b4a18cdacd8,mixed_vs_mixed,team2,0,10,10,6.043699502944946
51f2c6a9-f60d-40fd-8305-cf6be90dfe3d,mixed_vs_mixed,team1,10,4,14,0.5695486068725586
>>>>>>> notebook-branch
deecd896-a518-4ba9-bb16-200ca8b4fa65,mixed_vs_mixed,team2,2,10,12,2.6991262435913086
bf47f0a5-fb71-45e9-a03e-1c611cc9a732,mixed_vs_mixed,team1,10,5,15,3.0056893825531006
be511c96-1310-41c6-955d-953a1f6c590b,mixed_vs_mixed,team1,10,9,19,1.3305034637451172
aa286eaf-88ff-4481-981e-f64b2232dc38,conservative_vs_balanced,team2,9,10,19,4.209475755691528
dfc2fce5-1686-471d-9602-16e76b3649b3,aggressive_vs_balanced,team2,9,10,19,2.2824368476867676
<<<<<<< HEAD
4e07b2ea-4e63-4ebc-bcea-3f3c8dc61d9b,aggressive_vs_balanced,team2,3,10,13,0.9978704452514648
=======
>>>>>>> notebook-branch
bd437b84-4cdf-4e9d-a491-ef19c55a90fd,mixed_vs_mixed,team1,10,6,16,0.6395931243896484
55bbe824-a607-4859-a4c6-319200d5e5f9,opportunistic_vs_aggressive,team1,10,8,18,2.329219341278076
0d25314b-a2ba-42b1-b928-97a703d1b1b7,aggressive_vs_balanced,team2,5,10,15,5.359262228012085
7909ded5-b125-44c2-9695-ffd4d714e020,conservative_vs_balanced,team2,7,10,17,1.8191852569580078
4076859e-6269-4c33-b2c8-ee96f5f63f38,aggressive_vs_conservative,team1,10,5,15,3.6487998962402344
<<<<<<< HEAD
f27f58c0-f3c5-4f30-9a18-a65b12843606,aggressive_vs_conservative,team2,9,10,19,1.6586482524871826
=======
>>>>>>> notebook-branch
9edc6627-47d6-4f36-8fbd-a897d0e42ba3,opportunistic_vs_aggressive,team1,10,9,19,5.0183961391448975
fb3749a7-c6f2-49da-8943-03ccdd2ab2bd,aggressive_vs_balanced,team1,10,5,15,4.381411552429199
f7fc4521-23dc-468c-b472-9f44ac973697,conservative_vs_balanced,team2,7,10,17,6.114500045776367
82b78fc0-433f-4c4a-b293-9f67ee502622,conservative_vs_balanced,team2,8,10,18,8.548654794692993
4c4d0d83-af52-4bea-b769-e6bc2d932f34,mixed_vs_mixed,team1,10,8,18,2.0268616676330566
1fec1109-7ee7-4030-801f-196534dcb5d5,opportunistic_vs_aggressive,team2,6,10,16,6.269140005111694
<<<<<<< HEAD
38dfec3e-0d79-4c04-8623-a38284bc2666,opportunistic_vs_aggressive,team1,10,6,16,2.613565683364868
=======
>>>>>>> notebook-branch
723f5056-4866-4569-8f94-f07f2426d709,aggressive_vs_conservative,team2,8,10,18,4.235280275344849
8eeb81b8-591b-4ce8-b589-0226dadc0e40,opportunistic_vs_aggressive,team2,7,10,17,1.6162352561950684
90174288-4b28-41d2-8696-b5cab8565547,aggressive_vs_conservative,team1,10,7,17,3.6472463607788086
980cc01c-54de-4820-b7e0-fb4d0d36791e,mixed_vs_mixed,team1,10,7,17,1.7997791767120361
936f40c7-7857-4eef-98a5-996c64c64814,aggressive_vs_balanced,team2,9,10,19,2.0444140434265137
6eb53fe8-1860-43cc-a944-9bf3a72213bd,conservative_vs_balanced,team1,10,9,19,9.129827737808228
805b6250-2d1b-40e9-89e1-1e0202fe85ef,opportunistic_vs_aggressive,team2,7,10,17,0.7076029777526855
2ed443c8-562a-4277-8e56-7ec4cc3a2aba,mixed_vs_mixed,team1,10,7,17,4.886115074157715
8a15920b-cfcb-4fc7-93ce-393607e958f6,aggressive_vs_conservative,team1,10,6,16,7.057476997375488
47c3cc9f-d977-4a8d-b69d-e5a76ce028a4,aggressive_vs_balanced,team1,10,8,18,1.4213533401489258
af5caac2-5ffd-48c5-8482-d86afc55e4ed,mixed_vs_mixed,team1,10,6,16,2.1226227283477783
1b649be8-4c25-4ca9-bf12-a5e6c32d5984,aggressive_vs_balanced,team2,3,10,13,2.6048669815063477
6771bba7-bd03-48c9-8499-fe299e42a05f,conservative_vs_balanced,team1,10,7,17,4.71026349067688
<<<<<<< HEAD
8ccbb6d5-e555-48da-a1bd-d86ba23b54b3,aggressive_vs_balanced,team1,10,5,15,1.9421184062957764
=======
>>>>>>> notebook-branch
9b9b0454-1986-4492-9497-5f04fd1df4df,conservative_vs_balanced,team2,6,10,16,1.7880232334136963
ff38d375-178c-450b-ae6b-0a6e2e6ddbb2,opportunistic_vs_aggressive,team1,10,9,19,1.4731223583221436
c45100fa-d1d6-4f10-91fa-0499a902cf1e,conservative_vs_balanced,team2,9,10,19,4.016921520233154
a2da12d7-880c-4e62-bafd-b047f034d8dd,conservative_vs_balanced,team2,8,10,18,7.585829019546509
e882a8da-e0a7-45ee-9334-b663658dbd3e,mixed_vs_mixed,team2,7,10,17,5.2313690185546875
a21d2572-7ae5-4520-b42c-c14c1630df8a,aggressive_vs_balanced,team1,10,5,15,3.7213661670684814
4da69c7b-cb72-4ae0-a137-7b50ac688083,conservative_vs_balanced,team2,7,10,17,9.144412994384766
<<<<<<< HEAD
c5927063-c9ed-4f1d-a32d-b0b518a2e5d8,opportunistic_vs_aggressive,team1,10,9,19,2.5500686168670654
=======
>>>>>>> notebook-branch
845d2aaa-5cc2-4894-ae84-cfdc288456de,aggressive_vs_balanced,team2,8,10,18,3.34659481048584
2e6b260b-9a19-4433-8cab-124f5adb6d6f,opportunistic_vs_aggressive,team2,9,10,19,0.7602200508117676
164d127a-668f-41c5-9c09-fdb9f6a0b8f4,opportunistic_vs_aggressive,team1,10,6,16,1.4933013916015625
ead08f84-c1a3-4d75-b8e8-2ae20af8c7d1,conservative_vs_balanced,team2,6,10,16,5.6891233921051025
<<<<<<< HEAD
33244d15-775b-4329-8578-edc98f0d1950,conservative_vs_balanced,team1,10,8,18,2.9621741771698
=======
>>>>>>> notebook-branch
ba391b0d-95f2-4eef-ad9f-59caf2d6fe74,mixed_vs_mixed,team2,9,10,19,3.5397047996520996
ff7053c4-b240-4de4-a32c-d5c774a59081,mixed_vs_mixed,team2,6,10,16,2.0483808517456055
f96322bd-f912-4726-8183-700f8cf695bd,aggressive_vs_conservative,team1,10,7,17,4.170600891113281
71170867-acc1-47c2-9036-7370440f8ed8,aggressive_vs_balanced,team2,7,10,17,3.6793582439422607
b9ae8433-bed4-4e29-b88d-49b173a732f2,mixed_vs_mixed,team1,10,9,19,4.728665828704834
393230ab-10db-474e-8f96-28bb51f877cd,conservative_vs_balanced,team1,10,7,17,1.772789478302002
99e72d55-b169-410c-977b-24e8af04d56d,aggressive_vs_conservative,team1,10,4,14,2.4007678031921387
c75b20ad-e25b-4554-be89-2462be44fea2,opportunistic_vs_aggressive,team2,6,10,16,3.456038475036621
cda398a3-495b-4176-9934-23b3e42260be,aggressive_vs_balanced,team1,10,7,17,0.6801559925079346
f0dc468d-2f63-418b-b7ad-4fb2f17277e8,conservative_vs_balanced,team1,10,3,13,2.9774045944213867
f1753115-ddef-455b-90ec-455ff2216208,aggressive_vs_balanced,team1,10,6,16,0.7225849628448486
8b4060ec-ab50-4c45-90cb-79e87a599015,aggressive_vs_conservative,team1,10,7,17,5.309599876403809
ae734b03-cf46-492a-84b0-43d84abe0468,aggressive_vs_balanced,team1,10,9,19,0.8250653743743896
1692003a-d64d-4246-8bc0-4af7a4beea22,mixed_vs_mixed,team1,10,7,17,1.131173849105835
<<<<<<< HEAD
510d7af0-4449-4bcc-9058-46ce48fbabbf,conservative_vs_balanced,team2,8,10,18,4.265474557876587
=======
>>>>>>> notebook-branch
0a381b14-f8cf-4a87-a9e9-62c000571665,aggressive_vs_conservative,team1,10,7,17,6.674037456512451
a3952dc3-e599-4da0-b311-5605148d263d,opportunistic_vs_aggressive,team2,5,10,15,3.131122350692749
0f3d13ca-f1d2-4bd0-bb5b-9c53fc0304ad,aggressive_vs_conservative,team2,8,10,18,3.015789747238159
bd71e213-eca1-4d51-a93f-7d1d706a1b4e,mixed_vs_mixed,team2,9,10,19,2.2040157318115234
<<<<<<< HEAD
bc62c7e7-d59f-48f3-9bdf-d73fb7058a8b,aggressive_vs_balanced,team2,8,10,18,1.239858627319336
=======
>>>>>>> notebook-branch
e2a13158-b3ba-4915-8fc8-63cf7d49168c,conservative_vs_balanced,team1,10,9,19,4.279332399368286
f5fb5a67-5ba6-4957-9f40-d4a7d5072bf5,aggressive_vs_conservative,team1,10,7,17,5.0736939907073975
c8ec8339-5f44-46ae-ac9c-19cfa91532b0,mixed_vs_mixed,team1,10,8,18,2.314826488494873
1ee4724c-3910-4cae-a895-e1d370a51eb9,aggressive_vs_conservative,team1,10,7,17,0.9342482089996338
ff10926c-7e3b-4b81-9325-2afc032b2e4e,aggressive_vs_balanced,team2,5,10,15,1.0796287059783936
ddf1a867-2257-473a-95d3-c1480de4840d,aggressive_vs_conservative,team2,9,10,19,4.607140064239502
<<<<<<< HEAD
25eed7a3-6ccd-4906-acfc-d10842d0951a,aggressive_vs_conservative,team2,3,10,13,1.1068577766418457
209be8f6-1e8b-44b7-a78b-07c3aa7fdfb6,aggressive_vs_balanced,team2,4,10,14,1.831878662109375
269e01a6-91fb-447b-9dca-e8673bcb4a7f,conservative_vs_balanced,team2,7,10,17,5.720982074737549
5eede460-e133-4602-ab37-d1d83fe3fea1,aggressive_vs_balanced,team2,7,10,17,2.4066295623779297
f6f636fa-74fa-43c5-8b63-b3b89cfb80d7,aggressive_vs_conservative,team2,2,10,12,1.075061321258545
=======
209be8f6-1e8b-44b7-a78b-07c3aa7fdfb6,aggressive_vs_balanced,team2,4,10,14,1.831878662109375
269e01a6-91fb-447b-9dca-e8673bcb4a7f,conservative_vs_balanced,team2,7,10,17,5.720982074737549
5eede460-e133-4602-ab37-d1d83fe3fea1,aggressive_vs_balanced,team2,7,10,17,2.4066295623779297
>>>>>>> notebook-branch
89df4ba6-05f1-4841-8dbd-9dd80d766bf1,opportunistic_vs_aggressive,team1,10,6,16,2.9861392974853516
2fce6169-ccee-477d-889c-a40ad4b73f73,aggressive_vs_balanced,team1,10,9,19,0.8169870376586914
cbdde0b2-f2a3-4944-8702-266de669d37a,aggressive_vs_balanced,team2,5,10,15,3.5570108890533447
b939eed6-94a6-4bec-99d7-b8c2e878081c,conservative_vs_balanced,team1,10,7,17,4.673559665679932
1e5f67a7-5687-4d82-8678-9c36da41bba9,opportunistic_vs_aggressive,team1,10,9,19,6.664108514785767
f832e42f-dc4d-467c-8b47-e9b1614be0b4,conservative_vs_balanced,team1,10,7,17,1.7327768802642822
008281cb-e84d-469e-9530-b8380074c07a,aggressive_vs_balanced,team1,10,2,12,0.5303406715393066
d9b4bdf7-8841-473a-aba1-322314254e61,opportunistic_vs_aggressive,team1,10,8,18,1.2469420433044434
a1ba055d-706b-4cdf-8625-f3a6b561e591,aggressive_vs_conservative,team1,10,7,17,4.062225103378296
d5203862-9297-4963-8b59-01d73fae2d6b,conservative_vs_balanced,team1,10,7,17,9.030993700027466
2bd7603e-e472-4b66-ad4b-1de9d51cc45f,opportunistic_vs_aggressive,team1,10,3,13,1.024101972579956
6017330d-ae39-4715-b223-d8d80f6dade6,opportunistic_vs_aggressive,team2,8,10,18,2.0231311321258545
24ee4668-1afb-4a46-9853-2e699f47a7ab,aggressive_vs_balanced,team2,4,10,14,4.799790859222412
<<<<<<< HEAD
97160efe-fbd0-49cf-b022-4fd2c6667378,aggressive_vs_conservative,team2,7,10,17,2.5571908950805664
d75336d7-4bee-4071-8829-ae1581aa7209,mixed_vs_mixed,team2,9,10,19,3.598965644836426
a44c526b-a19e-4641-86d4-472a042b5996,aggressive_vs_conservative,team2,8,10,18,1.5052480697631836
18eb7d36-8b5d-4c2e-bdb8-06bf7d326805,conservative_vs_balanced,team1,10,8,18,3.8680355548858643
=======
d75336d7-4bee-4071-8829-ae1581aa7209,mixed_vs_mixed,team2,9,10,19,3.598965644836426
a44c526b-a19e-4641-86d4-472a042b5996,aggressive_vs_conservative,team2,8,10,18,1.5052480697631836
>>>>>>> notebook-branch
269ce0bf-1019-4efd-adf5-d8dd8905b3eb,aggressive_vs_conservative,team1,10,6,16,3.583266258239746
7362a768-fc48-429b-9557-88687682af4c,aggressive_vs_conservative,team1,10,7,17,3.1812829971313477
8579b1a8-a830-4eca-9de8-023d3ed9f1b9,conservative_vs_balanced,team1,10,9,19,3.2240893840789795
102a4dff-5d5f-49ab-ba8f-114b310e4dcc,mixed_vs_mixed,team1,10,7,17,0.597813606262207
3dc85d9e-76fc-42f2-aa8b-334d9ffa932c,opportunistic_vs_aggressive,team1,10,6,16,5.658102989196777
009447d2-705c-43b6-97f0-0af196be825d,conservative_vs_balanced,team2,6,10,16,3.0599050521850586
<<<<<<< HEAD
14173295-0932-4917-89ef-764b32174ad7,aggressive_vs_balanced,team2,7,10,17,3.024545907974243
9be65a71-6fc9-46a7-ba1a-e48a65795fd1,aggressive_vs_conservative,team1,10,8,18,2.8101861476898193
9059633a-c351-4eec-b857-0dc720e33a38,aggressive_vs_conservative,team2,7,10,17,3.3866240978240967
bd086535-6636-481b-b99b-d5e06bdc203a,aggressive_vs_conservative,team2,9,10,19,3.6341238021850586
2aeabdf5-d93e-4666-9b0a-f1a74f507a62,conservative_vs_balanced,team2,7,10,17,2.7945237159729004
=======
9be65a71-6fc9-46a7-ba1a-e48a65795fd1,aggressive_vs_conservative,team1,10,8,18,2.8101861476898193
9059633a-c351-4eec-b857-0dc720e33a38,aggressive_vs_conservative,team2,7,10,17,3.3866240978240967
>>>>>>> notebook-branch
84ed9676-0acf-4dbf-9043-0c6a6e89eaaa,aggressive_vs_conservative,team1,10,6,16,1.5055532455444336
27bfd7b2-4c9f-441c-8f91-ff10edb84dc2,opportunistic_vs_aggressive,team2,6,10,16,2.101886034011841
743affde-c6c0-4ba3-8c64-19d2c4998227,aggressive_vs_balanced,team2,8,10,18,3.1233372688293457
378c3e1c-c8dd-45e9-8ef2-63502655061f,aggressive_vs_conservative,team1,10,5,15,3.2426645755767822
aea4307e-31b0-480c-ad86-60f4feebd7d7,opportunistic_vs_aggressive,team1,10,8,18,1.28379487991333
150f729c-dd5a-4e71-9fb9-6b4400a74299,aggressive_vs_balanced,team2,8,10,18,3.799563407897949
<<<<<<< HEAD
a36f2b53-3593-4c5a-829d-d8d14941b192,aggressive_vs_conservative,team1,10,6,16,1.3772273063659668
a8f09e35-6b9f-47b4-86ef-30f0e327a91f,aggressive_vs_balanced,team1,10,7,17,1.1629586219787598
=======
>>>>>>> notebook-branch
8219947b-75bc-4893-aa29-759a373a69fe,mixed_vs_mixed,team1,10,8,18,1.6717536449432373
59681a71-7319-42f4-9035-f7f54e9b99f8,aggressive_vs_conservative,team2,7,10,17,6.785390615463257
32103fba-5814-4739-902d-45b600486222,aggressive_vs_conservative,team1,10,9,19,3.4733169078826904
9e5fe019-7810-491c-a88d-f36218c7c3e8,aggressive_vs_balanced,team1,10,6,16,1.3321568965911865
bf0b1f80-e685-4edc-9c73-719da51eaffc,aggressive_vs_conservative,team2,6,10,16,3.8616325855255127
8b319156-4211-4f15-a7b8-50fd5273114e,aggressive_vs_conservative,team1,10,2,12,1.8648695945739746
bb0a05b6-9d6f-413a-a24c-4996aec8c32f,conservative_vs_balanced,team1,10,9,19,5.144959449768066
5edc9a9b-2cee-4f71-bd94-abdbf509513e,aggressive_vs_conservative,team1,10,6,16,1.3918805122375488
909d55c2-d90a-4967-a58b-12b463b7940d,conservative_vs_balanced,team2,9,10,19,2.388460159301758
<<<<<<< HEAD
8bca9744-03eb-47ce-93c5-c5057e5042e0,aggressive_vs_balanced,team2,7,10,17,2.6119139194488525
5fe6038d-ce50-460a-8f5c-c6940d43fcd6,mixed_vs_mixed,team2,7,10,17,3.136911630630493
073a80c8-3264-4781-968e-50e2b0f2c5ee,conservative_vs_balanced,team2,9,10,19,3.841749906539917
02131f08-cb19-47b6-92f7-d831dcc81f0d,aggressive_vs_conservative,team1,10,4,14,1.2743809223175049
=======
5fe6038d-ce50-460a-8f5c-c6940d43fcd6,mixed_vs_mixed,team2,7,10,17,3.136911630630493
>>>>>>> notebook-branch
de5fb55b-e4a0-4857-b439-c9184ea66b97,aggressive_vs_balanced,team1,10,3,13,3.624777317047119
c11d7bb5-92df-4be6-8f7d-a128ee26e606,conservative_vs_balanced,team2,6,10,16,6.1527769565582275
48565404-bdec-423a-aeae-3ff2e8d9edca,opportunistic_vs_aggressive,team2,7,10,17,6.220407247543335
0bb95008-2673-406f-ad1c-79bacf3f80b8,conservative_vs_balanced,team1,10,9,19,4.579148054122925
<<<<<<< HEAD
58b56257-c90f-4a7d-ae2e-b2addfbf763f,conservative_vs_balanced,team2,4,10,14,2.268519401550293
0fdadf8b-85ea-4223-9a74-a8e80f87bd77,mixed_vs_mixed,team2,9,10,19,3.162585973739624
=======
>>>>>>> notebook-branch
261abde1-44c0-4908-a059-c6ecdf3ca9f2,mixed_vs_mixed,team2,6,10,16,0.6693706512451172
a3c2a65f-d742-490f-92a6-db627233cc82,conservative_vs_balanced,team1,10,4,14,3.1964657306671143
385b5ed5-8c4c-4a80-a03f-cb98cc26d189,opportunistic_vs_aggressive,team2,8,10,18,6.354928255081177
db8f3bd9-c36f-4647-9bee-7460974dbe09,aggressive_vs_conservative,team2,7,10,17,0.9072122573852539
5ed3bb5f-82d6-4388-9481-1a8485e9be0b,aggressive_vs_balanced,team1,10,6,16,3.239828586578369
<<<<<<< HEAD
583dd20a-7d53-4297-bf3b-c4cb1a89e8b3,opportunistic_vs_aggressive,team1,10,7,17,1.0886237621307373
a9dce7f8-69c2-4cf8-815c-6bf997fe29e2,conservative_vs_balanced,team1,10,7,17,6.491551637649536
d54c9e59-1c6f-4ceb-ac6c-ec12fea387d0,mixed_vs_mixed,team1,10,4,14,4.708481788635254
3df98f53-68d1-4485-ac86-d4fdeda3c8b8,aggressive_vs_conservative,team1,10,8,18,6.702897787094116
f29aa3c5-d5e5-4b9d-9bb9-9873d78dd07c,conservative_vs_balanced,team2,7,10,17,3.8671064376831055
62adbd46-59b9-454d-826b-2ea67bf6e4f8,opportunistic_vs_aggressive,team1,10,4,14,3.0996880531311035
41bc495a-3f34-4d68-ab29-6df7a5876b5e,opportunistic_vs_aggressive,team1,10,5,15,1.1254613399505615
e40dda05-72e7-4f0d-87c9-2a1937921040,aggressive_vs_balanced,team1,10,1,11,4.902143239974976
a8a7371f-c462-4675-905c-dc3e08e2b7f9,aggressive_vs_conservative,team2,8,10,18,2.6659252643585205
5ded9801-9583-419a-ba32-d7bad5c37a16,mixed_vs_mixed,team2,5,10,15,3.5975394248962402
24d0d873-5777-487f-aff5-9c9117affb9e,aggressive_vs_conservative,team2,7,10,17,3.4381906986236572
=======
a9dce7f8-69c2-4cf8-815c-6bf997fe29e2,conservative_vs_balanced,team1,10,7,17,6.491551637649536
d54c9e59-1c6f-4ceb-ac6c-ec12fea387d0,mixed_vs_mixed,team1,10,4,14,4.708481788635254
3df98f53-68d1-4485-ac86-d4fdeda3c8b8,aggressive_vs_conservative,team1,10,8,18,6.702897787094116
62adbd46-59b9-454d-826b-2ea67bf6e4f8,opportunistic_vs_aggressive,team1,10,4,14,3.0996880531311035
41bc495a-3f34-4d68-ab29-6df7a5876b5e,opportunistic_vs_aggressive,team1,10,5,15,1.1254613399505615
e40dda05-72e7-4f0d-87c9-2a1937921040,aggressive_vs_balanced,team1,10,1,11,4.902143239974976
5ded9801-9583-419a-ba32-d7bad5c37a16,mixed_vs_mixed,team2,5,10,15,3.5975394248962402
>>>>>>> notebook-branch
a41c9d73-15e6-40cb-aa7b-6941ab35149d,conservative_vs_balanced,team1,10,9,19,6.240202188491821
42e6ea9e-de48-4c31-8b4a-7f1a8ff94cc8,aggressive_vs_balanced,team2,9,10,19,5.196766138076782
8e6a1958-5c4c-4bfb-bc68-3852e054a8a7,opportunistic_vs_aggressive,team1,10,6,16,3.155325174331665
7ad5a54c-c5a4-42fa-9fa6-61abfd7134c0,conservative_vs_balanced,team2,7,10,17,8.967354536056519
<<<<<<< HEAD
7d65fecb-a431-423e-bae3-8bca132450a4,mixed_vs_mixed,team2,5,10,15,2.0233399868011475
38ec5655-41af-4d8d-89ea-0919108128fb,opportunistic_vs_aggressive,team1,10,9,19,2.2173304557800293
ad19152a-39b2-4c0e-8a08-3f2024130bd4,aggressive_vs_conservative,team2,9,10,19,3.3472206592559814
12d60cc4-2fc9-43d5-b0d7-04a0ab4fbb92,aggressive_vs_balanced,team1,10,7,17,1.1585018634796143
38ccfc4a-ad1c-4225-8d08-d6d9aab7329b,aggressive_vs_conservative,team2,9,10,19,6.5078041553497314
2bc41302-3e8c-403e-838d-22b494b1e2be,opportunistic_vs_aggressive,team1,10,6,16,4.643567323684692
c4db084c-38f3-46ae-bb50-a0f98636408c,conservative_vs_balanced,team1,10,6,16,3.4814279079437256
=======
38ec5655-41af-4d8d-89ea-0919108128fb,opportunistic_vs_aggressive,team1,10,9,19,2.2173304557800293
12d60cc4-2fc9-43d5-b0d7-04a0ab4fbb92,aggressive_vs_balanced,team1,10,7,17,1.1585018634796143
38ccfc4a-ad1c-4225-8d08-d6d9aab7329b,aggressive_vs_conservative,team2,9,10,19,6.5078041553497314
2bc41302-3e8c-403e-838d-22b494b1e2be,opportunistic_vs_aggressive,team1,10,6,16,4.643567323684692
>>>>>>> notebook-branch
73a1684f-51af-4fdf-ae94-adaafb69661e,mixed_vs_mixed,team1,10,5,15,1.8063247203826904
5cc9934f-6aa3-4863-9452-b7f2032be73b,aggressive_vs_balanced,team2,8,10,18,3.0584869384765625
246dd757-dc5f-4795-8014-1a589d53e1e5,conservative_vs_balanced,team1,10,2,12,1.3501856327056885
2248f35e-770a-4c15-9905-d25e87a3f9ac,aggressive_vs_conservative,team2,9,10,19,1.5992648601531982
14bcdc22-7e40-4e91-bebb-45bbef8d349c,conservative_vs_balanced,team2,4,10,14,8.648760318756104
1f44d281-1d9a-46bf-af4d-f58decbf99c6,aggressive_vs_conservative,team1,10,4,14,0.7880926132202148
132b1559-caca-4e37-ab10-b1653516a77a,aggressive_vs_conservative,team1,10,8,18,4.059753656387329
<<<<<<< HEAD
14bb296c-f136-4240-bc96-3b397bffb9f4,aggressive_vs_conservative,team1,10,9,19,2.4644649028778076
dd044970-7fcd-425d-9f06-8f84fc127267,conservative_vs_balanced,team1,10,5,15,1.3492302894592285
7e0cd9d5-30a2-4149-b091-706e5edec7f1,conservative_vs_balanced,team1,10,7,17,2.773306369781494
1ce21c55-0e7e-401d-8fa7-337529d269d8,mixed_vs_mixed,team2,9,10,19,2.5722644329071045
66b02c8d-8dee-41fe-87fe-fcc0a4c572fd,conservative_vs_balanced,team1,10,6,16,1.6512470245361328
2557a84e-e9d5-4979-aa2e-ce5033a1184f,mixed_vs_mixed,team2,8,10,18,2.3757638931274414
e8b386b6-797c-4d54-8da4-f0443c31c5fc,aggressive_vs_conservative,team1,10,6,16,2.682459831237793
91f6e292-6fc6-4361-886b-b47b20f517da,aggressive_vs_conservative,team1,10,7,17,3.4823410511016846
f89f9b74-3ada-40cb-a419-3c3e49213ddc,opportunistic_vs_aggressive,team2,7,10,17,1.157538652420044
073bdd86-56f8-475a-ab7d-ea6a08719550,mixed_vs_mixed,team2,8,10,18,3.090358018875122
7821d6c9-f2e2-422c-ab2b-6d6db1a8dfc1,conservative_vs_balanced,team2,4,10,14,5.866810321807861
6a6ee473-680d-4283-ad14-923ac222d6a6,aggressive_vs_conservative,team1,10,9,19,2.760103940963745
=======
1ce21c55-0e7e-401d-8fa7-337529d269d8,mixed_vs_mixed,team2,9,10,19,2.5722644329071045
66b02c8d-8dee-41fe-87fe-fcc0a4c572fd,conservative_vs_balanced,team1,10,6,16,1.6512470245361328
2557a84e-e9d5-4979-aa2e-ce5033a1184f,mixed_vs_mixed,team2,8,10,18,2.3757638931274414
91f6e292-6fc6-4361-886b-b47b20f517da,aggressive_vs_conservative,team1,10,7,17,3.4823410511016846
7821d6c9-f2e2-422c-ab2b-6d6db1a8dfc1,conservative_vs_balanced,team2,4,10,14,5.866810321807861
>>>>>>> notebook-branch
b052be69-a7a8-47b6-bb47-f3a96fb06bde,opportunistic_vs_aggressive,team2,6,10,16,1.2728183269500732
b4c5e934-c588-4fb3-a409-c8e454e5c631,conservative_vs_balanced,team2,9,10,19,3.6532046794891357
99459694-6c8f-4f37-bc4e-63d7231d0474,mixed_vs_mixed,team2,3,10,13,0.9639673233032227
01993b15-5de9-448d-9443-c89912cb38da,aggressive_vs_balanced,team2,4,10,14,3.4660985469818115
4fdc281f-cab6-4ff3-8344-47b30e4ae7cd,aggressive_vs_balanced,team2,6,10,16,1.1148788928985596
d3488d8b-e492-4b93-8542-72568e2551ac,aggressive_vs_balanced,team1,10,9,19,2.380366802215576
1a6849ef-1dc7-4a84-921e-08c40f34433b,opportunistic_vs_aggressive,team1,10,5,15,5.596598386764526
cab9b8f5-8aa8-4965-b1ff-c42b6a9f4bff,mixed_vs_mixed,team2,5,10,15,2.9669573307037354
500a6397-a38e-4d82-b573-56f248b1811a,mixed_vs_mixed,team1,10,4,14,5.4076762199401855
<<<<<<< HEAD
b51306a9-64e0-4cf1-841d-acde9c4ed82a,aggressive_vs_conservative,team1,10,9,19,3.5785772800445557
91618dcc-1e02-4844-af8d-e2ba38272003,aggressive_vs_balanced,team2,7,10,17,3.0863711833953857
1972912f-38cb-4a1d-9a04-26433433cacf,mixed_vs_mixed,team2,4,10,14,2.9015142917633057
655443fb-9007-43bc-a420-64333e90915e,opportunistic_vs_aggressive,team1,10,9,19,1.1503069400787354
3e696a31-b629-4968-ab97-54714b93c248,conservative_vs_balanced,team1,10,5,15,1.3441963195800781
bb411ba6-bc00-4981-8dc2-00755624aff3,conservative_vs_balanced,team2,8,10,18,3.9799997806549072
=======
1972912f-38cb-4a1d-9a04-26433433cacf,mixed_vs_mixed,team2,4,10,14,2.9015142917633057
655443fb-9007-43bc-a420-64333e90915e,opportunistic_vs_aggressive,team1,10,9,19,1.1503069400787354
>>>>>>> notebook-branch
3e4a1d27-666c-49d4-a9df-3ad3655218b2,conservative_vs_balanced,team1,10,5,15,5.687580108642578
0dc48076-c5bb-4d8f-89cc-436c4ec494a5,opportunistic_vs_aggressive,team2,9,10,19,2.3330657482147217
4e02772c-f78b-490c-b2ef-a5d9ed322005,aggressive_vs_conservative,team1,10,9,19,3.469555139541626
1d2fcd49-846d-4a46-a844-7913de3b7a97,aggressive_vs_balanced,team2,5,10,15,1.0458776950836182
7b79ee90-9de0-4f24-9fae-29ec87c180b0,aggressive_vs_conservative,team2,4,10,14,0.7414789199829102
<<<<<<< HEAD
0ab9ec12-8e04-4c24-8e4b-b79e50dcf764,opportunistic_vs_aggressive,team1,10,7,17,2.6392221450805664
=======
>>>>>>> notebook-branch
9d3c0795-a2ce-4656-917c-b92e6dcb548a,aggressive_vs_conservative,team2,8,10,18,1.573171615600586
add10f81-f83d-4dec-9a8a-8cbce46b0dee,opportunistic_vs_aggressive,team2,3,10,13,2.7676591873168945
75b0a710-9f2c-44dd-a699-1ca9cceb8dfb,opportunistic_vs_aggressive,team2,5,10,15,1.940469741821289
477fffcc-d364-4ff9-9c30-a648802ff3e7,mixed_vs_mixed,team2,7,10,17,4.145279884338379
2478ce8d-4b47-44e0-8bbf-c0d39e0544cb,aggressive_vs_conservative,team1,10,5,15,1.4321725368499756
7fe142ed-3e90-4bb5-a8cf-dc7d7eb72f0b,aggressive_vs_conservative,team2,5,10,15,1.2731785774230957
9f5d6606-4175-499c-8f90-4dc45c619493,conservative_vs_balanced,team1,10,6,16,4.039963245391846
f4604f72-bc69-4f2f-bf71-0b9d3b3fa54e,aggressive_vs_conservative,team1,10,3,13,0.7729718685150146
ea4ad661-11f6-433b-9382-11179588e78d,mixed_vs_mixed,team2,5,10,15,1.0916337966918945
a39ab02f-2079-4e6d-bf24-c79420b929e6,aggressive_vs_conservative,team1,10,5,15,4.27195930480957
27723877-cccc-4954-9a6b-68e2d5741e79,opportunistic_vs_aggressive,team2,8,10,18,6.693197727203369
1bc7ffb2-3d75-460b-80a8-49940d234b60,mixed_vs_mixed,team2,6,10,16,3.1494648456573486
<<<<<<< HEAD
ba4f0f1f-dc7a-4eae-a55f-1427f7df5b53,conservative_vs_balanced,team1,10,7,17,1.5689926147460938
9bc15259-537b-4379-aed7-dd7a2d50ba15,aggressive_vs_conservative,team1,10,3,13,3.2846219539642334
54d7d5e3-afbc-498f-bb0f-1747db200ae2,aggressive_vs_balanced,team2,7,10,17,3.6883599758148193
75c323c7-e458-41d0-86de-47e5ed1f7487,conservative_vs_balanced,team2,9,10,19,0.9402973651885986
568aa1d2-fd1f-4f81-81e6-5aee26738b68,aggressive_vs_conservative,team2,8,10,18,3.354081153869629
606a28f9-6d57-4e8a-ab2f-7dd173bab341,mixed_vs_mixed,team1,10,8,18,6.081841707229614
a6a521d4-4e2c-447f-8d91-412e872cc9fb,aggressive_vs_balanced,team2,9,10,19,2.0196878910064697
9eb74845-5b16-4c1a-8957-5a85992fcede,mixed_vs_mixed,team1,10,5,15,3.119753360748291
f00fe88f-bd9e-4205-85ca-f21d3547f3e1,conservative_vs_balanced,team1,10,6,16,3.7673215866088867
ae577672-430e-4c68-a306-987798cd5c9c,opportunistic_vs_aggressive,team2,8,10,18,2.753967761993408
cff28de4-6c95-4b8d-af8a-d49b82b72bd9,aggressive_vs_balanced,team1,10,9,19,1.3647098541259766
=======
54d7d5e3-afbc-498f-bb0f-1747db200ae2,aggressive_vs_balanced,team2,7,10,17,3.6883599758148193
75c323c7-e458-41d0-86de-47e5ed1f7487,conservative_vs_balanced,team2,9,10,19,0.9402973651885986
606a28f9-6d57-4e8a-ab2f-7dd173bab341,mixed_vs_mixed,team1,10,8,18,6.081841707229614
a6a521d4-4e2c-447f-8d91-412e872cc9fb,aggressive_vs_balanced,team2,9,10,19,2.0196878910064697
9eb74845-5b16-4c1a-8957-5a85992fcede,mixed_vs_mixed,team1,10,5,15,3.119753360748291
ae577672-430e-4c68-a306-987798cd5c9c,opportunistic_vs_aggressive,team2,8,10,18,2.753967761993408
>>>>>>> notebook-branch
6045d742-41cb-4393-9e9f-80e03783ac7f,aggressive_vs_conservative,team2,8,10,18,3.5612478256225586
92c85d06-173f-4c0a-99a7-c0bd78cf9b47,aggressive_vs_conservative,team1,10,7,17,2.861126184463501
6eaf08c3-a92e-44f4-a5d5-9c14ed3033ad,conservative_vs_balanced,team1,10,8,18,3.282005548477173
6f7f2f10-21b5-43f9-bbba-32c69195b897,mixed_vs_mixed,team1,10,9,19,2.5925612449645996
f8439ac5-2af8-413a-ad5b-52df8ff02bd0,conservative_vs_balanced,team2,9,10,19,2.7531557083129883
<<<<<<< HEAD
25cafa1e-8c73-4fa6-b1b8-73e0fce78341,aggressive_vs_balanced,team2,0,10,10,2.450828790664673
fd06cfaf-ec62-4d26-a2e3-ad7c9bee49a9,opportunistic_vs_aggressive,team2,8,10,18,1.8357784748077393
3e926d78-6782-483b-963d-d1ec61d30f74,conservative_vs_balanced,team2,5,10,15,3.9864871501922607
=======
>>>>>>> notebook-branch
2c6c6aa0-0d1e-4e19-8523-df0d341af6b6,conservative_vs_balanced,team2,8,10,18,3.2864010334014893
6225b7d8-0367-4e66-b2dc-ddb7821f4e98,aggressive_vs_conservative,team1,10,7,17,4.766587972640991
66f151c2-3247-49da-a348-270687421bb0,mixed_vs_mixed,team1,10,5,15,5.848757743835449
761121ae-6bef-48f0-93fa-b936688099a6,mixed_vs_mixed,team1,10,2,12,3.8418362140655518
d98ba76e-bed5-4166-a4bf-c7ead3e7fafe,aggressive_vs_balanced,team1,10,5,15,5.6716179847717285
4db1ea19-2360-4f68-8e38-ab96892dc96c,mixed_vs_mixed,team1,10,2,12,0.8927738666534424
01bca0f6-49f7-4cae-ae3e-0cf25ce3eec5,aggressive_vs_conservative,team2,8,10,18,6.301979303359985
909249d1-9c61-48dd-b409-f21678b7d785,mixed_vs_mixed,team1,10,8,18,1.3121933937072754
<<<<<<< HEAD
5a57b4dc-9cc5-4eb7-8617-ebb2ba341f17,aggressive_vs_balanced,team2,8,10,18,3.0180397033691406
=======
>>>>>>> notebook-branch
8814416a-e0c7-4fa3-9921-0975903f8ba8,opportunistic_vs_aggressive,team1,10,9,19,1.334517240524292
121ea32e-899e-4288-948d-8b288901cfdd,opportunistic_vs_aggressive,team1,10,9,19,3.475001096725464
7b02552f-358d-4f9e-9878-1cbecc0f375e,aggressive_vs_conservative,team1,10,7,17,2.5770416259765625
2a627039-adcd-47c2-924f-2839467bf2da,aggressive_vs_conservative,team2,6,10,16,6.5168516635894775
<<<<<<< HEAD
555a3afb-9d34-40b5-a32f-f25bd7902fbc,aggressive_vs_balanced,team2,6,10,16,1.715080976486206
c9a20c0a-c3ce-4edb-abda-ce3cecce04fa,aggressive_vs_conservative,team1,10,7,17,4.916199445724487
0050f6ea-8e20-4359-a6cb-c017372c977e,opportunistic_vs_aggressive,team2,8,10,18,4.218288421630859
aa431c31-fd5e-4886-adce-376c993e1d40,mixed_vs_mixed,team2,4,10,14,5.446604013442993
1e8540fb-c5ba-4318-b14c-4c56e84e106c,conservative_vs_balanced,team2,6,10,16,2.5572965145111084
=======
c9a20c0a-c3ce-4edb-abda-ce3cecce04fa,aggressive_vs_conservative,team1,10,7,17,4.916199445724487
0050f6ea-8e20-4359-a6cb-c017372c977e,opportunistic_vs_aggressive,team2,8,10,18,4.218288421630859
aa431c31-fd5e-4886-adce-376c993e1d40,mixed_vs_mixed,team2,4,10,14,5.446604013442993
>>>>>>> notebook-branch
e6143138-850d-447f-a5b8-774b3b828a22,aggressive_vs_conservative,team2,4,10,14,4.510765075683594
51c95077-db71-4fdf-a959-6226058b6fa5,conservative_vs_balanced,team1,10,6,16,1.4577109813690186
ab108b9f-135c-4eef-9599-100264d67215,mixed_vs_mixed,team2,4,10,14,3.148937702178955
0c86193c-2733-4673-a2ac-d5506f9f9246,aggressive_vs_balanced,team2,5,10,15,5.404923677444458
72edd96c-8019-42ec-8037-a92ab949a177,aggressive_vs_balanced,team2,9,10,19,1.4193744659423828
0e51ef84-d1a7-4bd3-8432-2d6737c0ef8b,opportunistic_vs_aggressive,team2,9,10,19,0.7554724216461182
261b2423-64b5-4653-a41e-577515736c0f,aggressive_vs_conservative,team2,9,10,19,4.299781322479248
6df0f5d6-4cec-40d6-b250-81fcfbfcbc24,opportunistic_vs_aggressive,team2,7,10,17,1.1063001155853271
67e3484e-ff60-474c-bec6-06f01f54289e,opportunistic_vs_aggressive,team1,10,8,18,6.458727598190308
14efbe23-2c40-4f91-8ee8-e412ca83fca3,mixed_vs_mixed,team2,9,10,19,6.498193025588989
7eca795c-3538-4cd9-9254-077e56a80f8c,aggressive_vs_balanced,team2,3,10,13,4.173641920089722
ff2cda50-cfd8-42c5-8683-9fbc809140b6,conservative_vs_balanced,team1,10,7,17,1.606308937072754
98572dd2-ad6a-4ac7-bf3f-a947f64a5ccc,conservative_vs_balanced,team1,10,6,16,7.204919338226318
7c0f1c82-6837-4137-a0f3-72c6b1075445,mixed_vs_mixed,team1,10,9,19,2.5247626304626465
52d46c2e-85e0-4a16-8ed3-06b3ed056c4d,mixed_vs_mixed,team2,8,10,18,3.429469585418701
<<<<<<< HEAD
9ee38e4a-a2b9-4966-ae6d-c0f73ae5e398,mixed_vs_mixed,team1,10,4,14,1.108745813369751
9163c699-624c-4da2-9561-cc4809690df9,aggressive_vs_conservative,team2,8,10,18,1.506091833114624
=======
>>>>>>> notebook-branch
f2047be9-d980-4cd6-b9af-6b9171c1a348,aggressive_vs_conservative,team2,3,10,13,2.157702684402466
43a1ee3e-c71e-4b66-94b6-88bd93a23660,aggressive_vs_conservative,team2,2,10,12,1.0605263710021973
1335bfed-12c3-4380-90f9-8e038d8f3af7,opportunistic_vs_aggressive,team2,7,10,17,3.1116750240325928
e29a6577-77cb-4ee7-ab7f-ce79f975de71,aggressive_vs_balanced,team2,6,10,16,3.5898749828338623
5dfdb1ae-9edb-45f6-888a-9ab2350a63fe,aggressive_vs_balanced,team2,9,10,19,5.524350881576538
<<<<<<< HEAD
5725723d-49dc-4f13-ac8b-c31a8ef074d5,opportunistic_vs_aggressive,team1,10,9,19,3.0069222450256348
2b437b9e-3898-4b5f-8cae-155754746603,aggressive_vs_conservative,team1,10,2,12,3.5513579845428467
465d9cc5-8156-4fc1-a7e7-f937ae8c3ef7,aggressive_vs_balanced,team1,10,7,17,2.7210748195648193
033d40ef-0fad-413a-8a9b-0e419bbf199b,conservative_vs_balanced,team2,6,10,16,1.3287458419799805
=======
2b437b9e-3898-4b5f-8cae-155754746603,aggressive_vs_conservative,team1,10,2,12,3.5513579845428467
465d9cc5-8156-4fc1-a7e7-f937ae8c3ef7,aggressive_vs_balanced,team1,10,7,17,2.7210748195648193
>>>>>>> notebook-branch
d179177b-de65-4e8d-9bb1-c90037e48f2d,opportunistic_vs_aggressive,team2,9,10,19,5.2830235958099365
fd21769e-3b5d-4a3c-9a75-0781421fcba4,conservative_vs_balanced,team2,6,10,16,3.2135231494903564
9ce6b48d-288a-4a81-876a-447b82d858d3,aggressive_vs_conservative,team2,7,10,17,3.736389636993408
21fcdf2e-502d-4d5f-a220-f8bdc4e8008c,mixed_vs_mixed,team2,2,10,12,5.545344114303589
7231eb51-dfc1-410b-9695-768cb39072a9,opportunistic_vs_aggressive,team2,8,10,18,5.647590160369873
fd327cdb-6bca-4e4a-b074-71edb34a6e0f,conservative_vs_balanced,team1,10,7,17,1.7685911655426025
d760bec3-9a86-474b-93b6-cf27bff9e113,conservative_vs_balanced,team1,10,5,15,4.631697654724121
338d08e6-1f02-40e5-adfc-3ca7b8d4dcb1,mixed_vs_mixed,team1,10,3,13,1.718623161315918
69827be2-8f51-46da-8c07-e1092cf3b322,mixed_vs_mixed,team2,3,10,13,0.9827687740325928
7de98b07-d406-4eee-8113-f8807ffec23e,mixed_vs_mixed,team1,10,6,16,2.0401597023010254
78bd0987-028c-4a9b-9e0d-a10f8aaa43bd,aggressive_vs_balanced,team2,7,10,17,2.8560428619384766
5f1dbe4c-7b66-4323-b20d-e44598c3db66,mixed_vs_mixed,team2,5,10,15,2.475170373916626
885826c9-aafe-47a8-a772-667c66d42ab7,opportunistic_vs_aggressive,team1,10,6,16,1.2883033752441406
35aa02cf-85a0-43f3-ae57-580294cf06d7,aggressive_vs_balanced,team1,10,7,17,1.7849335670471191
afdcc012-9b0b-47ec-99fb-43cc9815233a,opportunistic_vs_aggressive,team1,10,9,19,2.166154146194458
02ab7879-e5ba-442d-ace0-8e19514a2779,aggressive_vs_conservative,team2,6,10,16,5.763564586639404
<<<<<<< HEAD
6cdfce01-ec98-4ede-89ec-1fbda196da8d,opportunistic_vs_aggressive,team1,10,3,13,0.8686139583587646
cb217c98-f546-49ce-80b4-4762971cb41f,aggressive_vs_balanced,team1,10,6,16,4.001277208328247
366120bc-e5c4-426a-9764-b61242d2de05,aggressive_vs_conservative,team2,3,10,13,3.558885097503662
c6ce1e96-bcc2-4bde-a35d-8a8a9cd3df65,opportunistic_vs_aggressive,team2,8,10,18,2.609851598739624
3a41b9a6-55b3-451b-aaa0-b67e725cb1c6,conservative_vs_balanced,team2,9,10,19,1.8221228122711182
7008cc97-a73d-4939-91c6-94623d3fca07,aggressive_vs_balanced,team2,6,10,16,1.6492798328399658
6a7f931c-11e8-4bea-bdf2-3e29f0a0db9d,aggressive_vs_balanced,team1,10,2,12,0.7749176025390625
c87a6d10-d8d0-424f-bcbb-e21ce0f3f60c,opportunistic_vs_aggressive,team2,3,10,13,1.5607821941375732
9034c95f-0d2c-43da-9171-a73a35a6cb4f,aggressive_vs_conservative,team2,5,10,15,2.637094020843506
736d3ce4-f298-4be6-befb-3b507553e418,mixed_vs_mixed,team2,5,10,15,6.282571077346802
06c832e8-1c0c-43a8-a66b-a86b329433f3,aggressive_vs_conservative,team1,10,9,19,2.512317419052124
=======
cb217c98-f546-49ce-80b4-4762971cb41f,aggressive_vs_balanced,team1,10,6,16,4.001277208328247
366120bc-e5c4-426a-9764-b61242d2de05,aggressive_vs_conservative,team2,3,10,13,3.558885097503662
3a41b9a6-55b3-451b-aaa0-b67e725cb1c6,conservative_vs_balanced,team2,9,10,19,1.8221228122711182
7008cc97-a73d-4939-91c6-94623d3fca07,aggressive_vs_balanced,team2,6,10,16,1.6492798328399658
6a7f931c-11e8-4bea-bdf2-3e29f0a0db9d,aggressive_vs_balanced,team1,10,2,12,0.7749176025390625
736d3ce4-f298-4be6-befb-3b507553e418,mixed_vs_mixed,team2,5,10,15,6.282571077346802
>>>>>>> notebook-branch
ae4b6522-9147-43a6-bb08-5077b8d584a5,aggressive_vs_conservative,team2,7,10,17,3.7295687198638916
c1173897-b44e-4f6c-bc7d-cedb46d5a5c9,aggressive_vs_conservative,team1,10,1,11,0.6838099956512451
